2024,Neurocomputing,"Training and meta-training an ensemble of binary neural networks with quantum computing.",Daivid Leal; Israel F. Araujo; Adenilton J. da Silva,https://doi.org/10.1016/j.neucom.2023.127169,null,J,no_arxiv,0
2024,Neurocomputing,"Quantum variational distance-based centroid classifier.",Nicolas M. de Oliveira; Daniel K. Park; Israel F. Araujo; Adenilton J. da Silva,https://doi.org/10.1016/j.neucom.2024.127356,null,J,no_arxiv,0
2020,Neurocomputing,"Parametric Probabilistic Quantum Memory.",Rodrigo S. Sousa; Priscila G. M. dos Santos; Tiago Mendonça Lucena de Veras; Wilson Rosa de Oliveira; Adenilton J. da Silva,https://doi.org/10.1016/j.neucom.2020.01.116,null,J,http://arxiv.org/abs/2001.04798v1,0
2020,IEEE Trans. Neural Netw. Learn. Syst.,"Implementing Any Nonlinear Quantum Neuron.",Fernando M. de Paula Neto; Teresa Bernarda Ludermir; Wilson Rosa de Oliveira; Adenilton J. da Silva,https://doi.org/10.1109/TNNLS.2019.2938899,top,J,no_arxiv,0
2019,Neurocomputing,"Quantum probabilistic associative memory architecture.",Fernando M. de Paula Neto; Adenilton J. da Silva; Wilson Rosa de Oliveira; Teresa Bernarda Ludermir,https://doi.org/10.1016/j.neucom.2019.03.078,null,J,no_arxiv,0
2024,IEEE TCAD,"Low-Rank Quantum State Preparation.",Israel F. Araujo; Carsten Blank; Ismael C. S. Araujo; Adenilton J. da Silva,https://doi.org/10.1109/TCAD.2023.3297972,null,J,no_arxiv,0
2024,IEEE TCAD,"Circuit Decomposition of Multicontrolled Special Unitary Single-Qubit Gates.",Rafaella Vale; Thiago Melo D. Azevedo; Ismael C. S. Araujo; Israel F. Araujo; Adenilton J. da Silva,https://doi.org/10.1109/TCAD.2023.3327102,null,J,no_arxiv,0
2021,IEEE Trans. Computers,"Circuit-Based Quantum Random Access Memory for Classical Data With Continuous Amplitudes.",Tiago Mendonça Lucena de Veras; Ismael C. S. de Araujo; Daniel K. Park; Adenilton J. da Silva,https://doi.org/10.1109/TC.2020.3037932,null,J,no_arxiv,0
