2022,Engineering Appl. of AI,"Exploring fuzzy set consensus analysis in IoT resource ranking.",Lizandro de Souza Oliveira; Amanda Argou; Renato Dilli; Adenauer C. Yamin; Renata Reiser; Benjamín R. C. Bedregal,https://doi.org/10.1016/j.engappai.2021.104617,null,J,no_arxiv,0
2022,Fuzzy Sets and Systems,"Interval-valued Fuzzy Logic approach for overloaded hosts in consolidation of virtual machines in cloud computing.",Bruno M. P. Moura; Guilherme Bayer Schneider; Adenauer C. Yamin; Hélida S. Santos; Renata H. S. Reiser; Benjamín R. C. Bedregal,https://doi.org/10.1016/j.fss.2021.03.001,null,J,no_arxiv,0
2020,Neurocomputing,"State-of-the-art quantum computing simulators: Features, optimizations, and improvements for D-GM.",Anderson Braga de Avila; Renata H. S. Reiser; Maurício L. Pilla; Adenauer C. Yamin,https://doi.org/10.1016/j.neucom.2019.01.118,null,J,no_arxiv,0
2019,IST,"State of the art in hybrid strategies for context reasoning: A systematic literature review.",Roger da Silva Machado; Ricardo Borges Almeida; Ana Marilza Pernas; Adenauer C. Yamin,https://doi.org/10.1016/j.infsof.2019.01.010,null,J,no_arxiv,0
2019,IST,"A distributed event-driven architectural model based on situational awareness applied on internet of things.",Ricardo Borges Almeida; Victor Renan Covalski Junes; Roger da Silva Machado; Diórgenes Yuri Leal da Rosa; Lucas Medeiros Donato; Adenauer Corrêa Yamin; Ana Marilza Pernas,https://doi.org/10.1016/j.infsof.2019.04.001,null,J,no_arxiv,0
