2024,Int. J. Approx. Reasoning,"-IvE methodology: Admissible interleaving entropy methods applied to video streaming traffic classification.",Lidiane Costa da Silva; Eduardo Maroñas Monks; Adenauer Corrêa Yamin; Renata Reiser; Benjamín René Callejas Bedregal,https://doi.org/10.1016/j.ijar.2023.109061,null,J,no_arxiv,0
2022,Engineering Appl. of AI,"Exploring fuzzy set consensus analysis in IoT resource ranking.",Lizandro de Souza Oliveira; Amanda Argou; Renato Dilli; Adenauer C. Yamin; Renata Reiser; Benjamín R. C. Bedregal,https://doi.org/10.1016/j.engappai.2021.104617,null,J,no_arxiv,0
2022,Fuzzy Sets and Systems,"Interval-valued Fuzzy Logic approach for overloaded hosts in consolidation of virtual machines in cloud computing.",Bruno M. P. Moura; Guilherme Bayer Schneider; Adenauer C. Yamin; Hélida S. Santos; Renata H. S. Reiser; Benjamín R. C. Bedregal,https://doi.org/10.1016/j.fss.2021.03.001,null,J,no_arxiv,0
2020,Neurocomputing,"State-of-the-art quantum computing simulators: Features, optimizations, and improvements for D-GM.",Anderson Braga de Avila; Renata H. S. Reiser; Maurício L. Pilla; Adenauer C. Yamin,https://doi.org/10.1016/j.neucom.2019.01.118,null,J,no_arxiv,0
2024,Future Generation CS,"VISO approach: A socialization proposal for the Internet of Things objects.",Leandro da Silva Camargo; J. F. Pauletti; Ana Marilza Pernas; Adenauer C. Yamin,https://doi.org/10.1016/j.future.2023.09.009,null,J,no_arxiv,0
