2018,NAACL-HLT,"Automated Essay Scoring in the Presence of Biased Ratings.",Evelin Amorim; Márcia Cançado; Adriano Veloso,https://doi.org/10.18653/v1/n18-1021,null,C,no_arxiv,0
2018,BigData,"Dynamic Prediction of ICU Mortality Risk Using Domain Adaptation.",Tiago Alves 0002; Alberto H. F. Laender; Adriano Veloso; Nivio Ziviani,https://doi.org/10.1109/BigData.2018.8621927,null,C,no_arxiv,0
2021,ICWSM,"Assessing Media Bias in Cross-Linguistic and Cross-National Populations.",Allan Sales; Albin Zehe; Leandro Balby Marinho; Adriano Veloso; Andreas Hotho; Janna Omeliyanenko,https://ojs.aaai.org/index.php/ICWSM/article/view/18084,null,C,no_arxiv,0
2019,WebSci,"Explainable Machine Learning for Fake News Detection.",Julio C. S. Reis; André Correia; Fabricio Murai; Adriano Veloso; Fabrício Benevenuto,https://doi.org/10.1145/3292522.3326027,null,C,no_arxiv,0
2018,Inf. Retr. Journal.,"Website replica detection with distant supervision.",Cristiano R. de Carvalho; Edleno Silva de Moura; Adriano Veloso; Nivio Ziviani,https://doi.org/10.1007/s10791-017-9320-z,null,J,no_arxiv,0
