2021,Expert Systems Appl.,"On novelty detection for multi-class classification using non-linear metric learning.",Samuel Rocha Silva; Thales Vieira; Dimas Martínez Morera; Afonso Paiva 0001,https://doi.org/10.1016/j.eswa.2020.114193,null,J,no_arxiv,0
2023,Computers & Graphics,"Surface reconstruction method for particle-based fluids using discrete indicator functions.",Filomen Incahuanaco; Afonso Paiva 0001,https://doi.org/10.1016/j.cag.2023.05.015,null,J,no_arxiv,0
2022,Computers & Graphics,"Region reconstruction with the sphere-of-influence diagram.",Luiz Henrique de Figueiredo; Afonso Paiva 0001,https://doi.org/10.1016/j.cag.2022.08.002,null,J,no_arxiv,0
2022,Computer Graphics Forum,"Narrow-Band Screen-Space Fluid Rendering.",Felipe Oliveira; Afonso Paiva 0001,https://doi.org/10.1111/cgf.14510,null,J,no_arxiv,0
2021,IEEE TVCG,"CrimAnalyzer: Understanding Crime Patterns in São Paulo.",Germain Garcia Zanabria; Jaqueline Silveira; Jorge Poco; Afonso Paiva 0001; Marcelo Batista Nery; Cláudio T. Silva; Sergio Adorno; Luis Gustavo Nonato,https://doi.org/10.1109/TVCG.2019.2947515,top,J,no_arxiv,0
2020,ACM TOG,"RBF liquids: an adaptive PIC solver using RBF-FD.",Rafael Umino Nakanishi; Filipe de Carvalho Nascimento; Rafael Campos; Paulo A. Pagliosa; Afonso Paiva 0001,https://doi.org/10.1145/3414685.3417794,top,J,no_arxiv,0
2019,Computers & Graphics,"Boundary particle resampling for surface reconstruction in liquid animation.",Marcos Sandim; Nicolas Oe; Douglas Cedrim; Paulo A. Pagliosa; Afonso Paiva 0001,https://doi.org/10.1016/j.cag.2019.08.011,null,J,no_arxiv,0
2019,IEEE TIP,"Vessel Optimal Transport for Automated Alignment of Retinal Fundus Images.",Danilo Motta; Wallace Casaca; Afonso Paiva 0001,https://doi.org/10.1109/TIP.2019.2925287,null,J,no_arxiv,0
