2022,Neural Computing Applications,"AURORA: an autonomous agent-oriented hybrid trading service.",Renato A. Nobre; Khalil C. do Nascimento; Patrícia A. Vargas; Alan Demétrius Baria Valejo; Gustavo Pessin; Leandro A. Villas; Geraldo P. Rocha Filho,https://doi.org/10.1007/s00521-021-06508-3,null,J,no_arxiv,0
2020,Knowledge-Based Syst.,"A coarsening method for bipartite networks via weight-constrained label propagation.",Alan Valejo; Thiago de Paulo Faleiros; Maria Cristina Ferreira de Oliveira; Alneu de Andrade Lopes,https://doi.org/10.1016/j.knosys.2020.105678,null,J,no_arxiv,0
2018,Knowledge-Based Syst.,"Multilevel approach for combinatorial optimization in bipartite network.",Alan Valejo; Maria Cristina Ferreira de Oliveira; Geraldo P. R. Filho; Alneu de Andrade Lopes,https://doi.org/10.1016/j.knosys.2018.03.021,null,J,no_arxiv,0
2021,ACM Comput. Surveys,"A Critical Survey of the Multilevel Method in Complex Networks.",Alan Valejo; Vinícius Ferreira 0001; Renato Fabbri; Maria Cristina Ferreira de Oliveira; Alneu de Andrade Lopes,https://doi.org/10.1145/3379347,null,J,no_arxiv,0
2020,Ad Hoc Networks,"Enhancing intelligence in traffic management systems to aid in vehicle traffic congestion problems in smart cities.",Geraldo P. Rocha Filho; Rodolfo Ipolito Meneguette; Jose Rodrigues Torres Neto; Alan Valejo; Li Weigang 0001; Jó Ueyama; Gustavo Pessin; Leandro A. Villas,https://doi.org/10.1016/j.adhoc.2020.102265,null,J,no_arxiv,0
2018,Computer Networks,"ResiDI: Towards a smarter smart home system for decision-making using wireless sensors and actuators.",Geraldo P. R. Filho; Leandro A. Villas; Heitor Freitas; Alan Valejo; Daniel L. Guidoni; Jó Ueyama,https://doi.org/10.1016/j.comnet.2018.02.009,null,J,no_arxiv,0
