2021,Int. J. HCI,"Collaboration Support in Co-located Collaborative Systems for Users with Autism Spectrum Disorders: A Systematic Literature Review.",Greis Francy M. Silva-Calpa; Alberto Barbosa Raposo; Francisco R. Ortega 0001,https://doi.org/10.1080/10447318.2020.1801224,null,J,no_arxiv,0
2024,Multimedia Tools Appl.,"Sharp feature-preserving mesh denoising.",Jan Hurtado; Marcelo Gattass; Alberto Raposo 0001; Cristian Lopez,https://doi.org/10.1007/s11042-024-18390-x,null,J,no_arxiv,0
2023,Computers & Graphics,"ShapeGraMM: On the fly procedural generation of massive models for real-time visualization.",Wallas H. S. dos Santos; Emilio Vital Brazil; Alberto Barbosa Raposo,https://doi.org/10.1016/j.cag.2023.08.019,null,J,no_arxiv,0
2023,The Visual Computer,"3D point cloud denoising using anisotropic neighborhoods and a novel sharp feature detection algorithm.",Jan Hurtado; Marcelo Gattass; Alberto Barbosa Raposo,https://doi.org/10.1007/s00371-022-02698-6,null,J,no_arxiv,0
2020,IEEE TVCG,"Magic Carpet: Interaction Fidelity for Flying in VR.",Daniel Medeiros 0001; Maurício Sousa; Alberto Raposo 0001; Joaquim Jorge 0001,https://doi.org/10.1109/TVCG.2019.2905200,top,J,no_arxiv,0
