2023,Briefings in Bioinfo.,"Inpactor2: a software based on deep learning to identify and classify LTR-retrotransposons in plant genomes.",Simon Orozco-Arias; Luis Humberto López-Murillo; Mariana S. Candamil-Cortes; Maradey Arias; Paula A. Jaimes; Alexandre Rossi Paschoal; Reinel Tabares-Soto; Gustavo A. Isaza; Romain Guyot,https://doi.org/10.1093/bib/bbac511,null,J,no_arxiv,0
2022,IEEE BIBM,"Impact of sequencing technologies on long non-coding RNA computational identification.",Alisson G. Chiquitto; Lucas Otávio L. Silva; Liliane S. Oliveira; Douglas Silva Domingues; Alexandre Rossi Paschoal,https://doi.org/10.1109/BIBM55620.2022.9995443,null,C,no_arxiv,0
2021,Briefings in Bioinfo.,"TERL: classification of transposable elements by convolutional neural networks.",Murilo Horacio Pereira da Cruz; Douglas Silva Domingues; Priscila Tiemi Maeda Saito; Alexandre Rossi Paschoal; Pedro Henrique Bugatti,https://doi.org/10.1093/bib/bbaa185,null,J,no_arxiv,0
2021,Briefings in Bioinfo.,"Feature extraction approaches for biological sequences: a comparative study of mathematical features.",Robson Bonidia; Lucas Dias H. Sampaio; Douglas Silva Domingues; Alexandre Rossi Paschoal; Fabrício Martins Lopes; André C. P. L. F. de Carvalho; Danilo Sipoli Sanches,https://doi.org/10.1093/bib/bbab011,null,J,no_arxiv,0
2019,Briefings in Bioinfo.,"Pattern recognition analysis on long noncoding RNAs: a tool for prediction in plants.",Tatianne da Costa Negri; Wonder Alexandre Luz Alves; Pedro Henrique Bugatti; Priscila Tiemi Maeda Saito; Douglas Silva Domingues; Alexandre Rossi Paschoal,https://doi.org/10.1093/bib/bby034,null,J,no_arxiv,0
