2024,EJOR,"Stable set reformulations for the degree preserving spanning tree problem.",Abilio Lucena; Alexandre Salles da Cunha,https://doi.org/10.1016/j.ejor.2024.06.031,null,J,no_arxiv,0
2022,INFORMS J Compt,"Exact Solution Algorithms for the Chordless Cycle Problem.",Dilson Lucas Pereira; Abilio Lucena; Alexandre Salles da Cunha; Luidi Simonetti,https://doi.org/10.1287/ijoc.2022.1164,top,J,no_arxiv,0
2022,J Comb Opt,"Improved formulations and branch-and-cut algorithms for the angular constrained minimum spanning tree problem.",Alexandre Salles da Cunha,https://doi.org/10.1007/s10878-021-00835-w,null,J,no_arxiv,0
2020,EJOR,"Semidefinite programming lower bounds and branch-and-bound algorithms for the quadratic minimum spanning tree problem.",Dilson Almeida Guimarães; Alexandre Salles da Cunha; Dilson Lucas Pereira,https://doi.org/10.1016/j.ejor.2019.07.038,null,J,no_arxiv,0
2020,EJOR,"Dynamic intersection of multiple implicit Dantzig-Wolfe decompositions applied to the adjacent only quadratic minimum spanning tree problem.",Dilson Lucas Pereira; Alexandre Salles da Cunha,https://doi.org/10.1016/j.ejor.2019.12.042,null,J,no_arxiv,0
