2018,Inf. Sciences,"Multi-label semi-supervised classification through optimum-path forest.",Willian Paraguassu Amorim; Alexandre X. Falcão; João P. Papa,https://doi.org/10.1016/j.ins.2018.06.067,null,J,no_arxiv,0
2023,PR,"Deep feature annotation by iterative meta-pseudo-labeling on 2D projections.",Barbara Caroline Benato; Alexandru C. Telea; Alexandre X. Falcão,https://doi.org/10.1016/j.patcog.2023.109649,null,J,no_arxiv,0
2022,PR,"Rethinking interactive image segmentation: Feature space annotation.",Jordão Bragantini; Alexandre X. Falcão; Laurent Najman,https://doi.org/10.1016/j.patcog.2022.108882,null,J,http://arxiv.org/abs/2101.04378v3,0
2021,PR,"Semi-automatic data annotation guided by feature space projection.",Barbara Caroline Benato; Jancarlo F. Gomes; Alexandru C. Telea; Alexandre X. Falcão,https://doi.org/10.1016/j.patcog.2020.107612,null,J,no_arxiv,0
2021,PRL,"Convolutional neural network simplification with progressive retraining.",Daniel Osaku; Jancarlo Ferreira Gomes; Alexandre Xavier Falcão,https://doi.org/10.1016/j.patrec.2021.06.032,null,J,http://arxiv.org/abs/2101.04699v1,0
2020,JVCI,"An extension of the differential image foresting transform and its application to superpixel generation.",Marcos A. T. Condori; Fábio A. M. Cappabianco; Alexandre X. Falcão; Paulo A. V. Miranda,https://doi.org/10.1016/j.jvcir.2019.102748,null,J,no_arxiv,0
2020,JVCI,"Hierarchical learning using deep optimum-path forest.",Luis C. S. Afonso; Clayton R. Pereira; Silke A. T. Weber; Christian Hook; Alexandre X. Falcão; João P. Papa,https://doi.org/10.1016/j.jvcir.2020.102823,null,J,no_arxiv,0
2020,PR,"Image segmentation using dense and sparse hierarchies of superpixels.",Felipe Lemes Galvão; Silvio Jamil Ferzoli Guimarães; Alexandre Xavier Falcão,https://doi.org/10.1016/j.patcog.2020.107532,null,J,no_arxiv,0
2020,PRL,"Grabber: A tool to improve convergence in interactive image segmentation.",Jordão Bragantini; Bruno Moura; Alexandre X. Falcão; Fábio A. M. Cappabianco,https://doi.org/10.1016/j.patrec.2020.10.012,null,J,no_arxiv,0
2019,IEEE TIP,"An Iterative Spanning Forest Framework for Superpixel Segmentation.",John E. Vargas-Munoz; Ananda S. Chowdhury; Eduardo Barreto-Alexandre; Felipe L. Galvão; Paulo André Vechiatto Miranda; Alexandre X. Falcão,https://doi.org/10.1109/TIP.2019.2897941,null,J,http://arxiv.org/abs/1801.10041v1,0
