2022,INFORMS J Compt,"Exact Solution Algorithms for the Chordless Cycle Problem.",Dilson Lucas Pereira; Abilio Lucena; Alexandre Salles da Cunha; Luidi Simonetti,https://doi.org/10.1287/ijoc.2022.1164,top,J,no_arxiv,0
2022,J Comb Opt,"Improved formulations and branch-and-cut algorithms for the angular constrained minimum spanning tree problem.",Alexandre Salles da Cunha,https://doi.org/10.1007/s10878-021-00835-w,null,J,no_arxiv,0
2020,EJOR,"Semidefinite programming lower bounds and branch-and-bound algorithms for the quadratic minimum spanning tree problem.",Dilson Almeida Guimarães; Alexandre Salles da Cunha; Dilson Lucas Pereira,https://doi.org/10.1016/j.ejor.2019.07.038,null,J,no_arxiv,0
2020,EJOR,"Dynamic intersection of multiple implicit Dantzig-Wolfe decompositions applied to the adjacent only quadratic minimum spanning tree problem.",Dilson Lucas Pereira; Alexandre Salles da Cunha,https://doi.org/10.1016/j.ejor.2019.12.042,null,J,no_arxiv,0
2019,Computers & OR,"Modeling and solving the angular constrained minimum spanning tree problem.",Alexandre Salles da Cunha; Abilio Lucena,https://doi.org/10.1016/j.cor.2019.104775,null,J,no_arxiv,0
2018,Computers & OR,"Reformulations and branch-and-price algorithm for the Minimum Cost Hop-and-root Constrained Forest Problem.",Dilson Lucas Pereira; Alexandre Salles da Cunha,https://doi.org/10.1016/j.cor.2018.05.013,null,J,no_arxiv,0
2018,EJOR,"Exact solution approaches for the Multi-period Degree Constrained Minimum Spanning Tree Problem.",Rosklin Juliano Chagas; Cristiano Arbex Valle; Alexandre Salles da Cunha,https://doi.org/10.1016/j.ejor.2018.05.010,null,J,no_arxiv,0
2018,Networks,"Polyhedral results, branch-and-cut and Lagrangian relaxation algorithms for the adjacent only quadratic minimum spanning tree problem.",Dilson Lucas Pereira; Alexandre Salles da Cunha,https://doi.org/10.1002/net.21787,null,J,no_arxiv,0
