2020,Knowledge-Based Syst.,"A coarsening method for bipartite networks via weight-constrained label propagation.",Alan Valejo; Thiago de Paulo Faleiros; Maria Cristina Ferreira de Oliveira; Alneu de Andrade Lopes,https://doi.org/10.1016/j.knosys.2020.105678,null,J,no_arxiv,0
2018,Knowledge-Based Syst.,"Multilevel approach for combinatorial optimization in bipartite network.",Alan Valejo; Maria Cristina Ferreira de Oliveira; Geraldo P. R. Filho; Alneu de Andrade Lopes,https://doi.org/10.1016/j.knosys.2018.03.021,null,J,no_arxiv,0
2021,ACM Comput. Surveys,"A Critical Survey of the Multilevel Method in Complex Networks.",Alan Valejo; Vinícius Ferreira 0001; Renato Fabbri; Maria Cristina Ferreira de Oliveira; Alneu de Andrade Lopes,https://doi.org/10.1145/3379347,null,J,no_arxiv,0
2021,Inf. Sciences,"A graph-based approach for positive and unlabeled learning.",Julio César Carnevali; Rafael Geraldeli Rossi; Evangelos E. Milios; Alneu de Andrade Lopes,https://doi.org/10.1016/j.ins.2021.08.099,null,J,no_arxiv,0
2018,Inf. Sciences,"Word sense disambiguation: A complex network approach.",Edilson Anselmo Corrêa Júnior; Alneu de Andrade Lopes; Diego R. Amancio,https://doi.org/10.1016/j.ins.2018.02.047,null,J,http://arxiv.org/abs/1606.07950v2,0
2018,Inf. Process. Mgmt.,"The role of location and social strength for friendship prediction in location-based social networks.",Jorge Carlos Valverde-Rebaza; Mathieu Roche; Pascal Poncelet; Alneu de Andrade Lopes,https://doi.org/10.1016/j.ipm.2018.02.004,null,J,no_arxiv,0
2021,Theor. Comput. Sci.,"Local-entity resolution for building location-based social networks by using stay points.",Diego Minatel; Vinícius Ferreira 0001; Alneu de Andrade Lopes,https://doi.org/10.1016/j.tcs.2020.10.013,null,J,no_arxiv,0
