2020,Future Generation CS,"PPCensor: Architecture for real-time pornography detection in video streaming.",Jackson Mallmann; Altair Olivo Santin; Eduardo Kugler Viegas; Roger Robson dos Santos; Jhonatan Geremias,https://doi.org/10.1016/j.future.2020.06.017,null,J,no_arxiv,0
2019,Future Generation CS,"BigFlow: Real-time and reliable anomaly-based intrusion detection for high-speed networks.",Eduardo Viegas 0001; Altair Olivo Santin; Alysson Bessani; Nuno Neves 0001,https://doi.org/10.1016/j.future.2018.09.051,null,J,no_arxiv,0
2018,CCGrid,"A Machine Learning Auditing Model for Detection of Multi-Tenancy Issues Within Tenant Domain.",Cleverton Vicentini; Altair Olivo Santin; Eduardo Viegas 0001; Vilmar Abreu,https://doi.org/10.1109/CCGRID.2018.00081,null,C,no_arxiv,0
2023,IEEE Trans. Net. Service  Mgmt.,"Reinforcement Learning for Intrusion Detection: More Model Longness and Fewer Updates.",Roger Robson dos Santos; Eduardo K. Viegas; Altair O. Santin; Vinicius Vielmo Cogo,https://doi.org/10.1109/TNSM.2022.3207094,null,J,no_arxiv,0
2022,Computer Networks,"Toward feasible machine learning model updates in network-based intrusion detection.",Pedro Horchulhack; Eduardo K. Viegas; Altair O. Santin,https://doi.org/10.1016/j.comnet.2021.108618,null,J,no_arxiv,0
2019,J. Network Computer App.,"SDN-based and multitenant-aware resource provisioning mechanism for cloud-based big data streaming.",Cleverton Vicentini; Altair Olivo Santin; Eduardo Viegas 0001; Vilmar Abreu,https://doi.org/10.1016/j.jnca.2018.11.005,null,J,no_arxiv,0
2023,Computers & Security,"Federated learning for reliable model updates in network-based intrusion detection.",Roger Robson dos Santos; Eduardo K. Viegas; Altair O. Santin; Pietro Tedeschi,https://doi.org/10.1016/j.cose.2023.103413,null,J,no_arxiv,0
2018,Computers & Security,"A reliable and energy-efficient classifier combination scheme for intrusion detection in embedded systems.",Eduardo Viegas 0001; Altair Olivo Santin; Luiz Oliveira 0003; André França 0001; Ricardo P. Jasinski; Volnei A. Pedroni,https://doi.org/10.1016/j.cose.2018.05.014,null,J,no_arxiv,0
