2020,Future Generation CS,"Federated and secure cloud services for building medical image classifiers on an intercontinental infrastructure.",Ignacio Blanquer; Francisco V. Brasileiro; Andrey Brito; Amanda Calatrava; André Carvalho; Christof Fetzer; Flavio V. D. de Figueiredo; Ronny Petterson Guimarães; Leandro Bezerra Marinho; Wagner Meira Jr.; Altigran S. da Silva; Angel Alberich-Bayarri; Eduardo Camacho-Ramos; Ana Jimenez-Pastor; Antonio Luiz L. Ribeiro; Bruno Ramos Nascimento; Fábio Silva,https://doi.org/10.1016/j.future.2020.04.012,null,J,no_arxiv,0
2022,IEEE TKDE,"Efficient Match-Based Candidate Network Generation for Keyword Queries Over Relational Databases.",Péricles Silva de Oliveira; Altigran S. da Silva; Edleno Silva de Moura; Rosiane de Freitas,https://doi.org/10.1109/TKDE.2020.2998046,top,J,no_arxiv,0
2019,CloudCom,"Vallum: Privacy, Confidentiality and Access Controlfor Sensitive Data in Cloud Environments.",Ronny Peterson; André Carvalho; Altigran S. da Silva; Gabriel P. Fernandez; André Martin; Christof Fetzer; Andrey Brito,https://doi.org/10.1109/CloudCom.2019.00026,null,C,no_arxiv,0
2022,Inf. Retr. Journal.,"Applying burst-tries for error-tolerant prefix search.",Berg Ferreira; Edleno Silva de Moura; Altigran Soares da Silva,https://doi.org/10.1007/s10791-022-09416-9,null,J,no_arxiv,0
2019,Inf. Process. Mgmt.,": Leveraging user opinions for product catalog enrichment.",Tiago de Melo; Altigran S. da Silva; Edleno Silva de Moura; Pável Calado,https://doi.org/10.1016/j.ipm.2019.01.004,null,J,no_arxiv,0
2020,SANER,"LESSQL: Dealing with Database Schema Changes in Continuous Deployment.",Ariel Afonso; Altigran S. da Silva; Tayana Conte; Paulo Martins 0005; João M. B. Cavalcanti; Alessandro Garcia 0001,https://doi.org/10.1109/SANER48275.2020.9054796,null,C,no_arxiv,0
