2021,Applied Soft Comput.,"Dynamic multi-objective evolutionary algorithm with objective space prediction strategy.",Elaine Guerrero-Peña; Aluízio F. R. Araújo,https://doi.org/10.1016/j.asoc.2021.107258,null,J,no_arxiv,0
2020,Neural Networks,"Self-organizing subspace clustering for high-dimensional and multi-view data.",Aluízio F. R. Araújo; Victor Oliveira Antonino; Karina L. Ponce-Guevara,https://doi.org/10.1016/j.neunet.2020.06.022,null,J,no_arxiv,0
2020,GECCO,"Solving constrained combinatorial reverse auctions using MOEAs: a comparative study.",Elaine Guerrero-Peña; Fernanda Nakano Kazama; Paulo de Barros Correia; Aluízio F. R. Araújo,https://doi.org/10.1145/3377930.3390205,null,C,no_arxiv,0
2024,Multimedia Tools Appl.,"Self-organizing speech recognition that processes acoustic and articulatory features.",Hesdras O. Viana; Aluízio F. R. Araújo; Danilo S. Barbosa,https://doi.org/10.1007/s11042-023-17080-4,null,J,no_arxiv,0
2021,J. Intelligent & Robotic Syst.,"Spatio-temporal Data Association for Object-augmented Mapping.",Felipe D. B. de Oliveira; Marcondes R. da Silva; Aluízio F. R. Araújo,https://doi.org/10.1007/s10846-021-01445-8,null,J,no_arxiv,0
