2021,Applied Soft Comput.,"Dynamic multi-objective evolutionary algorithm with objective space prediction strategy.",Elaine Guerrero-Peña; Aluizio F. R. Araújo,https://doi.org/10.1016/j.asoc.2021.107258,null,J,no_arxiv,0
2020,Neural Networks,"Self-organizing subspace clustering for high-dimensional and multi-view data.",Aluizio F. R. Araújo; Victor Oliveira Antonino; Karina L. Ponce-Guevara,https://doi.org/10.1016/j.neunet.2020.06.022,null,J,no_arxiv,0
2020,GECCO,"Solving constrained combinatorial reverse auctions using MOEAs: a comparative study.",Elaine Guerrero-Peña; Fernanda Nakano Kazama; Paulo de Barros Correia; Aluizio F. R. Araújo,https://doi.org/10.1145/3377930.3390205,null,C,no_arxiv,0
2019,Neurocomputing,"Control strategies for Hopf bifurcation in a chaotic associative memory.",André K. O. Tiba; Aluizio F. R. Araújo,https://doi.org/10.1016/j.neucom.2018.09.078,null,J,no_arxiv,0
2019,Neural Networks,"A neural network architecture for learning word-referent associations in multiple contexts.",Hansenclever F. Bassani; Aluizio F. R. Araújo,https://doi.org/10.1016/j.neunet.2019.05.017,null,J,no_arxiv,0
2018,GECCO,"MOEA/D with uniformly randomly adaptive weights.",Lucas R. C. de Farias; Pedro H. M. Braga; Hansenclever de F. Bassani; Aluizio F. R. Araújo,https://doi.org/10.1145/3205455.3205648,null,C,no_arxiv,0
2019,Inf. Sciences,"Multi-objective evolutionary algorithm with prediction in the objective space.",Elaine Guerrero-Pena; Aluizio Fausto Ribeiro Araújo,https://doi.org/10.1016/j.ins.2019.05.091,null,J,no_arxiv,0
2021,J. Intelligent & Robotic Syst.,"Spatio-temporal Data Association for Object-augmented Mapping.",Felipe D. B. de Oliveira; Marcondes R. da Silva; Aluizio F. R. Araújo,https://doi.org/10.1007/s10846-021-01445-8,null,J,no_arxiv,0
2019,CVIU,"Dynamic topology and relevance learning SOM-based algorithm for image clustering tasks.",Heitor R. Medeiros; Felipe D. B. de Oliveira; Hansenclever de F. Bassani; Aluizio F. R. Araújo,https://doi.org/10.1016/j.cviu.2018.11.003,null,J,no_arxiv,0
