2022,Applied Soft Comput.,"Community-based anomaly detection using spectral graph filtering.",Rodrigo Francisquini; Ana Carolina Lorena; Mariá C. V. Nascimento,https://doi.org/10.1016/j.asoc.2022.108489,null,J,no_arxiv,0
2019,Knowledge-Based Syst.,"New label noise injection methods for the evaluation of noise filters.",Luís Paulo F. Garcia; Jens Lehmann 0001; André C. P. L. F. de Carvalho; Ana Carolina Lorena,https://doi.org/10.1016/j.knosys.2018.09.031,null,J,no_arxiv,0
2018,Applied Soft Comput.,"Using complexity measures to determine the structure of directed acyclic graphs in multiclass classification.",Thaise M. Quiterio; Ana Carolina Lorena,https://doi.org/10.1016/j.asoc.2018.01.013,null,J,no_arxiv,0
2019,ACM Comput. Surveys,"How Complex Is Your Classification Problem?: A Survey on Measuring Classification Complexity.",Ana Carolina Lorena; Luís Paulo F. Garcia; Jens Lehmann 0001; Marcílio Carlos Pereira de Souto; Tin Kam Ho,https://doi.org/10.1145/3347711,null,J,http://arxiv.org/abs/1808.03591v2,0
2022,Machine Learning,"Relating instance hardness to classification performance in a dataset: a visual approach.",Pedro Yuri Arbs Paiva; Camila Castro Moreno; Kate Smith-Miles; Maria Gabriela Valeriano; Ana Carolina Lorena,https://doi.org/10.1007/s10994-022-06205-9,null,J,no_arxiv,0
2021,Inf. Sciences,"Assessing the data complexity of imbalanced datasets.",Victor H. Barella; Luís Paulo F. Garcia; Marcilio C. P. de Souto; Ana Carolina Lorena; André C. P. L. F. de Carvalho,https://doi.org/10.1016/j.ins.2020.12.006,null,J,no_arxiv,0
2021,ACM TKDD,"An Instance Space Analysis of Regression Problems.",Mario Andrés Muñoz; Tao Yan; Matheus R. Leal; Kate Smith-Miles; Ana Carolina Lorena; Gisele L. Pappa; Rômulo Madureira Rodrigues,https://doi.org/10.1145/3436893,top,J,no_arxiv,0
2018,Machine Learning,"Data complexity meta-features for regression problems.",Ana Carolina Lorena; Aron I. Maciel; Péricles B. C. de Miranda; Ivan G. Costa; Ricardo B. C. Prudêncio,https://doi.org/10.1007/s10994-017-5681-1,null,J,no_arxiv,0
