2023,Discrete Applied Math.,"Target set selection with maximum activation time.",Lucas Keiler; Carlos Vinícius G. C. Lima; Ana Karolinna Maia; Rudini M. Sampaio; Ignasi Sau,https://doi.org/10.1016/j.dam.2023.06.004,null,J,http://arxiv.org/abs/2007.05246v1,0
2023,WG,"Deciding the Erdős-Pósa Property in 3-Connected Digraphs.",Julien Bensmail; Victor A. Campos; Ana Karolinna Maia; Nicolas Nisse; Ana Silva 0001,https://doi.org/10.1007/978-3-031-43380-1_5,null,C,no_arxiv,0
2022,SIAM J. Discrete Mathematics,"Adapting the Directed Grid Theorem into an FPT Algorithm.",Victor A. Campos; Raul Lopes 0001; Ana Karolinna Maia; Ignasi Sau,https://doi.org/10.1137/21m1452664,null,J,http://arxiv.org/abs/2007.07738v2,0
2020,Algorithmica,"On the Complexity of Finding Internally Vertex-Disjoint Long Directed Paths.",Júlio Araújo 0001; Victor A. Campos; Ana Karolinna Maia; Ignasi Sau; Ana Silva 0001,https://doi.org/10.1007/s00453-019-00659-5,null,J,no_arxiv,0
2018,J. of Graph Theory,"Finding a subdivision of a prescribed digraph of order 4.",Frédéric Havet; Ana Karolinna Maia; Bojan Mohar,https://doi.org/10.1002/jgt.22174,null,J,http://arxiv.org/abs/1708.01777v1,0
2018,LATIN,"On the Complexity of Finding Internally Vertex-Disjoint Long Directed Paths.",Júlio Araújo 0001; Victor A. Campos; Ana Karolinna Maia; Ignasi Sau; Ana Silva 0001,https://doi.org/10.1007/978-3-319-77404-6_6,null,C,no_arxiv,0
