2020,IEEE Trans. Haptics,"Altering the Stiffness, Friction, and Shape Perception of Tangible Objects in Virtual Reality Using Wearable Haptics.",David Steeven Villa Salazar; Claudio Pacchierotti; Xavier de Tinguy; Anderson Maciel; Maud Marchal,https://doi.org/10.1109/TOH.2020.2967389,null,J,no_arxiv,0
2019,INTERACT,"Instant Rephotography.",Juliano Franz; Anderson Maciel; Luciana P. Nedel,https://doi.org/10.1007/978-3-030-29387-1_12,null,C,no_arxiv,0
2022,ACM Comput. Surveys,"Measuring Presence in Virtual Environments: A Survey.",Vinicius Costa de Souza; Anderson Maciel; Luciana Porcher Nedel; Regis Kopper,https://doi.org/10.1145/3466817,null,J,no_arxiv,0
2021,Computers & Graphics,"Augmented situated visualization methods towards electromagnetic compatibility testing.",Renan Luigi Martins Guarese; Pererik Andreasson; Emil Nilsson; Anderson Maciel,https://doi.org/10.1016/j.cag.2020.10.001,null,J,no_arxiv,0
2019,Computer Graphics Forum,"Appearance Modelling of Living Human Tissues.",Augusto L. P. Nunes; Anderson Maciel; Gary W. Meyer; Nigel W. John; Gladimir V. G. Baranoski; Marcelo Walter,https://doi.org/10.1111/cgf.13604,null,J,no_arxiv,0
2019,VR,"Characterizing Asymmetric Collaborative Interactions in Virtual and Augmented Realities.",Jerônimo Gustavo Grandi; Henrique Galvan Debarba; Anderson Maciel,https://doi.org/10.1109/VR.2019.8798080,null,C,no_arxiv,0
2018,Computers & Graphics,"Assessment of an articulatory interface for tactile intercommunication in immersive virtual environments.",Victor Adriel de Jesus Oliveira; Luciana Porcher Nedel; Anderson Maciel,https://doi.org/10.1016/j.cag.2018.07.007,null,J,no_arxiv,0
2018,Computers & Graphics,"Heat-based bidirectional phase shifting simulation using position-based dynamics.",Steeven Villa; Abel Ticona; Rafael P. Torchelsen; Luciana Porcher Nedel; Anderson Maciel,https://doi.org/10.1016/j.cag.2018.09.004,null,J,no_arxiv,0
2018,VR,"Design and Assessment of a Collaborative 3D Interaction Technique for Handheld Augmented Reality.",Jerônimo Gustavo Grandi; Henrique Galvan Debarba; Iago Bemdt; Luciana P. Nedel; Anderson Maciel,https://doi.org/10.1109/VR.2018.8446295,null,C,no_arxiv,0
