2023,Applied Soft Comput.,"Real-world-events data sifting through ultra-small labeled datasets and graph fusion.",Didier A. Vega-Oliveros; José Nascimento; Bahram Lavi; Anderson Rocha 0001,https://doi.org/10.1016/j.asoc.2022.109865,null,J,no_arxiv,0
2022,IEEE Trans. Neural Netw. Learn. Syst.,"Link Prediction Based on Stochastic Information Diffusion.",Didier A. Vega-Oliveros; Liang Zhao 0001; Anderson Rocha 0001; Lilian Berton,https://doi.org/10.1109/TNNLS.2021.3053263,top,J,no_arxiv,0
2021,Neurocomputing,"Exploring multiobjective training in multiclass classification.",Marcos M. Raimundo; Thalita F. Drumond; Alan Caio R. Marques; Christiano Lyra; Anderson Rocha 0001; Fernando J. Von Zuben,https://doi.org/10.1016/j.neucom.2020.12.087,null,J,no_arxiv,0
2020,Engineering Appl. of AI,"A stochastic learning-from-data approach to the history-matching problem.",Cristina C. B. Cavalcante; Célio Maschio; Denis J. Schiozer; Anderson Rocha 0001,https://doi.org/10.1016/j.engappai.2020.103767,null,J,no_arxiv,0
2019,Engineering Appl. of AI,"A continuous learning algorithm for history matching.",Cristina C. B. Cavalcante; Célio Maschio; Antonio Alberto S. Santos; Denis J. Schiozer; Anderson Rocha 0001,https://doi.org/10.1016/j.engappai.2019.07.012,null,J,no_arxiv,0
2018,Future Generation CS,"Kuaa: A unified framework for design, deployment, execution, and recommendation of machine learning experiments.",Rafael de Oliveira Werneck; Waldir R. de Almeida; Bernardo Vecchia Stein; Daniel V. Pazinato; Pedro Ribeiro Mendes Júnior; Otávio Augusto Bizetto Penatti; Anderson Rocha 0001; Ricardo da Silva Torres,https://doi.org/10.1016/j.future.2017.06.013,null,J,no_arxiv,0
2019,Inf. Fusion,"Multimodal data fusion for sensitive scene localization.",Daniel Moreira; Sandra Avila; Mauricio Perez; Daniel Moraes; Vanessa Testoni; Eduardo Valle; Siome Goldenstein; Anderson Rocha 0001,https://doi.org/10.1016/j.inffus.2018.03.001,null,J,no_arxiv,0
2023,IEEE Trans. Inf. Forensics Sec.,"Leveraging Ensembles and Self-Supervised Learning for Fully-Unsupervised Person Re-Identification and Text Authorship Attribution.",Gabriel Bertocco; Antonio Theophilo; Fernanda A. Andaló; Anderson de Rezende Rocha,https://doi.org/10.1109/TIFS.2023.3289448,null,J,no_arxiv,0
2022,IEEE Security & Privacy,"Free as in Freedom to Protest?",Fabio Massacci; Antonino Sabetta; Jelena Mirkovic; Toby Murray; Hamed Okhravi; Mohammad Mannan; Anderson Rocha 0001; Eric Bodden; Daniel E. Geer,https://doi.org/10.1109/MSEC.2022.3185845,null,J,no_arxiv,0
2022,IEEE Trans. Inf. Forensics Sec.,"Content-Aware Detection of Temporal Metadata Manipulation.",Rafael Padilha; Tawfiq Salem; Scott Workman; Fernanda A. Andaló; Anderson Rocha 0001; Nathan Jacobs,https://doi.org/10.1109/TIFS.2022.3159154,null,J,no_arxiv,0
2022,IEEE Trans. Inf. Forensics Sec.,"Detect and Locate: Exposing Face Manipulation by Semantic- and Noise-Level Telltales.",Chenqi Kong; Baoliang Chen; Haoliang Li; Shiqi Wang 0001; Anderson Rocha 0001; Sam Kwong,https://doi.org/10.1109/TIFS.2022.3169921,null,J,no_arxiv,0
2022,IEEE Trans. Inf. Forensics Sec.,"Beyond the Pixel World: A Novel Acoustic-Based Face Anti-Spoofing System for Smartphones.",Chenqi Kong; Kexin Zheng; Shiqi Wang 0001; Anderson Rocha 0001; Haoliang Li,https://doi.org/10.1109/TIFS.2022.3202115,null,J,no_arxiv,0
2021,IEEE Trans. Inf. Forensics Sec.,"Transformation-Aware Embeddings for Image Provenance.",Aparna Bharati; Daniel Moreira; Patrick J. Flynn; Anderson de Rezende Rocha; Kevin W. Bowyer; Walter J. Scheirer,https://doi.org/10.1109/TIFS.2021.3050061,null,J,no_arxiv,0
2021,IEEE Trans. Inf. Forensics Sec.,"Manifold Learning for Real-World Event Understanding.",Caroline Mazini Rodrigues; Aurea Soriano-Vargas; Bahram Lavi; Anderson Rocha 0001; Zanoni Dias,https://doi.org/10.1109/TIFS.2021.3070431,null,J,no_arxiv,0
2021,IEEE Trans. Inf. Forensics Sec.,"Unsupervised and Self-Adaptative Techniques for Cross-Domain Person Re-Identification.",Gabriel Bertocco; Fernanda A. Andaló; Anderson Rocha 0001,https://doi.org/10.1109/TIFS.2021.3107157,null,J,no_arxiv,0
2020,IEEE Security & Privacy,"Forensic Event Analysis: From Seemingly Unrelated Data to Understanding.",Rafael Padilha; Caroline Mazini Rodrigues; Fernanda A. Andaló; Gabriel Bertocco; Zanoni Dias; Anderson Rocha 0001,https://doi.org/10.1109/MSEC.2020.3000446,null,J,no_arxiv,0
2020,IEEE Trans. Inf. Forensics Sec.,"Leveraging Shape, Reflectance and Albedo From Shading for Face Presentation Attack Detection.",Allan da Silva Pinto; Siome Goldenstein; Alexandre M. Ferreira; Tiago J. Carvalho; Hélio Pedrini; Anderson Rocha 0001,https://doi.org/10.1109/TIFS.2020.2988168,null,J,no_arxiv,0
2019,IEEE Trans. Inf. Forensics Sec.,"Ensemble of Multi-View Learning Classifiers for Cross-Domain Iris Presentation Attack Detection.",Andrey Kuehlkamp; Allan da Silva Pinto; Anderson Rocha 0001; Kevin W. Bowyer; Adam Czajka,https://doi.org/10.1109/TIFS.2018.2878542,null,J,no_arxiv,0
2018,Computers & Security,"Leveraging ontologies and machine-learning techniques for malware analysis into Android permissions ecosystems.",Luiz C. Navarro; Alexandre K. W. Navarro; André Grégio; Anderson Rocha 0001; Ricardo Dahab,https://doi.org/10.1016/j.cose.2018.07.013,null,J,no_arxiv,0
2018,IEEE Trans. Inf. Forensics Sec.,"Learning Generalized Deep Feature Representation for Face Anti-Spoofing.",Haoliang Li; Peisong He; Shiqi Wang 0001; Anderson Rocha 0001; Xinghao Jiang; Alex C. Kot,https://doi.org/10.1109/TIFS.2018.2825949,null,J,no_arxiv,0
2022,JVCI,"Cross-dataset emotion recognition from facial expressions through convolutional neural networks.",William Dias; Fernanda A. Andaló; Rafael Padilha; Gabriel Bertocco; Waldir R. de Almeida; Paula D. P. Costa; Anderson Rocha 0001,https://doi.org/10.1016/j.jvcir.2021.103395,null,J,no_arxiv,0
2021,JVCI,"Harnessing high-level concepts, visual, and auditory features for violence detection in videos.",Bruno Malveira Peixoto; Bahram Lavi; Zanoni Dias; Anderson Rocha 0001,https://doi.org/10.1016/j.jvcir.2021.103174,null,J,no_arxiv,0
2021,PRL,"Temporally sorting images from real-world events.",Rafael Padilha; Fernanda A. Andaló; Bahram Lavi; Luís A. M. Pereira; Anderson Rocha 0001,https://doi.org/10.1016/j.patrec.2021.04.027,null,J,no_arxiv,0
2021,IEEE TIP,"Fast Local Spatial Verification for Feature-Agnostic Large-Scale Image Retrieval.",Joel Brogan; Aparna Bharati; Daniel Moreira; Anderson Rocha 0001; Kevin W. Bowyer; Patrick J. Flynn; Walter J. Scheirer,https://doi.org/10.1109/TIP.2021.3097175,null,J,no_arxiv,0
2020,PR,"Manifold learning for user profiling and identity verification using motion sensors.",Geise Santos; Paulo Henrique Pisani; Roberto Leyva; Chang-Tsun Li; Tiago Fernandes Tavares; Anderson Rocha 0001,https://doi.org/10.1016/j.patcog.2020.107408,null,J,no_arxiv,0
2019,JVCI,"Relevance prediction in similarity-search systems using extreme value theory.",Alberto A. de Oliveira; Eric Oakley; Ricardo da Silva Torres; Anderson Rocha 0001,https://doi.org/10.1016/j.jvcir.2019.02.019,null,J,no_arxiv,0
2019,WACV,"Beyond Pixels: Image Provenance Analysis Leveraging Metadata.",Aparna Bharati; Daniel Moreira; Joel Brogan; Patricia Hale; Kevin W. Bowyer; Patrick J. Flynn; Anderson Rocha 0001; Walter J. Scheirer,https://doi.org/10.1109/WACV.2019.00185,null,C,http://arxiv.org/abs/1807.03376v3,0
2018,JVCI,"Leveraging deep neural networks to fight child pornography in the age of social media.",Paulo Vitorino; Sandra Avila; Mauricio Perez; Anderson Rocha 0001,https://doi.org/10.1016/j.jvcir.2017.12.005,null,J,no_arxiv,0
2018,JVCI,"Connecting the dots: Toward accountable machine-learning printer attribution methods.",Luiz C. Navarro; Alexandre K. W. Navarro; Anderson Rocha 0001; Ricardo Dahab,https://doi.org/10.1016/j.jvcir.2018.04.002,null,J,no_arxiv,0
2018,JVCI,"Data-driven multimedia forensics and security.",Anderson Rocha 0001; Shujun Li; C.-C. Jay Kuo; Alessandro Piva; Jiwu Huang,https://doi.org/10.1016/j.jvcir.2018.06.023,null,J,no_arxiv,0
2018,IEEE TIP,"Image Provenance Analysis at Scale.",Aparna Bharati; Joel Brogan; Allan da Silva Pinto; Michael Parowski; Kevin W. Bowyer; Patrick J. Flynn; Anderson Rocha 0001; Walter J. Scheirer,https://doi.org/10.1109/TIP.2018.2865674,null,J,http://arxiv.org/abs/1801.06510v2,0
