2023,Applied Soft Comput.,"Hyper-parameter initialization of classification algorithms using dynamic time warping: A perspective on PCA meta-features.",Tomás Horváth; Rafael G. Mantovani; André C. P. L. F. de Carvalho,https://doi.org/10.1016/j.asoc.2022.109969,null,J,no_arxiv,0
2023,Neural Networks,"Continual Object Detection: A review of definitions, strategies, and challenges.",Angelo G. Menezes; Gustavo de Moura; Cézanne Alves; André C. P. L. F. de Carvalho,https://doi.org/10.1016/j.neunet.2023.01.041,null,J,http://arxiv.org/abs/2205.15445v1,0
2022,Knowledge-Based Syst.,"Meta-features for meta-learning.",Adriano Rivolli; Luís Paulo F. Garcia; Carlos Soares; Joaquin Vanschoren; André C. P. L. F. de Carvalho,https://doi.org/10.1016/j.knosys.2021.108101,null,J,no_arxiv,0
2021,Neurocomputing,"An ensemble of autonomous auto-encoders for human activity recognition.",Kemilly Dearo Garcia; Cláudio Rebelo de Sá; Mannes Poel; Tiago Carvalho; João Mendes-Moreira 0001; João M. P. Cardoso; André C. P. L. F. de Carvalho; Joost N. Kok,https://doi.org/10.1016/j.neucom.2020.01.125,null,J,no_arxiv,0
2020,Knowledge-Based Syst.,"A Meta-learning approach for recommending the number of clusters for clustering algorithms.",Bruno Almeida Pimentel; André C. P. L. F. de Carvalho,https://doi.org/10.1016/j.knosys.2020.105682,null,J,no_arxiv,0
2020,Soft Computing,"An intelligent and generic approach for detecting human emotions: a case study with facial expressions.",Leandro Y. Mano; Bruno S. Faiçal; Vinícius P. Gonçalves 0001; Gustavo Pessin; Pedro Henrique Gomes; André C. P. L. F. de Carvalho; Jó Ueyama,https://doi.org/10.1007/s00500-019-04411-7,null,J,no_arxiv,0
2019,Applied Soft Comput.,"Inducing Hierarchical Multi-label Classification rules with Genetic Algorithms.",Ricardo Cerri; Márcio P. Basgalupp; Rodrigo C. Barros; André C. P. L. F. de Carvalho,https://doi.org/10.1016/j.asoc.2019.01.017,null,J,no_arxiv,0
2019,Applied Soft Comput.,"Experimental correlation analysis of bicluster coherence measures and gene ontology information.",Victor Alexandre Padilha; André Carlos Ponce de Leon Ferreira de Carvalho,https://doi.org/10.1016/j.asoc.2019.105688,null,J,no_arxiv,0
2019,Neurocomputing,"Empirical investigation of active learning strategies.",Davi Pereira dos Santos; Ricardo Bastos Cavalcante Prudêncio; André Carlos Ponce de Leon Ferreira de Carvalho,https://doi.org/10.1016/j.neucom.2017.05.105,null,J,no_arxiv,0
2019,Knowledge-Based Syst.,"New label noise injection methods for the evaluation of noise filters.",Luís Paulo F. Garcia; Jens Lehmann 0001; André C. P. L. F. de Carvalho; Ana Carolina Lorena,https://doi.org/10.1016/j.knosys.2018.09.031,null,J,no_arxiv,0
2022,Briefings in Bioinfo.,"MathFeature: feature extraction package for DNA, RNA and protein sequences based on mathematical descriptors.",Robson Bonidia; Douglas Silva Domingues; Danilo Sipoli Sanches; André C. P. L. F. de Carvalho,https://doi.org/10.1093/bib/bbab434,null,J,no_arxiv,0
2022,Briefings in Bioinfo.,"BioAutoML: automated feature engineering and metalearning to predict noncoding RNAs in bacteria.",Robson Bonidia; Anderson P. Avila-Santos; Breno Lívio Silva de Almeida; Peter F. Stadler; Ulisses Nunes da Rocha; Danilo Sipoli Sanches; André C. P. L. F. de Carvalho,https://doi.org/10.1093/bib/bbac218,null,J,no_arxiv,0
2021,Briefings in Bioinfo.,"Feature extraction approaches for biological sequences: a comparative study of mathematical features.",Robson Bonidia; Lucas Dias H. Sampaio; Douglas Silva Domingues; Alexandre Rossi Paschoal; Fabrício Martins Lopes; André C. P. L. F. de Carvalho; Danilo Sipoli Sanches,https://doi.org/10.1093/bib/bbab011,null,J,no_arxiv,0
2021,Bioinformatics,"Casboundary: automated definition of integral Cas cassettes.",Victor Alexandre Padilha; Omer S. Alkhnbashi; Van Dinh Tran; Shiraz A. Shah; André C. P. L. F. de Carvalho; Rolf Backofen,https://doi.org/10.1093/bioinformatics/btaa984,null,J,no_arxiv,0
2019,Briefings in Bioinfo.,"Machine learning meets genome assembly.",Kleber Padovani de Souza; João Carlos Setubal; André Carlos Ponce de Leon Ferreira de Carvalho; Guilherme Oliveira; Annie Chateau; Ronnie Alves,https://doi.org/10.1093/bib/bby072,null,J,no_arxiv,0
2019,ACM Comput. Surveys,"Adaptive Biometric Systems: Review and Perspectives.",Paulo Henrique Pisani; Abir Mhenni; Romain Giot; Estelle Cherrier; Norman Poh; André Carlos Ponce de Leon Ferreira de Carvalho; Christophe Rosenberger; Najoua Essoukri Ben Amara,https://doi.org/10.1145/3344255,null,J,no_arxiv,0
2022,Inf. Sciences,"Using meta-learning for multi-target regression.",Gabriel Jonas Aguiar; Everton José Santana; André C. P. L. F. de Carvalho; Sylvio Barbon Junior,https://doi.org/10.1016/j.ins.2021.11.003,null,J,no_arxiv,0
2021,Inf. Sciences,"Assessing the data complexity of imbalanced datasets.",Victor H. Barella; Luís Paulo F. Garcia; Marcilio C. P. de Souto; Ana Carolina Lorena; André C. P. L. F. de Carvalho,https://doi.org/10.1016/j.ins.2020.12.006,null,J,no_arxiv,0
2021,Inf. Sciences,"Micro-MetaStream: Algorithm selection for time-changing data.",André Luis Debiaso Rossi; Carlos Soares; Bruno Feres de Souza; André Carlos Ponce de Leon Ferreira de Carvalho,https://doi.org/10.1016/j.ins.2021.02.075,null,J,no_arxiv,0
2020,JMLR,"MFE: Towards reproducible meta-feature extraction.",Edesio Alcobaça; Felipe Siqueira; Adriano Rivolli; Luís Paulo F. Garcia; Jefferson Tales Oliva; André C. P. L. F. de Carvalho,http://jmlr.org/papers/v21/19-348.html,top,J,no_arxiv,0
2020,Machine Learning,"An empirical analysis of binary transformation strategies and base algorithms for multi-label learning.",Adriano Rivolli; Jesse Read; Carlos Soares; Bernhard Pfahringer; André C. P. L. F. de Carvalho,https://doi.org/10.1007/s10994-020-05879-3,null,J,no_arxiv,0
2020,IEEE TKDE,"Ensemble of Classifiers Based on Multiobjective Genetic Sampling for Imbalanced Data.",Everlandio R. Q. Fernandes; André C. P. L. F. de Carvalho; Xin Yao 0001,https://doi.org/10.1109/TKDE.2019.2898861,top,J,no_arxiv,0
2019,Inf. Sciences,"A new data characterization for selecting clustering algorithms using meta-learning.",Bruno Almeida Pimentel; André C. P. L. F. de Carvalho,https://doi.org/10.1016/j.ins.2018.10.043,null,J,no_arxiv,0
2019,Inf. Sciences,"Evolutionary inversion of class distribution in overlapping areas for multi-class imbalanced learning.",Everlandio R. Q. Fernandes; André C. P. L. F. de Carvalho,https://doi.org/10.1016/j.ins.2019.04.052,null,J,no_arxiv,0
2019,Inf. Sciences,"A meta-learning recommender system for hyperparameter tuning: Predicting when tuning improves SVM classifiers.",Rafael Gomes Mantovani; André L. D. Rossi; Edesio Alcobaça; Joaquin Vanschoren; André C. P. L. F. de Carvalho,https://doi.org/10.1016/j.ins.2019.06.005,null,J,no_arxiv,0
2018,Inf. Sciences,"Metalearning and Recommender Systems: A literature review and empirical study on the algorithm selection problem for Collaborative Filtering.",Tiago Cunha 0001; Carlos Soares; André C. P. L. F. de Carvalho,https://doi.org/10.1016/j.ins.2017.09.050,null,J,no_arxiv,0
2021,PRL,"Using dynamical quantization to perform split attempts in online tree regressors.",Saulo Martiello Mastelini; André Carlos Ponce de Leon Ferreira de Carvalho,https://doi.org/10.1016/j.patrec.2021.01.033,null,J,http://arxiv.org/abs/2012.00083v2,0
2019,PRL,"A meta-learning approach for selecting image segmentation algorithm.",Gabriel Jonas Aguiar; Rafael Gomes Mantovani; Saulo Martiello Mastelini; André C. P. L. F. de Carvalho; Gabriel F. C. Campos; Sylvio Barbon Junior,https://doi.org/10.1016/j.patrec.2019.10.018,null,J,no_arxiv,0
2018,PRL,"Strict Very Fast Decision Tree: A memory conservative algorithm for data stream mining.",Victor Guilherme Turrisi da Costa; André Carlos Ponce de Leon Ferreira de Carvalho; Sylvio Barbon Junior,https://doi.org/10.1016/j.patrec.2018.09.004,null,J,http://arxiv.org/abs/1805.06368v2,0
