2022,Expert Systems Appl.,"Adaptive iterated local search for the parallel row ordering problem.",Gildásio Lecchi Cravo; André Renato Sales Amaral,https://doi.org/10.1016/j.eswa.2022.118033,null,J,no_arxiv,0
2022,Annals OR,"A heuristic approach for the double row layout problem.",André Renato Sales Amaral,https://doi.org/10.1007/s10479-020-03617-5,null,J,no_arxiv,0
2021,ITOR,"Lexicographic optimization-based clustering search metaheuristic for the multiobjective flexible job shop scheduling problem.",Dayan de C. Bissoli; Nicolas Zufferey; André Renato Sales Amaral,https://doi.org/10.1111/itor.12745,null,J,no_arxiv,0
2021,Opt Letters,"A mixed-integer programming formulation of the double row layout problem based on a linear extension of a partial order.",André Renato Sales Amaral,https://doi.org/10.1007/s11590-020-01651-7,null,J,no_arxiv,0
2020,JORS,"An improved model for the parallel row ordering problem.",Xuhong Yang; Wenming Cheng; Alice E. Smith; André Renato Sales Amaral,https://doi.org/10.1080/01605682.2018.1556570,null,J,no_arxiv,0
2019,Computers & OR,"A GRASP algorithm for solving large-scale single row facility layout problems.",Gildásio Lecchi Cravo; André Renato Sales Amaral,https://doi.org/10.1016/j.cor.2019.02.009,null,J,no_arxiv,0
2019,Opt Letters,"An improved mixed-integer programming model for the double row layout of facilities.",Leonardo D. Secchin; André Renato Sales Amaral,https://doi.org/10.1007/s11590-018-1263-9,null,J,no_arxiv,0
