2023,J. Intelligent & Robotic Syst.,"A Sim-to-real Practical Approach to Teach Robotics into K-12: A Case Study of Simulators, Educational and DIY Robotics in Competition-based Learning.",Carlos Fernando Joventino; Raphael de Abreu Alves e Silva; Jonathas H. M. Pereira; Jean Mimar Santa Cruz Yabarrena; André Schneider de Oliveira,https://doi.org/10.1007/s10846-022-01790-2,null,J,no_arxiv,0
2023,IEEE RA-L,"Non-Contact Tactile Perception for Hybrid-Active Gripper.",Jonathas H. M. Pereira; Carlos Fernando Joventino; João Alberto Fabro; André Schneider de Oliveira,https://doi.org/10.1109/LRA.2023.3264166,null,J,no_arxiv,0
2021,J. Intelligent & Robotic Syst.,"Real-Time Performance Evaluation for Robotics.",Matheus Leitzke Pinto; Marco Aurélio Wehrmeister; André Schneider de Oliveira,https://doi.org/10.1007/s10846-020-01301-1,null,J,no_arxiv,0
2018,J. Intelligent & Robotic Syst.,"Quasi-Omnidirectional Fuzzy Control of a Climbing Robot for Inspection Tasks.",Higor Barbosa Santos; Marco Antonio Simoes Teixeira; André Schneider de Oliveira; Lúcia Valéria Ramos de Arruda; Flávio Neves Jr.,https://doi.org/10.1007/s10846-017-0672-9,null,J,no_arxiv,0
2018,J. Intelligent & Robotic Syst.,"Intelligent environment recognition and prediction for NDT inspection through autonomous climbing robot.",Marco Antonio Simoes Teixeira; Higor Barbosa Santos; Nicolas Dalmedico; Lúcia Valéria Ramos de Arruda; Flávio Neves Jr.; André Schneider de Oliveira,https://doi.org/10.1007/s10846-017-0764-6,null,J,no_arxiv,0
