2023,Behaviour & IT,"A qualitative study on the needs of visually impaired users in Brazil for smart home interactive technologies.",Otavio de Faria Oliveira; Mateus Carvalho Gonçalves; Raphael Winckler de Bettio; André Pimenta Freire,https://doi.org/10.1080/0144929x.2022.2084455,null,J,no_arxiv,0
2023,Interact. Comput.,"SIM-SR - Semiotic Inspection Method Mediated by Screen Reader: Analysing the Benefits of Bringing Communicability to the Accessibility Evaluation Table.",Lucas Pedroso Carvalho; Joana Gabriela Ribeiro de Souza; Raquel Oliveira Prates; André Pimenta Freire,https://doi.org/10.1093/iwc/iwad023,null,J,no_arxiv,0
2023,INTERACT,"Usability Evaluation of a Brazilian Dam Safety Data Exploration Platform: A Consolidation of Results from User Tests and Heuristic Evaluation.",Bruna Santana Capeleti; Caroline Queiroz Santos; Jaqueline Isabel de Souza; André Pimenta Freire,https://doi.org/10.1007/978-3-031-42293-5_9,null,C,no_arxiv,0
2023,INTERACT,"Accessibility Inspections of Mobile Applications by Professionals with Different Expertise Levels: An Empirical Study Comparing with User Evaluations.",Delvani Antônio Mateus; Simone Bacellar Leal Ferreira; Maurício Ronny de Almeida Souza; André Pimenta Freire,https://doi.org/10.1007/978-3-031-42280-5_9,null,C,no_arxiv,0
2021,Behaviour & IT,"End-user development of smart home rules using block-based programming: a comparative usability evaluation with programmers and non-programmers.",Mateus Carvalho Gonçalves; Otávio Neves Lara; Raphael Winckler de Bettio; André Pimenta Freire,https://doi.org/10.1080/0144929X.2021.1921028,null,J,no_arxiv,0
2022,Multimedia Tools Appl.,"Opportunities and accessibility challenges for open-source general-purpose home automation mobile applications for visually disabled users.",Gabriela Amaral Araújo de Oliveira; Otavio de Faria Oliveira; Stênio Abreu; Raphael Winckler de Bettio; André Pimenta Freire,https://doi.org/10.1007/s11042-022-12074-0,null,J,no_arxiv,0
2021,JSS,"Accessibility and Software Engineering Processes: A Systematic Literature Review.",Débora Maria Barroso Paiva; André Pimenta Freire; Renata Pontin de Mattos Fortes,https://doi.org/10.1016/j.jss.2020.110819,null,J,no_arxiv,0
2021,JSS,"Accessibility in the mobile development industry in Brazil: Awareness, knowledge, adoption, motivations and barriers.",Manoel Victor Rodrigues Leite; Lilian Passos Scatalon; André Pimenta Freire; Marcelo Medeiros Eler,https://doi.org/10.1016/j.jss.2021.110942,null,J,no_arxiv,0
