2024,AAAI,"Early Detection of Extreme Storm Tide Events Using Multimodal Data Processing.",Marcel R. de Barros; Andressa Pinto; Andres Monroy; Felipe M. Moreno; Jefferson F. Coelho; Aldomar Pietro Silva; Caio Fabricio Deberaldini Netto; José Roberto Leite; Marlon S. Mathias; Eduardo Aoun Tannuri; Artur Jordão; Edson S. Gomi; Fábio Gagliardi Cozman; Marcelo Dottori; Anna Helena Reali Costa,https://doi.org/10.1609/aaai.v38i20.30194,top,C,no_arxiv,0
2023,Applied Soft Comput.,"Data augmentation techniques in natural language processing.",Lucas Francisco Amaral Orosco Pellicer; Taynan Maier Ferreira; Anna Helena Reali Costa,https://doi.org/10.1016/j.asoc.2022.109803,null,J,no_arxiv,0
2022,Expert Systems Appl.,"Outperforming algorithmic trading reinforcement learning systems: A supervised approach to the cryptocurrency market.",Leonardo Kanashiro Felizardo; Francisco Caio Lima Paiva; Catharine de Vita Graves; Elia Yathie Matsumoto; Anna Helena Reali Costa; Emilio Del-Moral-Hernandez; Paolo Brandimarte,https://doi.org/10.1016/j.eswa.2022.117259,null,J,no_arxiv,0
2020,Artificial Intelligence,"Qualitative case-based reasoning and learning.",Thiago Pedro Donadon Homem; Paulo Eduardo Santos; Anna Helena Reali Costa; Reinaldo Augusto da Costa Bianchi; Ramón López de Mántaras,https://doi.org/10.1016/j.artint.2020.103258,null,J,no_arxiv,0
2020,Expert Systems Appl.,"Combining novelty and popularity on personalised recommendations via user profile learning.",Ricardo Mitollo Bertani; Reinaldo A. C. Bianchi; Anna Helena Reali Costa,https://doi.org/10.1016/j.eswa.2019.113149,null,J,no_arxiv,0
2020,Expert Systems Appl.,": Deep Case-based Policy Inference for knowledge transfer in Reinforcement Learning.",Ruben Glatt; Felipe Leno da Silva; Reinaldo Augusto da Costa Bianchi; Anna Helena Reali Costa,https://doi.org/10.1016/j.eswa.2020.113420,null,J,no_arxiv,0
2019,Journal of AI Research,"A Survey on Transfer Learning for Multiagent Reinforcement Learning Systems.",Felipe Leno da Silva; Anna Helena Reali Costa,https://doi.org/10.1613/jair.1.11396,top,J,no_arxiv,0
2019,IEEE Trans. Cybernetics,"MOO-MDP: An Object-Oriented Representation for Cooperative Multiagent Reinforcement Learning.",Felipe Leno da Silva; Ruben Glatt; Anna Helena Reali Costa,https://doi.org/10.1109/TCYB.2017.2781130,null,J,no_arxiv,0
2021,CIKM,"Pirá: A Bilingual Portuguese-English Dataset for Question-Answering about the Ocean.",André F. A. Paschoal; Paulo Pirozelli; Valdinei Freire; Karina Valdivia Delgado; Sarajane M. Peres; Marcos Menon José; Flávio Nakasato Cação; André Seidel Oliveira; Anarosa A. F. Brandão; Anna H. R. Costa; Fábio Gagliardi Cozman,https://doi.org/10.1145/3459637.3482012,null,C,no_arxiv,0
