2021,Applied Soft Comput.,"An exploratory analysis of data noisy scenarios in a Pareto-front based dynamic feature selection method.",Jhoseph Jesus; Anne M. P. Canuto; Daniel Araújo 0001,https://doi.org/10.1016/j.asoc.2020.106951,null,J,no_arxiv,0
2021,Applied Soft Comput.,"A generalized average linkage criterion for Hierarchical Agglomerative Clustering.",Leonardo Ramos Emmendorfer; Anne Magály de Paula Canuto,https://doi.org/10.1016/j.asoc.2020.106990,null,J,no_arxiv,0
2018,Expert Systems Appl.,"Investigating the impact of selection criteria in dynamic ensemble selection methods.",Jose Augusto S. Lustosa Filho; Anne M. P. Canuto; Regivan Hugo Nunes Santiago,https://doi.org/10.1016/j.eswa.2018.04.002,null,J,no_arxiv,0
2018,Neurocomputing,"Combining multiple algorithms in classifier ensembles using generalized mixture functions.",Valdigleis S. Costa; Antonio Diego Silva Farias; Benjamín R. C. Bedregal; Regivan H. N. Santiago; Anne Magály de Paula Canuto,https://doi.org/10.1016/j.neucom.2018.06.021,null,J,http://arxiv.org/abs/1806.01540v1,0
2018,IEEE Trans. Fuzzy Systems,"Gradual Complex Numbers and Their Application for Performance Evaluation Classifiers.",Emmanuelly L. Souza; Regivan H. N. Santiago; Anne M. P. Canuto; Rômulo de O. Nunes,https://doi.org/10.1109/TFUZZ.2017.2688390,top,J,no_arxiv,0
2021,Inf. Sciences,"EOCD: An ensemble optimization approach for concept drift applications.",Antonino Feitosa Neto; Anne M. P. Canuto,https://doi.org/10.1016/j.ins.2021.01.051,null,J,no_arxiv,0
