2022,ACM Comput. Surveys,"Mobility Trace Analysis for Intelligent Vehicular Networks: Methods, Models, and Applications.",Clayson Celes; Azzedine Boukerche; Antonio A. F. Loureiro,https://doi.org/10.1145/3446679,null,J,no_arxiv,0
2021,ACM Comput. Surveys,"Vehicle Trajectory Similarity: Models, Methods, and Applications.",Roniel S. de Sousa; Azzedine Boukerche; Antonio A. F. Loureiro,https://doi.org/10.1145/3406096,null,J,no_arxiv,0
2019,ACM Comput. Surveys,"Urban Computing Leveraging Location-Based Social Network Data: A Survey.",Thiago Henrique Silva; Aline Carneiro Viana; Fabrício Benevenuto; Leandro Villas; Juliana F. S. Salles; Antonio A. F. Loureiro; Daniele Quercia,https://doi.org/10.1145/3301284,null,J,no_arxiv,0
2018,ACM Comput. Surveys,"Underwater Wireless Sensor Networks: A New Challenge for Topology Control-Based Systems.",Rodolfo W. L. Coutinho; Azzedine Boukerche; Luiz Filipe M. Vieira; Antonio A. F. Loureiro,https://doi.org/10.1145/3154834,null,J,no_arxiv,0
2022,ICDCS,"IoDSCF: A Store-Carry-Forward Routing Protocol for joint Bus Networks and Internet of Drones.",Lailla M. Siqueira Bine; Azzedine Boukerche; Linnyer Beatrys Ruiz; Antonio A. F. Loureiro,https://doi.org/10.1109/ICDCS54860.2022.00096,top,C,no_arxiv,0
2019,IEEE Internet Computing,"A Data-Centric Approach for Social and Spatiotemporal Sensing in Smart Cities.",Kássio L. S. Machado; Azzedine Boukerche; Eduardo Coelho Cerqueira; Antonio A. F. Loureiro,https://doi.org/10.1109/MIC.2018.2881517,null,J,no_arxiv,0
2023,Ad Hoc Networks,"Combining recurrent and Graph Neural Networks to predict the next place's category.",Cláudio Gustavo S. Capanema; Guilherme S. de Oliveira; Fabrício A. Silva; Thais Regina de Moura Braga Silva; Antonio A. F. Loureiro,https://doi.org/10.1016/j.adhoc.2022.103016,null,J,no_arxiv,0
2023,Ad Hoc Networks,"Trajectory Matters: Impact of Jamming Attacks Over the Drone Path Planning on the Internet of Drones.",Alisson Renan Svaigen; Azzedine Boukerche; Linnyer B. Ruiz; Antonio A. F. Loureiro,https://doi.org/10.1016/j.adhoc.2023.103179,null,J,no_arxiv,0
2023,Ad Hoc Networks,"IoDMix: A novel routing protocol for Delay-Tolerant Internet of Drones integration in Intelligent Transportation System.",Lailla M. Siqueira Bine; Azzedine Boukerche; Linnyer B. Ruiz; Antonio A. F. Loureiro,https://doi.org/10.1016/j.adhoc.2023.103204,null,J,no_arxiv,0
2023,Computer Networks,"CAIN: An energy-aware and intelligent increasing coverage area routing protocol for future 6G networks.",Ricardo Pagoto Marinho; Luiz Filipe M. Vieira; Marcos A. M. Vieira; Antonio A. F. Loureiro,https://doi.org/10.1016/j.comnet.2023.109733,null,J,no_arxiv,0
2022,Ad Hoc Networks,"SocialRoute: A low-cost opportunistic routing strategy based on social contacts.",Augusto C. S. A. Domingues; Henrique de Souza Santana; Fabrício A. Silva; Pedro O. S. Vaz de Melo; Antonio A. F. Loureiro,https://doi.org/10.1016/j.adhoc.2022.102949,null,J,no_arxiv,0
2022,Computer Networks,"On the prediction of large-scale road-network constrained trajectories.",Roniel S. de Sousa; Azzedine Boukerche; Antonio A. F. Loureiro,https://doi.org/10.1016/j.comnet.2021.108337,null,J,no_arxiv,0
2022,Computer Comm.,"BioMixD: A Bio-Inspired and Traffic-Aware Mix Zone Placement Strategy for Location Privacy on the Internet of Drones.",Alisson Renan Svaigen; Azzedine Boukerche; Linnyer Beatrys Ruiz; Antonio A. F. Loureiro,https://doi.org/10.1016/j.comcom.2022.07.012,null,J,no_arxiv,0
2021,MSWiM,"MixDrones: A Mix Zones-based Location Privacy Protection Mechanism for the Internet of Drones.",Alisson Renan Svaigen; Azzedine Boukerche; Linnyer Beatrys Ruiz; Antonio A. F. Loureiro,https://doi.org/10.1145/3479239.3485712,null,C,no_arxiv,0
2020,Computer Networks,"Editorial: 5G-Enabled Internet of Things, applications and services.",Marília Curado; Giacomo Tanganelli; Antonio A. F. Loureiro; Eirini-Eleni Tsiropoulou,https://doi.org/10.1016/j.comnet.2020.107229,null,J,no_arxiv,0
2020,Computer Networks,"Skipping-based handover algorithm for video distribution over ultra-dense VANET.",Allan Costa; Lucas Pacheco; Denis do Rosário; Leandro Villas; Antonio A. F. Loureiro; Susana Sargento; Eduardo Cerqueira,https://doi.org/10.1016/j.comnet.2020.107252,null,J,no_arxiv,0
2020,Computer Comm.,"A novel opportunistic power controlled routing protocol for internet of underwater things.",Rodolfo W. L. Coutinho; Azzedine Boukerche; Antonio A. F. Loureiro,https://doi.org/10.1016/j.comcom.2019.10.020,null,J,no_arxiv,0
2020,Computer Comm.,"A distributed and low-overhead traffic congestion control protocol for vehicular ad hoc networks.",Roniel S. de Sousa; Azzedine Boukerche; Antonio A. F. Loureiro,https://doi.org/10.1016/j.comcom.2020.05.032,null,J,no_arxiv,0
2020,Computer Comm.,"Uncovering spatiotemporal and semantic aspects of tourists mobility using social sensing.",Ana Paula Gomes Ferreira; Thiago Henrique Silva; Antonio A. F. Loureiro,https://doi.org/10.1016/j.comcom.2020.06.005,null,J,http://arxiv.org/abs/2005.09033v1,0
2020,MSWiM,"Calibrating Bus Mobility Data for Bus-based Urban Vehicular Networks.",Clayson Celes; Azzedine Boukerche; Antonio A. F. Loureiro,https://doi.org/10.1145/3416010.3423239,null,C,no_arxiv,0
2019,Ad Hoc Networks,"Mobility-aware application protocols.",Bruno Yuji Lino Kimura; Roberto Sadao Yokoyama; Leandro A. Villas; Antonio A. F. Loureiro,https://doi.org/10.1016/j.adhoc.2018.09.011,null,J,no_arxiv,0
2019,IEEE Comm. Magazine,"Crowd Management: A New Challenge for Urban Big Data Analytics.",Clayson Celes; Azzedine Boukerche; Antonio A. F. Loureiro,https://doi.org/10.1109/MCOM.2019.1800640,null,J,no_arxiv,0
2019,IEEE Commun. Surv. Tutorials,"Vehicular Data Space: The Data Point of View.",Paulo H. L. Rettore; Guilherme Maia; Leandro A. Villas; Antonio A. F. Loureiro,https://doi.org/10.1109/COMST.2019.2911906,null,J,no_arxiv,0
2019,IEEE/ACM Trans. Networking,"Interpath Contention in MultiPath TCP Disjoint Paths.",Bruno Yuji Lino Kimura; Demetrius C. S. F. Lima; Leandro A. Villas; Antonio A. F. Loureiro,https://doi.org/10.1109/TNET.2019.2923955,top,J,no_arxiv,0
2018,Ad Hoc Networks,"A novel self-adaptive content delivery protocol for vehicular networks.",Rodolfo Ipolito Meneguette; Azzedine Boukerche; Fabrício A. Silva; Leandro Villas; Linnyer Beatrys Ruiz; Antonio A. F. Loureiro,https://doi.org/10.1016/j.adhoc.2018.02.005,null,J,no_arxiv,0
2018,Ad Hoc Networks,"Mobile Matrix: Routing under mobility in IoT, IoMT, and Social IoT.",Bruno P. Santos; Olga Goussevskaia; Luiz Filipe M. Vieira; Marcos Augusto M. Vieira; Antonio A. F. Loureiro,https://doi.org/10.1016/j.adhoc.2018.05.012,null,J,no_arxiv,0
2018,IEEE Comm. Magazine,"Combining Spatial and Social Awareness in D2D Opportunistic Routing.",Ivan Oliveira Nunes; Clayson Celes; Igor Nunes; Pedro O. S. Vaz de Melo; Antonio A. F. Loureiro,https://doi.org/10.1109/MCOM.2017.1600657,null,J,no_arxiv,0
2018,IEEE Comm. Magazine,"Design Guidelines for Information-Centric Connected and Autonomous Vehicles.",Rodolfo W. L. Coutinho; Azzedine Boukerche; Antonio A. F. Loureiro,https://doi.org/10.1109/MCOM.2018.1800134,null,J,no_arxiv,0
2018,Computer Networks,"Matrix: Multihop Address allocation and dynamic any-To-any Routing for 6LoWPAN.",Bruna Soares Peres; Bruno P. Santos; Otávio Augusto de Oliviera Souza; Olga Goussevskaia; Marcos Augusto M. Vieira; Luiz Filipe M. Vieira; Antonio A. F. Loureiro,https://doi.org/10.1016/j.comnet.2018.04.017,null,J,no_arxiv,0
2018,Computer Comm.,"Combining taxi and social media data to explore urban mobility issues.",Diego O. Rodrigues; Azzedine Boukerche; Thiago Henrique Silva; Antonio A. F. Loureiro; Leandro A. Villas,https://doi.org/10.1016/j.comcom.2018.10.004,null,J,no_arxiv,0
2018,IEEE Commun. Surv. Tutorials,"Localization Prediction in Vehicular Ad Hoc Networks.",Leandro N. Balico; Antonio A. F. Loureiro; Eduardo Freire Nakamura; Raimundo S. Barreto; Richard W. Pazzi; Horacio A. B. F. de Oliveira,https://doi.org/10.1109/COMST.2018.2841901,null,J,no_arxiv,0
2018,MSWiM,"PCR: A Power Control-based Opportunistic Routing for Underwater Sensor Networks.",Rodolfo W. L. Coutinho; Azzedine Boukerche; Antonio A. F. Loureiro,https://doi.org/10.1145/3242102.3242123,null,C,no_arxiv,0
2018,MSWiM,"MOCHA: A Tool for Mobility Characterization.",Fabrício R. de Souza; Augusto C. S. A. Domingues; Pedro O. S. Vaz de Melo; Antonio A. F. Loureiro,https://doi.org/10.1145/3242102.3242124,null,C,no_arxiv,0
