2021,Concurrency and Computation,"Memory allocation anomalies in high-performance computing applications: A study with numerical simulations.",Antônio Tadeu A. Gomes; Enzo Molion; Roberto Pinto Souto; Jean-François Méhaut,https://doi.org/10.1002/cpe.6094,null,J,no_arxiv,0
2020,Future Generation CS,"BioinfoPortal: A scientific gateway for integrating bioinformatics applications on the Brazilian national high-performance computing network.",Kary A. C. S. Ocaña; Marcelo Galheigo; Carla Osthoff; Luiz M. R. Gadelha Jr.; Fábio Porto 0001; Antônio Tadeu A. Gomes; Daniel de Oliveira 0001; Ana Tereza Ribeiro de Vasconcelos,https://doi.org/10.1016/j.future.2020.01.030,null,J,no_arxiv,0
2019,Concurrency and Computation,"A comprehensive performance evaluation of the BinLPT workload-aware loop scheduler.",Pedro Henrique Penna; Antônio Tadeu A. Gomes; Márcio Castro 0001; Patricia Della Méa Plentz; Henrique C. Freitas; François Broquedis; Jean-François Méhaut,https://doi.org/10.1002/cpe.5170,null,J,no_arxiv,0
2020,Communications ACM,"The Latin American supercomputing ecosystem for science.",Isidoro Gitler; Antônio Tadeu A. Gomes; Sergio Nesmachnow,https://doi.org/10.1145/3419977,null,J,no_arxiv,0
2019,CCGrid,"Towards a Science Gateway for Bioinformatics: Experiences in the Brazilian System of High Performance Computing.",Kary Ann del Carmen Ocaña Gautherot; Marcelo Galheigo; Carla Osthoff; Luiz M. R. Gadelha Jr.; Antônio Tadeu A. Gomes; Daniel de Oliveira 0001; Fábio Porto 0001; Ana Tereza Ribeiro de Vasconcelos,https://doi.org/10.1109/CCGRID.2019.00082,null,C,no_arxiv,0
