2024,Multimedia Tools Appl.,"Pinch gesture interaction in the peripersonal space using VST smartphone-based HMDs.",Lucca Vieira Batistão; Antonio Carlos Sementille; Cléber Gimenez Corrêa; Silvio Ricardo Rodrigues Sanches,https://doi.org/10.1007/s11042-024-18736-5,null,J,no_arxiv,0
2022,Multimedia Tools Appl.,"Optimizing a medical image registration algorithm based on profiling data for real-time performance.",Carlos A. S. J. Gulo; Antonio Carlos Sementille; João Manuel R. S. Tavares,https://doi.org/10.1007/s11042-021-11699-x,null,J,no_arxiv,0
2021,Multimedia Tools Appl.,"Recommendations for evaluating the performance of background subtraction algorithms for surveillance systems.",Silvio Ricardo Rodrigues Sanches; Antonio Carlos Sementille; Ivan Abdo Aguilar; Valdinei Freire,https://doi.org/10.1007/s11042-020-09838-x,null,J,no_arxiv,0
2019,Multimedia Tools Appl.,"PAD: a perceptual application-dependent metric for quality assessment of segmentation algorithms.",Silvio Ricardo Rodrigues Sanches; Antonio Carlos Sementille; Romero Tori; Luiz Ricardo Nakamura; Valdinei Freire,https://doi.org/10.1007/s11042-019-07958-7,null,J,no_arxiv,0
2019,Multimedia Tools Appl.,"ARStudio - A low-cost virtual studio based on Augmented Reality for video production.",Ivan Abdo Aguilar; Antonio Carlos Sementille; Silvio Ricardo Rodrigues Sanches,https://doi.org/10.1007/s11042-019-08064-4,null,J,no_arxiv,0
