2023,ACM Comput. Surveys,"A Survey on Embedding Dynamic Graphs.",Claudio Daniel Tenorio de Barros; Matheus R. F. Mendonça; Alex Borges Vieira; Artur Ziviani,https://doi.org/10.1145/3483595,null,J,http://arxiv.org/abs/2101.01229v2,0
2020,Communications ACM,"Digital healthcare in Latin America: the case of Brazil and Mexico.",Monica Tentori; Artur Ziviani; Débora C. Muchaluat-Saade; Jesús Favela,https://doi.org/10.1145/3423923,null,J,no_arxiv,0
2019,ACM Comput. Surveys,"Graph-Based Skill Acquisition For Reinforcement Learning.",Matheus R. F. Mendonça; Artur Ziviani; André da Motta Salles Barreto,https://doi.org/10.1145/3291045,null,J,no_arxiv,0
2020,Inf. Sciences,"Efficient network seeding under variable node cost and limited budget for social networks.",R. C. de Souza; Daniel R. Figueiredo 0001; Antônio A. de A. Rocha; Artur Ziviani,https://doi.org/10.1016/j.ins.2019.11.029,null,J,no_arxiv,0
2020,Inf. Sciences,"CoVeC: Coarse-grained vertex clustering for efficient community detection in sparse complex networks.",Gustavo S. Carnivali; Alex Borges Vieira; Artur Ziviani; Paulo A. A. Esquef,https://doi.org/10.1016/j.ins.2020.03.004,null,J,no_arxiv,0
2022,Computer Comm.,"On building human-aware opportunistic communication strategies for cost-effective content delivery.",Rafael Lima Costa; Aline Carneiro Viana; Artur Ziviani; Leobino N. Sampaio,https://doi.org/10.1016/j.comcom.2022.05.033,null,J,no_arxiv,0
2019,Computer Networks,"Link streams: Methods and applications.",Matthieu Latapy; Marco Fiore; Artur Ziviani,https://doi.org/10.1016/j.comnet.2018.12.010,null,J,no_arxiv,0
2019,Theor. Comput. Sci.,"Algorithmic networks: Central time to trigger expected emergent open-endedness.",Felipe S. Abrahão; Klaus Wehmuth; Artur Ziviani,https://doi.org/10.1016/j.tcs.2019.03.008,null,J,no_arxiv,0
