2019,Future Generation CS,"Cross-layer multiuser session control for optimized communications on SDN-based cloud platforms.",Helber Wagner da Silva; Felipe Barbalho; Augusto José Venâncio Neto,https://doi.org/10.1016/j.future.2017.11.016,null,J,no_arxiv,0
2021,J. Grid Comput.,"Cloud-Network Slicing MANO Towards an Efficient IoT-Cloud Continuum.",Douglas Braz Maciel; Emidio P. Neto; Kevin B. Costa; Mathews P. S. Lima; Vitor Lopes; Augusto J. V. Neto; Felipe Sampaio Dantas da Silva; Silvio Sampaio,https://doi.org/10.1007/s10723-021-09588-6,null,J,no_arxiv,0
2021,IEEE Comm. Magazine,"The NECOS Approach to End-to-End Cloud-Network Slicing as a Service.",Stuart Clayman; Augusto Neto 0001; Fábio Luciano Verdi; Sand Correa; Silvio Sampaio; Ilias Sakellariou; Lefteris Mamatas; Rafael Pasquini; Kleber Vieira Cardoso; Francesco Tusa; Christian Esteve Rothenberg; Joan Serrat 0001,https://doi.org/10.1109/MCOM.001.2000702,null,J,no_arxiv,0
2021,Computer Networks,"Seamless MANO of multi-vendor SDN controllers across federated multi-domains.",Emidio P. Neto; Felipe Sampaio Dantas da Silva; Lucas M. Schneider; Augusto José Venâncio Neto; Roger Immich,https://doi.org/10.1016/j.comnet.2020.107752,null,J,no_arxiv,0
2018,Computer Comm.,"A real-time robust indoor tracking system in smartphones.",Jose Luis Carrera; Zhongliang Zhao; Torsten Braun; Zan Li 0002; Augusto Neto 0001,https://doi.org/10.1016/j.comcom.2017.09.004,null,J,no_arxiv,0
