2024,SCP,"Local deadlock analysis of Simulink models based on timed behavioural patterns and theorem proving.",Joabe Jesus; Augusto Sampaio 0001,https://doi.org/10.1016/j.scico.2024.103113,null,J,no_arxiv,0
2022,SEFM,"Specification is Law: Safe Creation and Upgrade of Ethereum Smart Contracts.",Pedro Antonino; Juliandson Ferreira; Augusto Sampaio 0001; A. W. Roscoe 0001,https://doi.org/10.1007/978-3-031-17108-6_14,null,C,http://arxiv.org/abs/2205.07529v1,0
2019,SCP,"Verified simulation for robotics.",Ana Cavalcanti 0001; Augusto Sampaio 0001; Alvaro Miyazawa; Pedro Ribeiro 0002; Madiel Conserva Filho; André Didier; Wei Li 0055; Jon Timmis,https://doi.org/10.1016/j.scico.2019.01.004,null,J,no_arxiv,0
2019,SCP,"Test case generation, selection and coverage from natural language.",Sidney C. Nogueira; Hugo Leonardo da Silva Araujo; Renata B. S. Araujo; Juliano Iyoda; Augusto Sampaio 0001,https://doi.org/10.1016/j.scico.2019.01.003,null,J,no_arxiv,0
2019,SCP,"CPN simulation-based test case generation from controlled natural-language requirements.",Bruno Cesar F. Silva; Gustavo Carvalho; Augusto Sampaio 0001,https://doi.org/10.1016/j.scico.2019.04.001,null,J,no_arxiv,0
2019,SEFM,"Multi-objective Search for Effective Testing of Cyber-Physical Systems.",Hugo Leonardo da Silva Araujo; Gustavo Carvalho; Mohammad Reza Mousavi 0001; Augusto Sampaio 0001,https://doi.org/10.1007/978-3-030-30446-1_10,null,C,no_arxiv,0
2024,SoSyM,"A refinement-based approach to safe smart contract deployment and evolution.",Pedro Antonino; Juliandson Ferreira; Augusto Sampaio 0001; A. W. Roscoe 0001; Filipe Arruda,https://doi.org/10.1007/s10270-023-01143-z,null,J,no_arxiv,0
2024,SoSyM,"A formal component model for UML based on CSP aiming at compositional verification.",Flávia Falcão; Lucas Lima 0001; Augusto Sampaio 0001; Pedro Antonino,https://doi.org/10.1007/s10270-023-01127-z,null,J,no_arxiv,0
2020,JSS,"A refinement checking based strategy for component-based systems evolution.",José Dihego; Augusto Sampaio 0001; Marcel Oliveira,https://doi.org/10.1016/j.jss.2020.110598,null,J,no_arxiv,0
2020,SCP,"Automation and consistency analysis of test cases written in natural language: An industrial context.",Filipe Arruda; Flávia A. Barros; Augusto Sampaio 0001,https://doi.org/10.1016/j.scico.2019.102377,null,J,no_arxiv,0
