2022,SEFM,"Specification is Law: Safe Creation and Upgrade of Ethereum Smart Contracts.",Pedro Antonino; Juliandson Ferreira; Augusto Sampaio; A. W. Roscoe 0001,https://doi.org/10.1007/978-3-031-17108-6_14,null,C,http://arxiv.org/abs/2205.07529v1,0
2019,SCP,"Verified simulation for robotics.",Ana Cavalcanti 0001; Augusto Sampaio; Alvaro Miyazawa; Pedro Ribeiro 0002; Madiel Conserva Filho; André Didier; Wei Li 0055; Jon Timmis,https://doi.org/10.1016/j.scico.2019.01.004,null,J,no_arxiv,0
2019,SCP,"Test case generation, selection and coverage from natural language.",Sidney C. Nogueira; Hugo Leonardo da Silva Araujo; Renata B. S. Araujo; Juliano Iyoda; Augusto Sampaio,https://doi.org/10.1016/j.scico.2019.01.003,null,J,no_arxiv,0
2019,SCP,"CPN simulation-based test case generation from controlled natural-language requirements.",Bruno Cesar F. Silva; Gustavo Carvalho; Augusto Sampaio,https://doi.org/10.1016/j.scico.2019.04.001,null,J,no_arxiv,0
2019,SEFM,"Multi-objective Search for Effective Testing of Cyber-Physical Systems.",Hugo Leonardo da Silva Araujo; Gustavo Carvalho; Mohammad Reza Mousavi 0001; Augusto Sampaio,https://doi.org/10.1007/978-3-030-30446-1_10,null,C,no_arxiv,0
2018,SCP,"Sound conformance testing for cyber-physical systems: Theory and implementation.",Hugo Leonardo da Silva Araujo; Gustavo Carvalho; Morteza Mohaqeqi; Mohammad Reza Mousavi 0001; Augusto Sampaio,https://doi.org/10.1016/j.scico.2017.07.002,null,J,no_arxiv,0
2020,JSS,"A refinement checking based strategy for component-based systems evolution.",José Dihego; Augusto Sampaio; Marcel Oliveira,https://doi.org/10.1016/j.jss.2020.110598,null,J,no_arxiv,0
2020,SCP,"Automation and consistency analysis of test cases written in natural language: An industrial context.",Filipe Arruda; Flávia A. Barros; Augusto Sampaio,https://doi.org/10.1016/j.scico.2019.102377,null,J,no_arxiv,0
