2024,Expert Systems Appl.,"An adaptive evolutionary multi-objective clustering based on the data properties of the base partitions.",Cristina Y. Morimoto; Aurora Trinidad Ramirez Pozo; Marcílio Carlos Pereira de Souto,https://doi.org/10.1016/j.eswa.2023.123102,null,J,no_arxiv,0
2023,Applied Soft Comput.,"Creating deep neural networks for text classification tasks using grammar genetic programming.",Dimmy Magalhães; Ricardo Henrique Remes de Lima; Aurora T. R. Pozo,https://doi.org/10.1016/j.asoc.2023.110009,null,J,no_arxiv,0
2022,Expert Systems Appl.,"On the cooperation of meta-heuristics for solving many-objective problems: An empirical analysis including benchmark and real-world problems.",Gian Mauricio Fritsche; Aurora T. R. Pozo,https://doi.org/10.1016/j.eswa.2021.116343,null,J,no_arxiv,0
2022,Expert Systems Appl.,"Global and local structure preserving GPU t-SNE methods for large-scale applications.",Bruno Henrique Meyer; Aurora Trinidad Ramirez Pozo; Wagner M. Nunan Zola,https://doi.org/10.1016/j.eswa.2022.116918,null,J,no_arxiv,0
2021,Expert Systems Appl.,"An empirical analysis of constraint handling on evolutionary multi-objective algorithms for the Environmental/Economic Load Dispatch problem.",Josiel Neumann Kuk; Richard Aderbal Gonçalves; Lucas Marcondes Pavelski; Sandra Mara Guse Scós Venske; Carolina Paula de Almeida; Aurora Trinidad Ramirez Pozo,https://doi.org/10.1016/j.eswa.2020.113774,null,J,no_arxiv,0
2019,GECCO,"Cooperative based hyper-heuristic for many-objective optimization.",Gian Mauricio Fritsche; Aurora T. R. Pozo,https://doi.org/10.1145/3321707.3321740,null,C,no_arxiv,0
2019,J. Parallel Distrib. Comput.,"Parallel multi-swarm PSO strategies for solving many objective optimization problems.",Arion de Campos Jr.; Aurora T. R. Pozo; Elias P. Duarte Jr.,https://doi.org/10.1016/j.jpdc.2018.11.008,null,J,no_arxiv,0
2024,BMC Bioinformatics,"biomapp::chip: large-scale motif analysis.",Jader M. Caldonazzo Garbelini; Danilo Sipoli Sanches; Aurora T. R. Pozo,https://doi.org/10.1186/s12859-024-05752-3,null,J,no_arxiv,0
2022,Inf. Sciences,"An analysis of the admissibility of the objective functions applied in evolutionary multi-objective clustering.",Cristina Y. Morimoto; Aurora T. R. Pozo; Marcilio C. P. de Souto,https://doi.org/10.1016/j.ins.2022.08.045,null,J,no_arxiv,0
2020,Theor. Comput. Sci.,"On the use of fitness landscape features in meta-learning based algorithm selection for the quadratic assignment problem.",Augusto Lopez Dantas; Aurora T. R. Pozo,https://doi.org/10.1016/j.tcs.2019.10.033,null,J,no_arxiv,0
