2021,Knowledge-Based Syst.,"Building energy consumption models based on smartphone user's usage patterns.",Antonio Correia de Sa Barreto Neto; Felipe Farias; Marco Aurelio Tomaz Mialaret; Bruno Cartaxo; Priscila Alves Lima; Paulo Romero Martins Maciel,https://doi.org/10.1016/j.knosys.2020.106680,null,J,http://arxiv.org/abs/2012.10246v1,0
2022,IST,"Developers' viewpoints to avoid bug-introducing changes.",Jairo Souza; Rodrigo Lima; Baldoino Fonseca; Bruno Cartaxo; Márcio Ribeiro 0001; Gustavo Pinto 0001; Rohit Gheyi; Alessandro Garcia 0001,https://doi.org/10.1016/j.infsof.2021.106766,null,J,no_arxiv,0
2021,IST,"Grey Literature in Software Engineering: A critical review.",Fernando Kamei; Igor Wiese; Crescencio Lima; Ivanilton Polato; Vilmar Nepomuceno; Waldemar Ferreira; Márcio Ribeiro 0001; Carolline Pena; Bruno Cartaxo; Gustavo Pinto 0001; Sérgio Soares,https://doi.org/10.1016/j.infsof.2021.106609,null,J,http://arxiv.org/abs/2104.13435v2,0
2021,IEEE Software,"How Successful Are Open Source Contributions From Countries With Different Levels of Human Development?",Leonardo B. Furtado; Bruno Cartaxo; Christoph Treude; Gustavo Pinto 0001,https://doi.org/10.1109/MS.2020.3044020,null,J,http://arxiv.org/abs/2012.03716v1,0
2019,IST,"PrioriTTVs: A process aimed at supporting researchers to prioritize threats to validity and their mitigation actions when planning controlled experiments in SE.",Eudis Teixeira; Liliane Fonseca; Bruno Cartaxo; Sérgio Soares,https://doi.org/10.1016/j.infsof.2019.07.008,null,J,no_arxiv,0
2019,ESEM,"Software Engineering Research Community Viewpoints on Rapid Reviews.",Bruno Cartaxo; Gustavo Pinto 0001; Baldoino Fonseca; Márcio Ribeiro 0001; Pedro Pinheiro; Maria Teresa Baldassarre; Sérgio Soares,https://doi.org/10.1109/ESEM.2019.8870144,null,C,http://arxiv.org/abs/1906.11351v1,0
2019,ESEM,"Continuous Integration Theater.",Wagner Felidré; Leonardo B. Furtado; Daniel Alencar da Costa; Bruno Cartaxo; Gustavo Pinto 0001,https://doi.org/10.1109/ESEM.2019.8870152,null,C,http://arxiv.org/abs/1907.01602v1,0
