2025,Int. J. HCI,"Characterizing UX Assessment in the Context of Immersive Experiences: A Systematic Mapping Study.",Leonardo C. Marques; Monalessa P. Barcellos; Bruno Gadelha; Tayana Conte,https://doi.org/10.1080/10447318.2024.2351711,null,J,no_arxiv,0
2025,JSS,"How are discussions linked? A link analysis study on GitHub Discussions.",Márcia Lima; Igor Steinmacher; Denae Ford; Grace Vorreuter; Ludimila Gonçalves; Tayana Conte; Bruno Gadelha,https://doi.org/10.1016/j.jss.2024.112196,null,J,no_arxiv,0
2023,EMSE,"Much more than a prediction: Expert-based software effort estimation as a behavioral act.",Patrícia G. F. Matsubara; Igor Steinmacher; Bruno Gadelha; Tayana Conte,https://doi.org/10.1007/s10664-023-10332-9,null,J,no_arxiv,0
2023,ICSE,"Moving on from the Software Engineers' Gambit: An Approach to Support the Defense of Software Effort Estimates.",Patrícia G. F. Matsubara; Igor Steinmacher; Bruno Gadelha; Tayana Conte,https://doi.org/10.1109/ICSE48619.2023.00068,top,C,http://arxiv.org/abs/2302.07229v1,0
2022,JSS,"SEXTAMT: A systematic map to navigate the wide seas of factors affecting expert judgment software estimates.",Patrícia Gomes Fernandes Matsubara; Bruno F. Gadelha; Igor Steinmacher; Tayana Uchôa Conte,https://doi.org/10.1016/j.jss.2021.111148,null,J,no_arxiv,0
2021,REJ,"A framework for evaluating and improving requirements specifications based on the developers and testers perspective.",Ana Carolina Oran; Gleison Santos; Bruno Gadelha; Tayana Conte,https://doi.org/10.1007/s00766-021-00352-6,null,J,no_arxiv,0
