2023,AAMAS,"Sample-Efficient Multi-Objective Learning via Generalized Policy Improvement Prioritization.",Lucas Nunes Alegre; Ana L. C. Bazzan; Diederik M. Roijers; Ann Nowé; Bruno C. da Silva 0001,https://dl.acm.org/doi/10.5555/3545946.3598872,null,C,no_arxiv,0
2021,AAMAS,"Minimum-Delay Adaptation in Non-Stationary Reinforcement Learning via Online High-Confidence Change-Point Detection.",Lucas Nunes Alegre; Ana L. C. Bazzan; Bruno C. da Silva 0001,https://www.ifaamas.org/Proceedings/aamas2021/pdfs/p97.pdf,null,C,no_arxiv,0
2022,ICML,"Optimistic Linear Support and Successor Features as a Basis for Optimal Policy Transfer.",Lucas Nunes Alegre; Ana L. C. Bazzan; Bruno C. da Silva 0001,https://proceedings.mlr.press/v162/alegre22a.html,top,C,http://arxiv.org/abs/2206.11326v1,0
2022,ICML,"Constrained Offline Policy Optimization.",Nicholas Polosky; Bruno C. da Silva 0001; Madalina Fiterau; Jithin Jagannath,https://proceedings.mlr.press/v162/polosky22a.html,top,C,no_arxiv,0
2022,NIPS/NeurIPS,"Off-Policy Evaluation for Action-Dependent Non-stationary Environments.",Yash Chandak; Shiv Shankar; Nathaniel D. Bastian; Bruno C. da Silva 0001; Emma Brunskill; Philip S. Thomas,http://papers.nips.cc/paper_files/paper/2022/hash/3bf80b34f731313b8292f4578e820c90-Abstract-Conference.html,top,C,no_arxiv,0
2021,ICML,"Posterior Value Functions: Hindsight Baselines for Policy Gradient Methods.",Chris Nota; Philip S. Thomas; Bruno C. da Silva 0001,http://proceedings.mlr.press/v139/nota21a.html,top,C,no_arxiv,0
2021,NIPS/NeurIPS,"Universal Off-Policy Evaluation.",Yash Chandak; Scott Niekum; Bruno C. da Silva 0001; Erik G. Learned-Miller; Emma Brunskill; Philip S. Thomas,https://proceedings.neurips.cc/paper/2021/hash/e71e5cd119bbc5797164fb0cd7fd94a4-Abstract.html,top,C,no_arxiv,0
2018,Computers & Graphics,"A task-and-technique centered survey on visual analytics for deep learning model engineering.",Rafael Garcia; Alexandru C. Telea; Bruno Castro da Silva; Jim Tørresen; João Luiz Dihl Comba,https://doi.org/10.1016/j.cag.2018.09.018,null,J,no_arxiv,0
