2023,Applied Soft Comput.,"An Artificial Intelligence-as-a-Service Architecture for deep learning model embodiment on low-cost devices: A case study of COVID-19 diagnosis.",Larissa Ferreira Rodrigues Moreira; Rodrigo Moreira; Bruno Augusto Nassif Travençolo; André Ricardo Backes,https://doi.org/10.1016/j.asoc.2023.110014,null,J,no_arxiv,0
2020,IEEE BIBM,"Segmentation of Oral Epithelial Dysplasias Employing Mask R-CNN and Color Normalization.",Adriano Barbosa-Silva; Dalí F. D. dos Santos; Thaína A. A. Tosta; Alessandro Santana Martins; Leandro Alves Neves; Bruno A. N. Travençolo; Paulo Rogério de Faria; Marcelo Zanchetta do Nascimento,https://doi.org/10.1109/BIBM49941.2020.9313101,null,C,no_arxiv,0
2021,Computers & Graphics,"An online and nonuniform timeslicing method for network visualisation.",Jean R. Ponciano; Claudio D. G. Linhares; Elaine R. Faria; Bruno A. N. Travençolo,https://doi.org/10.1016/j.cag.2021.04.006,null,J,http://arxiv.org/abs/2009.11422v1,0
2020,Multimedia Tools Appl.,"Visual analysis for evaluation of community detection algorithms.",Claudio D. G. Linhares; Jean R. Ponciano; Fabíola S. F. Pereira; Luis E. C. Rocha; Jose Gustavo de Souza Paiva; Bruno A. N. Travençolo,https://doi.org/10.1007/s11042-020-08700-4,null,J,no_arxiv,0
2019,Computers & Graphics,"A scalable node ordering strategy based on community structure for enhanced temporal network visualization.",Claudio D. G. Linhares; Jean R. Ponciano; Fabíola S. F. Pereira; Luis E. C. Rocha; Jose Gustavo Paiva; Bruno A. N. Travençolo,https://doi.org/10.1016/j.cag.2019.08.006,null,J,no_arxiv,0
2020,JVCI,"Automated standardization of images of  embryos.",Daniela Justiniano de Sousa; Maira Arruda Cardoso; Paulo Mascarello Bisch; Francisco José Pereira Lopes; Bruno Augusto Nassif Travençolo,https://doi.org/10.1016/j.jvcir.2020.102758,null,J,no_arxiv,0
