2020,Multimedia Tools Appl.,"Complexity and compression efficiency assessment of 3D-HEVC encoder.",Mário Saldanha; Ruhan A. Conceição; Vladimir Afonso; Giovanni Avila; Altamiro Amadeu Susin; Marcelo Schiavon Porto; Bruno Zatt; Guilherme Corrêa 0001; Luciano Agostini,https://doi.org/10.1007/s11042-020-09257-y,null,J,no_arxiv,0
2023,IEEE TVLSI,"A High-Throughput Hardware Design for the AV1 Decoder Intraprediction.",Jones William Goebel; Luciano Volcan Agostini; Bruno Zatt; Marcelo Schiavon Porto,https://doi.org/10.1109/TVLSI.2023.3239388,null,J,no_arxiv,0
2020,IEEE TCAS,"Residual Syntax Elements Analysis and Design Targeting High-Throughput HEVC CABAC.",Fábio Luís Livi Ramos; Alessandro Via Piana Saggiorato; Bruno Zatt; Marcelo Schiavon Porto; Sergio Bampi,https://doi.org/10.1109/TCSI.2019.2932891,top,J,no_arxiv,0
2019,IEEE TCAS,"Quality and Energy-Aware HEVC Transrating Based on Machine Learning.",Thiago Luiz Alves Bubolz; Ruhan A. Conceição; Mateus Grellert; Luciano Agostini; Bruno Zatt; Guilherme Corrêa 0001,https://doi.org/10.1109/TCSI.2019.2903978,top,J,no_arxiv,0
2022,IEEE TCSVT,"FastInter360: A Fast Inter Mode Decision for HEVC 360 Video Coding.",Iago Storch; Luciano Agostini; Bruno Zatt; Sergio Bampi; Daniel Palomino 0001,https://doi.org/10.1109/TCSVT.2021.3096752,null,J,no_arxiv,0
2021,IEEE TCSVT,"Energy-Throughput Configurable Design for Video Processing Binary Arithmetic Encoder.",Fábio Luís Livi Ramos; Bruno Zatt; Marcelo Schiavon Porto; Sergio Bampi,https://doi.org/10.1109/TCSVT.2020.2991333,null,J,no_arxiv,0
2019,IEEE TCSVT,"Fast Coding Unit Partition Decision for HEVC Using Support Vector Machines.",Mateus Grellert; Bruno Zatt; Sergio Bampi; Luís Alberto da Silva Cruz,https://doi.org/10.1109/TCSVT.2018.2849941,null,J,no_arxiv,0
2019,IEEE TCSVT,"Energy-Aware Motion and Disparity Estimation System for 3D-HEVC With Run-Time Adaptive Memory Hierarchy.",Vladimir Afonso; Ruhan A. Conceição; Mário Saldanha; Luciano A. Braatz; Murilo R. Perleberg; Guilherme Corrêa 0001; Marcelo Schiavon Porto; Luciano Agostini; Bruno Zatt; Altamiro Amadeu Susin,https://doi.org/10.1109/TCSVT.2018.2847633,null,J,no_arxiv,0
2019,IEEE TCSVT,"Hybrid Scratchpad Video Memory Architecture for Energy-Efficient Parallel HEVC.",Felipe Martin Sampaio; Bruno Zatt; Muhammad Shafique 0001; Jörg Henkel; Sergio Bampi,https://doi.org/10.1109/TCSVT.2018.2870825,null,J,no_arxiv,0
