2024,Int. J. HCI,"Using Chained Views and Follow-Up Queries to Assist the Visual Exploration of the Web of Big Linked Data.",Aline Menin; Minh Nhat Do; Carla Maria Dal Sasso Freitas; Olivier Corby; Catherine Faron; Alain Giboin; Marco Winckler,https://doi.org/10.1080/10447318.2022.2112529,null,J,no_arxiv,0
2021,INTERACT,"An Immersive Approach Based on Two Levels of Interaction for Exploring Multiple Coordinated 3D Views.",Carlos Quijano-Chavez; Luciana Porcher Nedel; Carla M. D. S. Freitas,https://doi.org/10.1007/978-3-030-85613-7_33,null,C,no_arxiv,0
2024,ACM Comput. Surveys,"Evaluation of XR Applications: A Tertiary Review.",Artur Becker; Carla Maria Dal Sasso Freitas,https://doi.org/10.1145/3626517,null,J,no_arxiv,0
2019,Comput. Stand. Interfaces,"Ten years of visualization of business process models: A systematic literature review.",Vinicius Stein Dani; Carla Maria Dal Sasso Freitas; Lucinéia Heloisa Thom,https://doi.org/10.1016/j.csi.2019.04.006,null,J,no_arxiv,0
2023,VR,"Comparing Scatterplot Variants for Temporal Trends Visualization in Immersive Virtual Environments.",Carlos Quijano-Chavez; Luciana P. Nedel; Carla M. D. S. Freitas,https://doi.org/10.1109/VR55154.2023.00082,null,C,no_arxiv,0
2019,IEEE Computer Graphics and Applications,"Comfortable Immersive Analytics With the VirtualDesk Metaphor.",Jorge A. Wagner Filho; Carla M. D. S. Freitas; Luciana P. Nedel,https://doi.org/10.1109/MCG.2019.2898856,null,J,no_arxiv,0
2022,SoSyM,"Recommendations for visual feedback about problems within BPMN process models.",Vinicius Stein Dani; Carla Maria Dal Sasso Freitas; Lucinéia Heloisa Thom,https://doi.org/10.1007/s10270-021-00972-0,null,J,no_arxiv,0
2019,JSS,"Swarm debugging: The collective intelligence on interactive debugging.",Fábio Petrillo; Yann-Gaël Guéhéneuc; Marcelo Pimenta; Carla Maria Dal Sasso Freitas; Foutse Khomh,https://doi.org/10.1016/j.jss.2019.04.028,null,J,http://arxiv.org/abs/1902.03520v1,0
