2021,INTERACT,"An Immersive Approach Based on Two Levels of Interaction for Exploring Multiple Coordinated 3D Views.",Carlos Quijano-Chavez; Luciana Porcher Nedel; Carla M. D. S. Freitas,https://doi.org/10.1007/978-3-030-85613-7_33,null,C,no_arxiv,0
2019,Comput. Stand. Interfaces,"Ten years of visualization of business process models: A systematic literature review.",Vinicius Stein Dani; Carla Maria Dal Sasso Freitas; Lucinéia Heloisa Thom,https://doi.org/10.1016/j.csi.2019.04.006,null,J,no_arxiv,0
2023,VR,"Comparing Scatterplot Variants for Temporal Trends Visualization in Immersive Virtual Environments.",Carlos Quijano-Chavez; Luciana P. Nedel; Carla M. D. S. Freitas,https://doi.org/10.1109/VR55154.2023.00082,null,C,no_arxiv,0
2019,IEEE Computer Graphics and Applications,"Comfortable Immersive Analytics With the VirtualDesk Metaphor.",Jorge A. Wagner Filho; Carla M. D. S. Freitas; Luciana P. Nedel,https://doi.org/10.1109/MCG.2019.2898856,null,J,no_arxiv,0
2018,Computer Graphics Forum,"VirtualDesk: A Comfortable and Efficient Immersive Information Visualization Approach.",Jorge A. Wagner Filho; Carla Maria Dal Sasso Freitas; Luciana P. Nedel,https://doi.org/10.1111/cgf.13430,null,J,no_arxiv,0
2018,VR,"Immersive Visualization of Abstract Information: An Evaluation on Dimensionally-Reduced Data Scatterplots.",Jorge A. Wagner Filho; Marina Fortes Rey; Carla M. D. S. Freitas; Luciana Porcher Nedel,https://doi.org/10.1109/VR.2018.8447558,null,C,no_arxiv,0
2022,SoSyM,"Recommendations for visual feedback about problems within BPMN process models.",Vinicius Stein Dani; Carla Maria Dal Sasso Freitas; Lucinéia Heloisa Thom,https://doi.org/10.1007/s10270-021-00972-0,null,J,no_arxiv,0
2019,JSS,"Swarm debugging: The collective intelligence on interactive debugging.",Fábio Petrillo; Yann-Gaël Guéhéneuc; Marcelo Pimenta; Carla Maria Dal Sasso Freitas; Foutse Khomh,https://doi.org/10.1016/j.jss.2019.04.028,null,J,http://arxiv.org/abs/1902.03520v1,0
