2025,Computer Networks,"Detecting attacks in Fog and cloud computing environments using Deep Learning: A systematic literature review.",Erivan Laranjeira Pimentel; Cristiano Antonio de Souza; Carlos Becker Westphall,https://doi.org/10.1016/j.comnet.2025.111269,null,J,no_arxiv,0
2024,Ad Hoc Networks,"Hierarchical multistep approach for intrusion detection and identification in IoT and Fog computing-based environments.",Cristiano Antonio de Souza; Carlos Becker Westphall; Jean Douglas Gomes Valencio; Renato Bobsin Machado; Wesley dos Reis Bezerra,https://doi.org/10.1016/j.adhoc.2024.103541,null,J,no_arxiv,0
2022,Computer Networks,"Intrusion detection and prevention in fog based IoT environments: A systematic literature review.",Cristiano Antonio de Souza; Carlos Becker Westphall; Renato Bobsin Machado; Leandro Loffi; Carla Merkle Westphall; Guilherme Arthur Geronimo,https://doi.org/10.1016/j.comnet.2022.109154,null,J,no_arxiv,0
2021,J. Network Computer App.,"Mutual authentication with multi-factor in IoT-Fog-Cloud environment.",Leandro Loffi; Carla Merkle Westphall; Lukas Derner Grüdtner; Carlos Becker Westphall,https://doi.org/10.1016/j.jnca.2020.102932,null,J,no_arxiv,0
2020,Computer Networks,"Hybrid approach to intrusion detection in fog-based IoT environments.",Cristiano Antonio de Souza; Carlos Becker Westphall; Renato B. Machado; João Bosco Mangueira Sobral; Gustavo dos Santos Vieira,https://doi.org/10.1016/j.comnet.2020.107417,null,J,no_arxiv,0
