2023,Knowledge-Based Syst.,"AC2CD: An actor-critic architecture for community detection in dynamic social networks.",Aurélio Ribeiro Costa; Célia Ghedini Ralha,https://doi.org/10.1016/j.knosys.2022.110202,null,J,no_arxiv,0
2021,Future Generation CS,"Computational resource and cost prediction service for scientific workflows in federated clouds.",Michel J. F. Rosa; Célia Ghedini Ralha; Maristela Holanda; Aletéia P. F. Araújo,https://doi.org/10.1016/j.future.2021.07.030,null,J,no_arxiv,0
2019,Future Generation CS,"Multiagent system for dynamic resource provisioning in cloud computing platforms.",Célia Ghedini Ralha; Aldo H. D. Mendes; Luiz A. Laranjeira; Aletéia P. F. Araújo; Alba C. M. A. Melo,https://doi.org/10.1016/j.future.2018.09.050,null,J,no_arxiv,0
2018,CLOUD,"A Prediction Approach to Define Checkpoint Intervals in Spot Instances.",Jose Pergentino A. Neto; Donald M. Pianto; Célia Ghedini Ralha,https://doi.org/10.1007/978-3-319-94295-7_6,null,C,no_arxiv,0
2018,CloudCom,"A Resilient Agent-Based Architecture for Efficient Usage of Transient Servers in Cloud Computing.",Jose Pergentino Araujo Neto; Donald M. Pianto; Célia Ghedini Ralha,https://doi.org/10.1109/CloudCom2018.2018.00050,null,C,no_arxiv,0
2021,IEEE Trans. Net. Service  Mgmt.,"Abnormal Behavior Detection Based on Traffic Pattern Categorization in Mobile Networks.",Jonathan M. DeAlmeida; Camila F. T. Pontes; Luiz A. DaSilva; Cristiano Bonato Both; João J. C. Gondim; Célia Ghedini Ralha; Marcelo Antonio Marotta,https://doi.org/10.1109/TNSM.2021.3125019,null,J,no_arxiv,0
