2020,PDP,"An Interference-Aware Application Classifier Based on Machine Learning to Improve Scheduling in Clouds.",Vinícius Meyer; Dionatra F. Kirchoff; Matheus L. da Silva; César A. F. De Rose,https://doi.org/10.1109/PDP50117.2020.00019,null,C,no_arxiv,0
2019,Concurrency and Computation,"Optimizing multi-tier application performance with interference and affinity-aware placement algorithms.",Uillian L. Ludwig; Miguel G. Xavier; Dionatra F. Kirchoff; Ian B. Cezar; César A. F. De Rose,https://doi.org/10.1002/cpe.5098,null,J,no_arxiv,0
2020,Proc. VLDB,"RECEIPT: REfine CoarsE-grained IndePendent Tasks for Parallel Tip decomposition of Bipartite Graphs.",Kartik Lakhotia; Rajgopal Kannan; Viktor K. Prasanna; César A. F. De Rose,http://www.vldb.org/pvldb/vol14/p404-lakhotia.pdf,top,J,no_arxiv,0
2022,JSS,"IADA: A dynamic interference-aware cloud scheduling architecture for latency-sensitive workloads.",Vinícius Meyer; Matheus L. da Silva; Dionatra F. Kirchoff; César A. F. De Rose,https://doi.org/10.1016/j.jss.2022.111491,null,J,no_arxiv,0
2020,SPE,"Orthogonal persistence in nonvolatile memory architectures: A persistent heap design and its implementation for a Java Virtual Machine.",Taciano Perez; Marcelo Veiga Neves; Diego Medaglia; Pedro H. G. Monteiro; César A. F. De Rose,https://doi.org/10.1002/spe.2781,null,J,no_arxiv,0
