2022,Expert Systems Appl.,"Self-tuning portfolio-based Bayesian optimization.",Thiago de P. Vasconcelos; Daniel Augusto R. M. A. de Souza; Gustavo C. de M. Virgolino; César L. C. Mattos; João P. P. Gomes,https://doi.org/10.1016/j.eswa.2021.115847,null,J,no_arxiv,0
2021,Neurocomputing,"A novel fuzzy ARTMAP with area of influence.",Alan L. S. Matias; Ajalmar R. da Rocha Neto; César Lincoln C. Mattos; João Paulo Pordeus Gomes,https://doi.org/10.1016/j.neucom.2020.11.053,null,J,no_arxiv,0
2021,AISTATS,"Learning GPLVM with arbitrary kernels using the unscented transformation.",Daniel de Souza; Diego P. P. Mesquita; João Paulo Pordeus Gomes; César Lincoln C. Mattos,http://proceedings.mlr.press/v130/souza21a.html,null,C,http://arxiv.org/abs/1907.01867v2,0
2020,IEEE Trans. Neural Netw. Learn. Syst.,"LS-SVR as a Bayesian RBF Network.",Diego P. P. Mesquita; Luis A. Freitas; João P. P. Gomes; César L. C. Mattos,https://doi.org/10.1109/TNNLS.2019.2952000,top,J,no_arxiv,0
2019,Neural Networks,"A stochastic variational framework for Recurrent Gaussian Processes models.",César Lincoln C. Mattos; Guilherme A. Barreto,https://doi.org/10.1016/j.neunet.2019.01.005,null,J,no_arxiv,0
2022,EMSE,"The role of bug report evolution in reliable fixing estimation.",Renan Gomes Vieira; César Lincoln C. Mattos; Lincoln S. Rocha; João Paulo Pordeus Gomes; Matheus Paixão,https://doi.org/10.1007/s10664-022-10213-7,null,J,no_arxiv,0
2022,ESEM,"Bayesian Analysis of Bug-Fixing Time using Report Data.",Renan Gomes Vieira; Diego Mesquita; César Lincoln C. Mattos; Ricardo Britto 0001; Lincoln S. Rocha; João Gomes 0002,https://doi.org/10.1145/3544902.3546256,null,C,no_arxiv,0
