2022,Int. J. HCI,"Assessing the Visual Esthetics of User Interfaces: A Ten-Year Systematic Mapping.",Adriano Luiz de Souza Lima; Christiane Gresse von Wangenheim,https://doi.org/10.1080/10447318.2021.1926118,null,J,no_arxiv,0
2018,Comput. Stand. Interfaces,"Systematic literature review of usability capability/maturity models.",Thaísa Cardoso Lacerda; Christiane Gresse von Wangenheim,https://doi.org/10.1016/j.csi.2017.06.001,null,J,no_arxiv,0
2020,SIGCSE,"Automated Assessment of the Visual Design of Android Apps Developed with App Inventor.",Igor da Silva Solecki; João V. Araujo Porto; Nathalia da Cruz Alves; Christiane Gresse von Wangenheim; Jean C. R. Hauck; Adriano Ferreti Borgatto,https://doi.org/10.1145/3328778.3366868,null,C,no_arxiv,0
2020,SIGCSE,"A Large-scale Evaluation of a Rubric for the Automatic Assessment of Algorithms and Programming Concepts.",Nathalia da Cruz Alves; Christiane Gresse von Wangenheim; Jean Carlo Rossa Hauck; Adriano Ferreti Borgatto,https://doi.org/10.1145/3328778.3366840,null,C,no_arxiv,0
2018,IEEE ToE,"An Instructional Feedback Technique for Teaching Project Management Tools Aligned With PMBOK.",Rafael Queiroz Gonçalves; Christiane Gresse von Wangenheim; Jean C. R. Hauck; Andreia Zanella,https://doi.org/10.1109/TE.2017.2774766,null,J,no_arxiv,0
