2023,EJOR,"Scalable timing-aware network design via lagrangian decomposition.",Cristiana L. Lara; Jochen Könemann; Yisu Nie; Cid C. de Souza,https://doi.org/10.1016/j.ejor.2023.01.018,null,J,no_arxiv,0
2022,Computers & OR,"Optimal area polygonization problems: Exact solutions through geometric duality.",Natanael Ramos; Pedro J. de Rezende; Cid C. de Souza,https://doi.org/10.1016/j.cor.2022.105842,null,J,no_arxiv,0
2022,ITOR,"A heuristic for the convex recoloring problem in graphs.",Ana Paula dos Santos Dantas; Cid C. de Souza; Zanoni Dias,https://doi.org/10.1111/itor.12896,null,J,no_arxiv,0
2020,ITOR,"A matheuristic for the firefighter problem on graphs.",Natanael Ramos; Cid Carvalho de Souza; Pedro Jussieu de Rezende,https://doi.org/10.1111/itor.12638,null,J,no_arxiv,0
2019,EJOR,"Solving the geometric firefighter routing problem via integer programming.",Maurício J. O. Zambon; Pedro J. de Rezende; Cid C. de Souza,https://doi.org/10.1016/j.ejor.2018.10.037,null,J,no_arxiv,0
2019,ITOR,"Multicast routing under quality of service constraints for vehicular ad hoc networks: mathematical formulation and a relax-and-fix heuristic.",Celso C. Ribeiro; Tiago de A. Santos; Cid C. de Souza,https://doi.org/10.1111/itor.12605,null,J,no_arxiv,0
2018,Computers & OR,"Finding exact solutions for the Geometric Firefighter Problem in practice.",Maurício J. O. Zambon; Pedro J. de Rezende; Cid C. de Souza,https://doi.org/10.1016/j.cor.2018.05.003,null,J,no_arxiv,0
2019,Theor. Comput. Sci.,"Solving dynamic labeling problems to optimality using solution space reductions.",Rafael G. Cano; Cid C. de Souza; Pedro J. de Rezende,https://doi.org/10.1016/j.tcs.2018.08.010,null,J,no_arxiv,0
