2022,Applied Soft Comput.,"Feasible-Infeasible Two-Population Genetic Algorithm to evolve dungeon levels with dependencies in barrier mechanics.",Breno M. F. Viana; Leonardo T. Pereira; Claudio Fabiano Motta Toledo; Selan R. dos Santos; Sílvia M. D. M. Maia,https://doi.org/10.1016/j.asoc.2022.108586,null,J,no_arxiv,0
2022,Applied Soft Comput.,"Evolving interpretable strategies for zero-sum games.",Julian R. H. Mariño; Claudio Fabiano Motta Toledo,https://doi.org/10.1016/j.asoc.2022.108860,null,J,no_arxiv,0
2021,Expert Systems Appl.,"Procedural generation of dungeons' maps and locked-door missions through an evolutionary algorithm validated with players.",Leonardo Tórtoro Pereira; Paulo Victor de Souza Prado; Rafael Miranda Lopes; Claudio Fabiano Motta Toledo,https://doi.org/10.1016/j.eswa.2021.115009,null,J,no_arxiv,0
2021,AAAI,"Programmatic Strategies for Real-Time Strategy Games.",Julian R. H. Mariño; Rubens O. Moraes; Tassiana C. Oliveira; Cláudio Toledo 0001; Levi H. S. Lelis,https://doi.org/10.1609/aaai.v35i1.16114,top,C,no_arxiv,0
2020,GECCO,"Exploratory path planning for mobile robots in dynamic environments with ant colony optimization.",Valéria de Carvalho Santos; Fernando E. B. Otero; Colin G. Johnson; Fernando Santos Osório; Claudio Fabiano Motta Toledo,https://doi.org/10.1145/3377930.3390219,null,C,no_arxiv,0
2019,AAAI,"Evolving Action Abstractions for Real-Time Planning in Extensive-Form Games.",Julian R. H. Mariño; Rubens O. Moraes; Cláudio Toledo 0001; Levi H. S. Lelis,https://doi.org/10.1609/aaai.v33i01.33012330,top,C,no_arxiv,0
2023,JORS,"Linear approximations to improve lower bounds of a physician scheduling problem in emergency rooms.",Valdemar Abrão P. A. Devesse; Kerem Akartunali; Márcio da Silva Arantes; Claudio Fabiano Motta Toledo,https://doi.org/10.1080/01605682.2022.2125841,null,J,no_arxiv,0
2019,IEEE Trans. Robotics,"Collision-Free Encoding for Chance-Constrained Nonconvex Path Planning.",Márcio da Silva Arantes; Claudio Fabiano Motta Toledo; Brian Charles Williams; Masahiro Ono,https://doi.org/10.1109/TRO.2018.2878996,top,J,no_arxiv,0
