2024,Applied Soft Comput.,"Sigmoidal learning rate optimizer for deep neural network training using a two-phase adaptation approach.",David Macêdo; Cleber Zanchettin; Teresa Bernarda Ludermir,https://doi.org/10.1016/j.asoc.2024.112264,null,J,no_arxiv,0
2024,Expert Systems Appl.,"PrAACT: Predictive Augmentative and Alternative Communication with Transformers.",Jayr Alencar Pereira; Jaylton Alencar Pereira; Cleber Zanchettin; Robson do Nascimento Fidalgo,https://doi.org/10.1016/j.eswa.2023.122417,null,J,no_arxiv,0
2022,Expert Systems Appl.,"PictoBERT: Transformers for next pictogram prediction.",Jayr Pereira; David Macêdo; Cleber Zanchettin; Adriano Lorena Inácio de Oliveira; Robson do Nascimento Fidalgo,https://doi.org/10.1016/j.eswa.2022.117231,null,J,no_arxiv,0
2022,IEEE Trans. Neural Netw. Learn. Syst.,"Entropic Out-of-Distribution Detection: Seamless Detection of Unknown Examples.",David Macêdo; Tsang Ing Ren; Cleber Zanchettin; Adriano L. I. Oliveira; Teresa Bernarda Ludermir,https://doi.org/10.1109/TNNLS.2021.3112897,top,J,no_arxiv,0
2019,Expert Systems Appl.,"Enhancing batch normalized convolutional networks using displaced rectifier linear units: A systematic comparative study.",David Macêdo; Cleber Zanchettin; Adriano L. I. Oliveira; Teresa Bernarda Ludermir,https://doi.org/10.1016/j.eswa.2019.01.066,null,J,no_arxiv,0
2024,Computers & Security,"Detecting abnormal logins by discovering anomalous links via graph transformers.",Luís Gonçalves; Cleber Zanchettin,https://doi.org/10.1016/j.cose.2024.103944,null,J,no_arxiv,0
2022,CVIU,"Multi-human Fall Detection and Localization in Videos.",Mouglas Eugênio Nasário Gomes; David Macêdo; Cleber Zanchettin; Paulo Salgado Gomes de Mattos Neto; Adriano L. I. Oliveira,https://doi.org/10.1016/j.cviu.2022.103442,null,J,no_arxiv,0
