2024,Int. J. HC Studies,"Developing and validating a scale for motivation in participating in time-bounded collaborative events.",Marcelo Gattermann Perin; Leandro de Almeida Melo; Cleidson Ronald Botelho de Souza; Any Caroliny Duarte Batista de Almeida; Fernando Figueira Filho,https://doi.org/10.1016/j.ijhcs.2024.103223,null,J,no_arxiv,0
2023,CSCW Journal,"Crisis Readiness: Revisiting the Distance Framework During the COVID-19 Pandemic.",Clara Marques Caldeira; Cleidson R. B. de Souza; Letícia Machado; Marcelo Gattermann Perin; Pernille Bjørn,https://doi.org/10.1007/s10606-022-09427-6,null,J,no_arxiv,0
2021,CSCW,"Towards Supporting Data-Driven Practices in Stroke Telerehabilitation Technology.",Clara Marques Caldeira; Mayara Costa Figueiredo; Lucy Dodakian; Cleidson R. B. de Souza; Steven C. Cramer; Yunan Chen,https://doi.org/10.1145/3449099,null,C,no_arxiv,0
2025,JSS,"UX-work related needs in software startups: Diagnosis and resolution.",Joelma Choma; Helen Sharp; Letícia S. Machado; Leonor Barroca 0001; Cleidson R. B. de Souza; Luciana Zaina,https://doi.org/10.1016/j.jss.2025.112516,null,J,no_arxiv,0
2025,IEEE Software,"Fostering Organizational Creativity by Integrating Design Thinking and Intrapreneurship.",Anderson Jorge Serra da Costa; Vanessa Lopes Abreu; André Luiz Coelho Pinheiro; Cleidson R. B. de Souza,https://doi.org/10.1109/MS.2025.3539950,null,J,no_arxiv,0
2025,IEEE Software,"A C-Level Perspective on the Role of Developers in the Creative Process of Software Startups: Fostering Developer Creativity and Participation in Innovation.",Kiev Gama; Cleidson R. B. de Souza; Alexander Nolte; George Valença,https://doi.org/10.1109/MS.2025.3541435,null,J,no_arxiv,0
2024,FSE,"Revealing Software Development Work Patterns with PR-Issue Graph Topologies.",Cleidson R. B. de Souza; Emilie Ma; Jesse Wong; Dongwook Yoon; Ivan Beschastnikh,https://doi.org/10.1145/3660813,top,C,no_arxiv,0
2024,IEEE Software,"The Fine Balance Between Helping With Your Job and Taking It: AI Code Assistants Come to the Fore.",Cleidson Ronald Botelho de Souza; Gema Rodríguez-Pérez; Manaal Basha; Dongwook Yoon; Ivan Beschastnikh,https://doi.org/10.1109/MS.2024.3357787,null,J,no_arxiv,0
2023,EMSE,"What do software startups need from UX work?",Luciana A. M. Zaina; Joelma Choma; Jullia Saad; Leonor Barroca 0001; Helen Sharp; Letícia Machado; Cleidson R. B. de Souza,https://doi.org/10.1007/s10664-023-10322-x,null,J,no_arxiv,0
2023,ESEM,"All For One and One For All: Investigating How Global Game Jam Participants Get and Offer Help.",Leandro de Almeida Melo; Cleidson R. B. de Souza; Marcelo Gattermann Perin; Any Caroliny Duarte Batista de Almeida; Fernando Figueira Filho,https://doi.org/10.1109/ESEM56168.2023.10304790,null,C,no_arxiv,0
2021,IST,"UX work in software startups: A thematic analysis of the literature.",Jullia Saad; Suéllen Martinelli; Letícia S. Machado; Cleidson R. B. de Souza; Alexandre Alvaro; Luciana Aparecida Martinez Zaina,https://doi.org/10.1016/j.infsof.2021.106688,null,J,no_arxiv,0
2021,IEEE Software,"Gendered Experiences of Software Engineers During the COVID-19 Crisis.",Letícia S. Machado; Clara Marques Caldeira; Marcelo Gattermann Perin; Cleidson R. B. de Souza,https://doi.org/10.1109/MS.2020.3040135,null,J,no_arxiv,0
