2023,Computers & Graphics,"Building Oriented Bounding Boxes by the intermediate use of ODOPs.",Rodolfo Sabino; Creto Augusto Vidal; Joaquim Bento Cavalcante Neto; José Gilvan Rodrigues Maia,https://doi.org/10.1016/j.cag.2023.08.028,null,J,no_arxiv,0
2021,Computers & Graphics,"A model for flexible representation of social groups in crowd simulation.",Douglas Ivo; Joaquim B. Cavalcante Neto; Creto Augusto Vidal,https://doi.org/10.1016/j.cag.2021.08.005,null,J,no_arxiv,0
2021,Computers & Graphics,"Non-overlapping geometric shadow map.",Erison Miller Santos Mesquita; Creto Augusto Vidal; Joaquim Bento Cavalcante Neto; Rafael Fernandes Ivo,https://doi.org/10.1016/j.cag.2021.08.013,null,J,no_arxiv,0
2020,Computers & Graphics,"Improved silhouette rendering and detection of splat-based models.",Rafael Fernandes Ivo; Creto Augusto Vidal; Joaquim Bento Cavalcante Neto,https://doi.org/10.1016/j.cag.2020.09.010,null,J,no_arxiv,0
2020,Computer Graphics Forum,"A Visual Analytics Approach to Facilitate Crime Hotspot Analysis.",Jose Florencio de Queiroz Neto; Emanuele Marques dos Santos; Creto Augusto Vidal; David S. Ebert,https://doi.org/10.1111/cgf.13969,null,J,no_arxiv,0
