2021,Euro-Par,"A Fault Tolerant and Deadline Constrained Sequence Alignment Application on Cloud-Based Spot GPU Instances.",Rafaela C. Brum; Walisson P. Sousa; Alba C. M. A. Melo; Cristiana Bentes; Maria Clicia Stelling de Castro; Lúcia Maria de A. Drummond,https://doi.org/10.1007/978-3-030-85665-6_20,null,C,no_arxiv,0
2020,Future Generation CS,"Using machine learning techniques to analyze the performance of concurrent kernel execution on GPUs.",Pablo Carvalho; Esteban Clua; Aline Paes; Cristiana Bentes; Bruno Lopes 0001; Lúcia Maria de A. Drummond,https://doi.org/10.1016/j.future.2020.07.038,null,J,no_arxiv,0
2020,HiPC,"Algorithms for Preemptive Co-scheduling of Kernels on GPUs.",Lionel Eyraud-Dubois; Cristiana Bentes,https://doi.org/10.1109/HiPC50609.2020.00033,null,C,no_arxiv,0
2019,Concurrency and Computation,"New advances in high-performance computing systems.",Cristina Boeres; Cristiana Bentes; Edward D. Moreno,https://doi.org/10.1002/cpe.5172,null,J,no_arxiv,0
2019,Concurrency and Computation,"Maximizing the GPU resource usage by reordering concurrent kernels submission.",Rommel Anatoli Quintanilla Cruz; Cristiana Bentes; Bernardo B. Labronici; Eduardo C. Vasconcellos; Esteban Clua; Pablo Carvalho; Lúcia M. A. Drummond,https://doi.org/10.1002/cpe.4409,null,J,no_arxiv,0
2019,Concurrency and Computation,"DTM@GPU: Characterizing and evaluating trace redundancy in GPU.",Leandro A. J. Marzulo; Alexandre da Costa Sena; Alexandre Solon Nery; Cristiana Bentes; Igor Machado Coelho; Maria Clicia Stelling de Castro; Saulo T. Oliveira; Tiago A. O. Alves; Felipe M. G. França,https://doi.org/10.1002/cpe.4450,null,J,no_arxiv,0
2021,Concurr. & Computation,"Novel parallel processing techniques for IoT-based machine learning applications.",Cristiana Barbosa Bentes; Felipe M. G. França; Leandro Augusto Justen Marzulo; Gabriele Mencagli; Maurício Lima Pilla,https://doi.org/10.1002/cpe.6255,null,J,no_arxiv,0
