2023,IEEE TKDE,"Spatial Index Structures for Modern Storage Devices: A Survey.",Anderson Chaves Carniel; Cristina Dutra Aguiar,https://doi.org/10.1109/TKDE.2023.3242207,top,J,no_arxiv,0
2022,GeoInformatica,"Porting disk-based spatial index structures to flash-based solid state drives.",Anderson Chaves Carniel; George Roumelis; Ricardo Rodrigues Ciferri; Michael Vassilakopoulos; Antonio Corral; Cristina Dutra de Aguiar Ciferri,https://doi.org/10.1007/s10707-021-00455-w,null,J,no_arxiv,0
2019,Inf. Systems,"A generic and efficient framework for flash-aware spatial indexing.",Anderson Chaves Carniel; Ricardo Rodrigues Ciferri; Cristina Dutra de Aguiar Ciferri,https://doi.org/10.1016/j.is.2018.09.004,null,J,no_arxiv,0
2020,SPE,"Analyzing spatial analytics systems based on Hadoop and Spark: A user perspective.",João Pedro de Carvalho Castro; Anderson Chaves Carniel; Cristina Dutra de Aguiar Ciferri,https://doi.org/10.1002/spe.2882,null,J,no_arxiv,0
2018,SPE,"An asynchronous collaborative reconciliation model based on data provenance.",Dayse Silveira de Almeida; Carmem Satie Hara; Ricardo Rodrigues Ciferri; Cristina Dutra de Aguiar Ciferri,https://doi.org/10.1002/spe.2506,null,J,no_arxiv,0
