2022,J Comb Opt,"Leafy spanning k-forests.",Cristina G. Fernandes; Carla Negri Lintzmayer; Mário César San Felice,https://doi.org/10.1007/s10878-022-00872-z,null,J,no_arxiv,0
2024,Theor. Comput. Sci.,"Approximations for the Steiner Multicycle problem.",Cristina G. Fernandes; Carla Negri Lintzmayer; Phablo F. S. Moura,https://doi.org/10.1016/j.tcs.2024.114836,null,J,http://arxiv.org/abs/2308.07471v1,0
2023,Theor. Comput. Sci.,"Complexity and approximability of Minimum Path-Collection Exact Covers.",Santiago Valdés Ravelo; Cristina G. Fernandes,https://doi.org/10.1016/j.tcs.2022.11.022,null,J,no_arxiv,0
2022,Discrete Applied Math.,"Leafy spanning arborescences in DAGs.",Cristina G. Fernandes; Carla Negri Lintzmayer,https://doi.org/10.1016/j.dam.2021.06.018,null,J,http://arxiv.org/abs/2007.07660v1,0
2022,LATIN,"Approximations for the Steiner Multicycle Problem.",Cristina G. Fernandes; Carla Negri Lintzmayer; Phablo F. S. Moura,https://doi.org/10.1007/978-3-031-20624-5_12,null,C,no_arxiv,0
2021,Discrete Mathematics,"On Tuza's conjecture for triangulations and graphs with small treewidth.",Fábio Botler; Cristina G. Fernandes; Juan Gutiérrez 0001,https://doi.org/10.1016/j.disc.2020.112281,null,J,http://arxiv.org/abs/2002.07925v2,0
2020,Discrete Mathematics,"Transversals of longest paths.",Márcia R. Cerioli; Cristina G. Fernandes; Renzo Gómez; Juan Gutiérrez 0001; Paloma T. Lima,https://doi.org/10.1016/j.disc.2019.111717,null,J,no_arxiv,0
2020,LATIN,"Leafy Spanning Arborescences in DAGs.",Cristina G. Fernandes; Carla Negri Lintzmayer,https://doi.org/10.1007/978-3-030-61792-9_5,null,C,http://arxiv.org/abs/2007.07660v1,0
