2024,IEEE Trans. Net. Service  Mgmt.,"QoE Estimation Across Different Cloud Gaming Services Using Transfer Learning.",Marcos Carvalho; Daniel Soares; Daniel Fernandes Macedo,https://doi.org/10.1109/TNSM.2024.3451300,null,J,no_arxiv,0
2023,IEEE Trans. Net. Service  Mgmt.,"Container Scheduling in Co-Located Environments Using QoE Awareness.",Marcos Carvalho; Daniel Fernandes Macedo,https://doi.org/10.1109/TNSM.2023.3244090,null,J,no_arxiv,0
2022,IEEE Trans. Net. Service  Mgmt.,"Estimating Video on Demand QoE From Network QoS Through ICMP Probes.",Gilson Miranda; Daniel Fernandes Macedo; Johann M. Márquez-Barja,https://doi.org/10.1109/TNSM.2021.3129610,null,J,no_arxiv,0
2021,IM,"QoE-Aware Container Scheduler for Co-located Cloud Environments.",Marcos Carvalho; Daniel Fernandes Macedo,https://ieeexplore.ieee.org/document/9463920,null,C,no_arxiv,0
2020,Computer Comm.,"Ethanol: A Software-Defined Wireless Networking architecture for IEEE 802.11 networks.",Henrique D. Moura; Alisson R. Alves; Jonas R. A. Borges; Daniel F. Macedo; Marcos Augusto Menezes Vieira,https://doi.org/10.1016/j.comcom.2019.10.010,null,J,no_arxiv,0
2020,Computer Comm.,"Automatic MAC protocol selection in wireless networks based on reinforcement learning.",André Gomes; Daniel F. Macedo; Luiz Filipe M. Vieira,https://doi.org/10.1016/j.comcom.2019.10.023,null,J,no_arxiv,0
2020,Computer Comm.,"Wireless control using reinforcement learning for practical web QoE.",Henrique D. Moura; Daniel F. Macedo; Marcos Augusto M. Vieira,https://doi.org/10.1016/j.comcom.2020.02.032,null,J,no_arxiv,0
