2022,IEEE Trans. Net. Service  Mgmt.,"Estimating Video on Demand QoE From Network QoS Through ICMP Probes.",Gilson Miranda; Daniel Fernandes Macedo; Johann M. Márquez-Barja,https://doi.org/10.1109/TNSM.2021.3129610,null,J,no_arxiv,0
2021,IM,"QoE-Aware Container Scheduler for Co-located Cloud Environments.",Marcos Carvalho; Daniel Fernandes Macedo,https://ieeexplore.ieee.org/document/9463920,null,C,no_arxiv,0
2020,Computer Comm.,"Ethanol: A Software-Defined Wireless Networking architecture for IEEE 802.11 networks.",Henrique D. Moura; Alisson R. Alves; Jonas R. A. Borges; Daniel F. Macedo; Marcos Augusto Menezes Vieira,https://doi.org/10.1016/j.comcom.2019.10.010,null,J,no_arxiv,0
2020,Computer Comm.,"Automatic MAC protocol selection in wireless networks based on reinforcement learning.",André Gomes; Daniel F. Macedo; Luiz Filipe M. Vieira,https://doi.org/10.1016/j.comcom.2019.10.023,null,J,no_arxiv,0
2020,Computer Comm.,"Wireless control using reinforcement learning for practical web QoE.",Henrique D. Moura; Daniel F. Macedo; Marcos Augusto M. Vieira,https://doi.org/10.1016/j.comcom.2020.02.032,null,J,no_arxiv,0
2019,IM,"Automatic Quality of Experience Management for WLAN Networks using Multi-Armed Bandit.",Henrique Duarte Moura; Daniel Fernandes Macedo; Marcos Augusto Menezes Vieira,http://dl.ifip.org/db/conf/im/im2019/188986.pdf,null,C,no_arxiv,0
2018,J. Network Computer App.,"Towards scalable mobile crowdsensing through device-to-device communication.",Vinícius F. S. Mota; Thiago Henrique Silva; Daniel F. Macedo; Yacine Ghamri-Doudane; José Marcos S. Nogueira,https://doi.org/10.1016/j.jnca.2018.08.010,null,J,no_arxiv,0
2018,IEEE Trans. Mobile Comput.,"ULOOF: A User Level Online Offloading Framework for Mobile Edge Computing.",Jose Leal Domingues Neto; Se-Young Yu; Daniel F. Macedo; José Marcos S. Nogueira; Rami Langar; Stefano Secci,https://doi.org/10.1109/TMC.2018.2815015,top,J,no_arxiv,0
