2023,Expert Systems Appl.,"RAGE: A novel strategy for solving non-polynomial problems through the random generation of solutions and incremental reduction of the number of candidates: A case study applied to the design of the network infrastructure for connected vehicles.",Cristiano Maciel da Silva; João Fernando Machry Sarubbi; Somayeh Mokhtari; Leonardo Alvarenga L. Santos; Lucas Diniz Silva; Fernanda Sumika Hojo de Souza; Daniel Ludovico Guidoni; José Marcos Silva Nogueira,https://doi.org/10.1016/j.eswa.2022.118900,null,J,no_arxiv,0
2024,IEEE Internet of Things,"A Novel Federated Meta-Learning Approach for Discriminating Sedentary Behavior From Wearable Data.",Pedro H. Barros; Judy C. Guevara; Leandro Villas; Daniel L. Guidoni; Nelson L. S. da Fonseca; Heitor S. Ramos,https://doi.org/10.1109/JIOT.2024.3420891,null,J,no_arxiv,0
2023,Ad Hoc Networks,"HARMONIC: Shapley values in market games for resource allocation in vehicular clouds.",Aguimar Ribeiro Júnior; Joahannes B. D. da Costa; Geraldo P. Rocha Filho; Leandro A. Villas; Daniel L. Guidoni; Sandra Sampaio; Rodolfo I. Meneguette,https://doi.org/10.1016/j.adhoc.2023.103224,null,J,no_arxiv,0
2023,Computer Networks,"F-NIDS - A Network Intrusion Detection System based on federated learning.",Jonathas A. de Oliveira; Vinícius P. Gonçalves 0001; Rodolfo I. Meneguette; Rafael Timóteo de Sousa Júnior; Daniel L. Guidoni; José C. M. Oliveira; Geraldo P. Rocha Filho,https://doi.org/10.1016/j.comnet.2023.110010,null,J,no_arxiv,0
2022,Computer Networks,"Predictive Congestion Control based on Collaborative Information Sharing for Vehicular Ad hoc Networks.",Thiago S. Gomides; Robson E. De Grande; Rodolfo I. Meneguette; Fernanda Sumika Hojo de Souza; Daniel L. Guidoni,https://doi.org/10.1016/j.comnet.2022.108955,null,J,no_arxiv,0
2020,Computer Comm.,"An adaptive and Distributed Traffic Management System using Vehicular Ad-hoc Networks.",Thiago S. Gomides; Robson E. De Grande; Allan Mariano de Souza; Fernanda S. H. Souza; Leandro A. Villas; Daniel L. Guidoni,https://doi.org/10.1016/j.comcom.2020.05.027,null,J,no_arxiv,0
