2019,Soft Computing,"A novel multi-objective evolutionary algorithm based on subpopulations for the bi-objective traveling salesman problem.",Deyvid Heric Moraes; Danilo Sipoli Sanches; Josimar da Silva Rocha; Jader Maikol Caldonazzo Garbelini; Marcelo Favoretto Castoldi,https://doi.org/10.1007/s00500-018-3269-8,null,J,no_arxiv,0
2019,Soft Computing,"Differential evolution applied to line-connected induction motors stator fault identification.",Jacqueline Jordan Guedes; Marcelo Favoretto Castoldi; Alessandro Goedtel; Cristiano Marcos Agulhari; Danilo Sipoli Sanches,https://doi.org/10.1007/s00500-018-03674-w,null,J,no_arxiv,0
2022,Briefings in Bioinfo.,"MathFeature: feature extraction package for DNA, RNA and protein sequences based on mathematical descriptors.",Robson Bonidia; Douglas Silva Domingues; Danilo Sipoli Sanches; André C. P. L. F. de Carvalho,https://doi.org/10.1093/bib/bbab434,null,J,no_arxiv,0
2022,Briefings in Bioinfo.,"BioAutoML: automated feature engineering and metalearning to predict noncoding RNAs in bacteria.",Robson Bonidia; Anderson P. Avila-Santos; Breno Lívio Silva de Almeida; Peter F. Stadler; Ulisses Nunes da Rocha; Danilo Sipoli Sanches; André C. P. L. F. de Carvalho,https://doi.org/10.1093/bib/bbac218,null,J,no_arxiv,0
2021,Briefings in Bioinfo.,"Feature extraction approaches for biological sequences: a comparative study of mathematical features.",Robson Bonidia; Lucas Dias H. Sampaio; Douglas Silva Domingues; Alexandre Rossi Paschoal; Fabrício Martins Lopes; André C. P. L. F. de Carvalho; Danilo Sipoli Sanches,https://doi.org/10.1093/bib/bbab011,null,J,no_arxiv,0
2018,BMC Bioinformatics,"Sequence motif finder using memetic algorithm.",Jader M. Caldonazzo Garbelini; André Yoshiaki Kashiwabara; Danilo Sipoli Sanches,https://doi.org/10.1186/s12859-017-2005-1,null,J,no_arxiv,0
