2023,Expert Systems Appl.,"RAGE: A novel strategy for solving non-polynomial problems through the random generation of solutions and incremental reduction of the number of candidates: A case study applied to the design of the network infrastructure for connected vehicles.",Cristiano Maciel da Silva; João Fernando Machry Sarubbi; Somayeh Mokhtari; Leonardo Alvarenga L. Santos; Lucas Diniz Silva; Fernanda Sumika Hojo de Souza; Daniel Ludovico Guidoni; José Marcos Silva Nogueira,https://doi.org/10.1016/j.eswa.2022.118900,null,J,no_arxiv,0
2023,Ad Hoc Networks,"HARMONIC: Shapley values in market games for resource allocation in vehicular clouds.",Aguimar Ribeiro; Joahannes B. D. da Costa; Geraldo P. Rocha Filho; Leandro A. Villas; Daniel L. Guidoni; Sandra Sampaio; Rodolfo Ipolito Meneguette,https://doi.org/10.1016/j.adhoc.2023.103224,null,J,no_arxiv,0
2022,Computer Networks,"Predictive Congestion Control based on Collaborative Information Sharing for Vehicular Ad hoc Networks.",Thiago S. Gomides; Robson E. De Grande; Rodolfo Ipolito Meneguette; Fernanda Sumika Hojo de Souza; Daniel L. Guidoni,https://doi.org/10.1016/j.comnet.2022.108955,null,J,no_arxiv,0
2020,Computer Comm.,"An adaptive and Distributed Traffic Management System using Vehicular Ad-hoc Networks.",Thiago S. Gomides; Robson E. De Grande; Allan Mariano de Souza; Fernanda S. H. Souza; Leandro A. Villas; Daniel L. Guidoni,https://doi.org/10.1016/j.comcom.2020.05.027,null,J,no_arxiv,0
2018,Computer Networks,"ResiDI: Towards a smarter smart home system for decision-making using wireless sensors and actuators.",Geraldo P. R. Filho; Leandro A. Villas; Heitor Freitas; Alan Valejo; Daniel L. Guidoni; Jó Ueyama,https://doi.org/10.1016/j.comnet.2018.02.009,null,J,no_arxiv,0
