2021,Expert Systems Appl.,"A multimodal LIBRAS-UFOP Brazilian sign language dataset of minimal pairs using a microsoft Kinect sensor.",Lourdes Ramirez Cerna; Edwin Jonathan Escobedo Cardenas; Dayse Garcia Miranda; David Menotti; Guillermo Cámara Chávez,https://doi.org/10.1016/j.eswa.2020.114179,null,J,no_arxiv,0
2021,Neurocomputing,"Zero-shot action recognition in videos: A survey.",Valter Luís Estevam Junior; Hélio Pedrini; David Menotti,https://doi.org/10.1016/j.neucom.2021.01.036,null,J,no_arxiv,0
2018,Neural Computing Applications,"Robust automated cardiac arrhythmia detection in ECG beat signals.",Victor Hugo C. de Albuquerque; Thiago M. Nunes; Danillo Roberto Pereira; Eduardo José da S. Luz; David Menotti; João P. Papa; João Manuel R. S. Tavares,https://doi.org/10.1007/s00521-016-2472-8,null,J,no_arxiv,0
2023,Computers & Graphics,"Super-resolution of license plate images using attention modules and sub-pixel convolution layers.",Valfride Nascimento; Rayson Laroca; Jorge de A. Lambert; William Robson Schwartz; David Menotti,https://doi.org/10.1016/j.cag.2023.05.005,null,J,no_arxiv,0
2023,IEEE Trans. Inf. Forensics Sec.,"Exploring Bias in Sclera Segmentation Models: A Group Evaluation Approach.",Matej Vitek; Abhijit Das 0001; Diego Rafael Lucio; Luiz A. Zanlorensi; David Menotti; Jalil Nourmohammadi-Khiarak; Mohsen Akbari Shahpar; Meysam Asgari-Chenaghlu; Farhang Jaryani; Juan E. Tapia; Andres Valenzuela; Caiyong Wang; Yunlong Wang 0003; Zhaofeng He; Zhenan Sun; Fadi Boutros; Naser Damer; Jonas Henry Grebe; Arjan Kuijper; Kiran B. Raja; Gourav Gupta; Georgios Zampoukis; Lazaros T. Tsochatzidis; Ioannis Pratikakis; S. V. Aruna Kumar; B. S. Harish; Umapada Pal 0001; Peter Peer; Vitomir Struc,https://doi.org/10.1109/TIFS.2022.3216468,null,J,no_arxiv,0
2018,IEEE Security & Privacy,"The Need for Speed: An Analysis of Brazilian Malware Classifers.",Fabricio Ceschin; Felipe Azevedo Pinage; Marcos A. Castilho; David Menotti; Luiz S. Oliveira; Andre Gregio,https://doi.org/10.1109/MSEC.2018.2875369,null,J,no_arxiv,0
2018,IEEE Trans. Inf. Forensics Sec.,"Learning Deep Off-the-Person Heart Biometrics Representations.",Eduardo José da S. Luz; Gladston J. P. Moreira; Luiz S. Oliveira; William Robson Schwartz; David Menotti,https://doi.org/10.1109/TIFS.2017.2784362,null,J,no_arxiv,0
2020,JVCI,"Video action recognition based on visual rhythm representation.",Thierry Pinheiro Moreira; David Menotti; Hélio Pedrini,https://doi.org/10.1016/j.jvcir.2020.102771,null,J,no_arxiv,0
2018,PRL,"Deep periocular representation aiming video surveillance.",Eduardo José da S. Luz; Gladston Moreira; Luiz A. Zanlorensi; David Menotti,https://doi.org/10.1016/j.patrec.2017.12.009,null,J,no_arxiv,0
