2025,Expert Systems Appl.,"Multi-agent interaction-aware behavior intention prediction using graph mixture of experts attention network on urban roads.",Iago Pachêco Gomes; Cristiano Premebida; Denis Fernando Wolf,https://doi.org/10.1016/j.eswa.2025.126485,null,J,no_arxiv,0
2022,Neurocomputing,"Leveraging convergence behavior to balance conflicting tasks in multi-task learning.",Angelica Tiemi Mizuno Nakamura; Valdir Grassi Jr.; Denis Fernando Wolf,https://doi.org/10.1016/j.neucom.2022.09.042,null,J,no_arxiv,0
2021,Applied Soft Comput.,"Image classification in frequency domain with 2SReLU: A second harmonics superposition activation function.",Thomio Watanabe; Denis F. Wolf,https://doi.org/10.1016/j.asoc.2021.107851,null,J,http://arxiv.org/abs/2006.10853v1,0
2021,Engineering Appl. of AI,"An effective combination of loss gradients for multi-task learning applied on instance segmentation and depth estimation.",Angelica Tiemi Mizuno Nakamura; Valdir Grassi Jr.; Denis Fernando Wolf,https://doi.org/10.1016/j.engappai.2021.104205,null,J,no_arxiv,0
2021,J. Intelligent & Robotic Syst.,"Health Monitoring System for Autonomous Vehicles using Dynamic Bayesian Networks for Diagnosis and Prognosis.",Iago Pachêco Gomes; Denis Fernando Wolf,https://doi.org/10.1007/s10846-020-01293-y,null,J,no_arxiv,0
2020,IEEE RA-L,"Scene Compliant Trajectory Forecast With Agent-Centric Spatio-Temporal Grids.",Daniela A. Ridel; Nachiket Deo; Denis F. Wolf; Mohan M. Trivedi,https://doi.org/10.1109/LRA.2020.2974393,null,J,no_arxiv,0
