2022,J Comb Opt,"On total and edge coloring some Kneser graphs.",Celina M. H. de Figueiredo; Caroline Reis Patrão; Diana Sasaki; Mario Valencia-Pabon,https://doi.org/10.1007/s10878-021-00816-z,null,J,no_arxiv,0
2020,J Comb Opt,"Neighbour-distinguishing labellings of powers of paths and powers of cycles.",Atílio G. Luiz; C. N. Campos; Simone Dantas; Diana Sasaki,https://doi.org/10.1007/s10878-020-00540-0,null,J,no_arxiv,0
2025,Discrete Applied Math.,"On the pebbling numbers of Flower, Blanuša and Watkins snarks.",Matheus Adauto; Celina M. H. de Figueiredo; Glenn Hurlbert; Diana Sasaki,https://doi.org/10.1016/j.dam.2024.10.020,null,J,no_arxiv,0
2023,Discrete Applied Math.,"Results about the total chromatic number and the conformability of some families of circulant graphs.",Luérbio Faria; Mauro Nigro; Myriam Preissmann; Diana Sasaki,https://doi.org/10.1016/j.dam.2023.07.003,null,J,no_arxiv,0
2023,Discrete Mathematics,"On total coloring the direct product of cycles and bipartite direct product of graphs.",Diane Castonguay; Celina M. H. de Figueiredo; Luis A. B. Kowada; Caroline Reis Patrão; Diana Sasaki,https://doi.org/10.1016/j.disc.2023.113340,null,J,no_arxiv,0
2022,Discrete Applied Math.,"Revising Johnson's table for the 21st century.",Celina M. H. de Figueiredo; Alexsander Andrade de Melo; Diana Sasaki; Ana Silva 0001,https://doi.org/10.1016/j.dam.2021.05.021,null,J,http://arxiv.org/abs/2104.14395v1,0
2021,Discrete Applied Math.,"Determining equitable total chromatic number for infinite classes of complete r-partite graphs.",Anderson G. da Silva; Simone Dantas; Diana Sasaki,https://doi.org/10.1016/j.dam.2020.04.012,null,J,no_arxiv,0
