2022,Expert Systems Appl.,"Multimodal representation learning over heterogeneous networks for tag-based music retrieval.",Angelo Cesar Mendes da Silva; Diego Furtado Silva; Ricardo Marcondes Marcacini,https://doi.org/10.1016/j.eswa.2022.117969,null,J,no_arxiv,0
2020,Data Min. Knowl. Discov.,"The Swiss army knife of time series data mining: ten useful things you can do with the matrix profile and ten lines of code.",Yan Zhu 0014; Shaghayegh Gharghabi; Diego Furtado Silva; Hoang Anh Dau; Chin-Chia Michael Yeh; Nader Shakibay Senobari; Abdulaziz Almaslukh; Kaveh Kamgar; Zachary Zimmerman; Gareth J. Funning; Abdullah Mueen 0001; Eamonn J. Keogh,https://doi.org/10.1007/s10618-019-00668-6,null,J,no_arxiv,0
2020,BigData,"On Convolutional Autoencoders to Speed Up Similarity-Based Time Series Mining.",Yuri Gabriel Aragão da Silva; Diego Furtado Silva,https://doi.org/10.1109/BigData50022.2020.9377999,null,C,no_arxiv,0
2018,Data Min. Knowl. Discov.,"Time series joins, motifs, discords and shapelets: a unifying view that exploits the matrix profile.",Chin-Chia Michael Yeh; Yan Zhu 0014; Liudmila Ulanova; Nurjahan Begum; Yifei Ding; Hoang Anh Dau; Zachary Zimmerman; Diego Furtado Silva; Abdullah Mueen 0001; Eamonn J. Keogh,https://doi.org/10.1007/s10618-017-0519-9,null,J,no_arxiv,0
2018,Data Min. Knowl. Discov.,"Speeding up similarity search under dynamic time warping by pruning unpromising alignments.",Diego Furtado Silva; Rafael Giusti; Eamonn J. Keogh; Gustavo E. A. P. A. Batista,https://doi.org/10.1007/s10618-018-0557-y,null,J,no_arxiv,0
2018,Data Min. Knowl. Discov.,"Optimizing dynamic time warping's window width for time series data mining applications.",Hoang Anh Dau; Diego Furtado Silva; François Petitjean; Germain Forestier; Anthony J. Bagnall; Abdullah Mueen 0001; Eamonn J. Keogh,https://doi.org/10.1007/s10618-018-0565-y,null,J,no_arxiv,0
2018,KDD,"Classifying and Counting with Recurrent Contexts.",Denis Moreira dos Reis; André Gustavo Maletzke; Diego Furtado Silva; Gustavo E. A. P. A. Batista,https://doi.org/10.1145/3219819.3220059,top,C,no_arxiv,0
2019,IEEE Trans. Multimedia,"Fast Similarity Matrix Profile for Music Analysis and Exploration.",Diego Furtado Silva; Chin-Chia Michael Yeh; Yan Zhu 0014; Gustavo E. A. P. A. Batista; Eamonn J. Keogh,https://doi.org/10.1109/TMM.2018.2849563,top,J,no_arxiv,0
