2022,INFORMS J Compt,"Exact Solution Algorithms for the Chordless Cycle Problem.",Dilson Lucas Pereira; Abilio Lucena; Alexandre Salles da Cunha; Luidi Simonetti,https://doi.org/10.1287/ijoc.2022.1164,top,J,no_arxiv,0
2022,ITOR,"Algorithms for the multiperiod workforce scheduling and routing problem with dependent tasks.",Vitor Notini Pontes; Dilson Lucas Pereira,https://doi.org/10.1111/itor.12971,null,J,no_arxiv,0
2020,Computers & OR,"A multiperiod workforce scheduling and routing problem with dependent tasks.",Dilson Lucas Pereira; Júlio César Alves; Mayron César O. Moreira,https://doi.org/10.1016/j.cor.2020.104930,null,J,no_arxiv,0
2020,EJOR,"Semidefinite programming lower bounds and branch-and-bound algorithms for the quadratic minimum spanning tree problem.",Dilson Almeida Guimarães; Alexandre Salles da Cunha; Dilson Lucas Pereira,https://doi.org/10.1016/j.ejor.2019.07.038,null,J,no_arxiv,0
2020,EJOR,"Dynamic intersection of multiple implicit Dantzig-Wolfe decompositions applied to the adjacent only quadratic minimum spanning tree problem.",Dilson Lucas Pereira; Alexandre Salles da Cunha,https://doi.org/10.1016/j.ejor.2019.12.042,null,J,no_arxiv,0
2018,Computers & OR,"Reformulations and branch-and-price algorithm for the Minimum Cost Hop-and-root Constrained Forest Problem.",Dilson Lucas Pereira; Alexandre Salles da Cunha,https://doi.org/10.1016/j.cor.2018.05.013,null,J,no_arxiv,0
2018,Networks,"Polyhedral results, branch-and-cut and Lagrangian relaxation algorithms for the adjacent only quadratic minimum spanning tree problem.",Dilson Lucas Pereira; Alexandre Salles da Cunha,https://doi.org/10.1002/net.21787,null,J,no_arxiv,0
