2025,Engineering Appl. of AI,"A multiagent architecture for Industrial Internet of Things safety applications.",Gibson B. N. Barbosa; Djamel Fawzi Hadj Sadok; Judith Kelner; Luis Ribeiro 0001,https://doi.org/10.1016/j.engappai.2025.110495,null,J,no_arxiv,0
2023,Engineering Appl. of AI,"A fuzzy scheduler for MAS applied to object tracking.",Gibson B. N. Barbosa; Marrone Dantas; Assis T. de Oliveira Filho; Iago Richard Rodrigues Silva; Daniel Bezerra; Djamel Sadok; Judith Kelner; Ricardo S. Souza,https://doi.org/10.1016/j.engappai.2022.105796,null,J,no_arxiv,0
2025,Supercomputing,"A cluster-based solution for service function chain allocation in large-scale infrastructure.",Diego de Freitas Bezerra; Élisson da Silva Rocha; Guto Leoni Santos; André Luis Cavalcanti Moreira; Judith Kelner; Djamel Fawzi Hadj Sadok; Glauco Estácio Gonçalves; Maria Valéria Marquezini; Patricia Takako Endo,https://doi.org/10.1007/s11227-025-07218-6,null,J,no_arxiv,0
2023,J. Parallel Distrib. Comput.,"Resource optimizing federated learning for use with IoT: A systematic review.",Leylane Graziele Ferreira da Silva; Djamel Fawzi Hadj Sadok; Patricia Takako Endo,https://doi.org/10.1016/j.jpdc.2023.01.006,null,J,no_arxiv,0
2023,Supercomputing,"A framework for robotic arm pose estimation and movement prediction based on deep and extreme learning models.",Iago Richard Rodrigues Silva; Marrone Dantas; Assis T. de Oliveira Filho; Gibson B. N. Barbosa; Daniel Bezerra; Ricardo S. Souza; Maria Valéria Marquezini; Patricia Takako Endo; Judith Kelner; Djamel Sadok,https://doi.org/10.1007/s11227-022-04936-z,null,J,http://arxiv.org/abs/2205.13994v1,0
2022,Future Generation CS,"A reinforcement learning-based approach for availability-aware service function chain placement in large-scale networks.",Guto Leoni Santos; Patricia Takako Endo; Theo Lynn; Djamel Sadok; Judith Kelner,https://doi.org/10.1016/j.future.2022.05.021,null,J,no_arxiv,0
2021,Supercomputing,"Optimizing NFV placement for distributing micro-data centers in cellular networks.",Diego de Freitas Bezerra; Guto Leoni Santos; Glauco Estácio Gonçalves; André L. C. Moreira; Leylane Graziele Ferreira da Silva; Élisson da Silva Rocha; Maria Valéria Marquezini; Judith Kelner; Djamel Sadok; Amardeep Mehta; Mattias Wildeman; Patricia Takako Endo,https://doi.org/10.1007/s11227-021-03620-y,null,J,no_arxiv,0
2023,SPE,"SPIDER: An availability-aware framework for the service function chain placement in distributed scenarios.",Guto Leoni Santos; Patricia Takako Endo; Djamel Sadok; Judith Kelner,https://doi.org/10.1002/spe.3154,null,J,no_arxiv,0
2021,SPE,"Aggregating data center measurements for availability analysis.",Élisson da Silva Rocha; Leylane Silva; Guto Leoni Santos; Diego de Freitas Bezerra; André L. C. Moreira; Glauco Estácio Gonçalves; Maria Valéria Marquezini; Amardeep Mehta; Mattias Wildeman; Judith Kelner; Djamel Sadok; Patricia Takako Endo,https://doi.org/10.1002/spe.2934,null,J,no_arxiv,0
2020,SPE,"Availability analysis of design configurations to compose virtual performance-optimized data center systems in next-generation cloud data centers.",Daniel Rosendo; Demis Gomes; Guto Leoni Santos; Leylane Silva; André L. C. Moreira; Judith Kelner; Djamel Sadok; Glauco Estácio Gonçalves; Amardeep Mehta; Mattias Wildeman; Patricia Takako Endo,https://doi.org/10.1002/spe.2833,null,J,no_arxiv,0
2022,Multimedia Tools Appl.,"Modeling and assessing an intelligent system for safety in human-robot collaboration using deep and machine learning techniques.",Iago Richard Rodrigues Silva; Gibson B. N. Barbosa; Assis T. Oliveira Filho; Carolina Cani D. L.; Marrone Dantas; Djamel H. Sadok; Judith Kelner; Ricardo S. Souza; Maria Valéria Marquezini; Silvia Lins,https://doi.org/10.1007/s11042-021-11643-z,null,J,no_arxiv,0
2022,Multimedia Tools Appl.,"Faulty RJ45 connectors detection on radio base station using deep learning.",Marrone Silvério Melo Dantas; Pedro Henrique Dreyer Leuchtenberg; Gabriel Fonseca Reis de Souza; Daniel Bezerra; Ricardo S. Souza; Silvia Lins; Judith Kelner; Djamel Fawzi Hadj Sadok,https://doi.org/10.1007/s11042-022-12694-6,null,J,no_arxiv,0
2022,Multimedia Tools Appl.,"Video object segmentation for automatic image annotation of ethernet connectors with environment mapping and 3D projection.",Marrone Dantas; Pedro Dreyer; Daniel Bezerra; Gabriel Reis; Ricardo S. Souza; Silvia Lins; Judith Kelner; Djamel Sadok,https://doi.org/10.1007/s11042-022-13128-z,null,J,no_arxiv,0
2024,J. Network Computer App.,"Living on the edge: A survey of Digital Twin-Assisted Task Offloading in safety-critical environments.",Pedro Rafael X. do Carmo; Diego de Freitas Bezerra; Assis T. Oliveira Filho; Eduardo Freitas; Miguel L. P. C. Silva; Marrone Dantas; Beatriz Oliveira; Judith Kelner; Djamel Fawzi Hadj Sadok; Ricardo S. Souza,https://doi.org/10.1016/j.jnca.2024.104024,null,J,no_arxiv,0
2023,Computer Comm.,"Measuring the impact of SR-IOV and virtualization on packet round-trip time.",Assis T. de Oliveira Filho; Eduardo Freitas; Pedro Rafael X. do Carmo; Djamel Fawzi Hadj Sadok; Judith Kelner,https://doi.org/10.1016/j.comcom.2023.09.013,null,J,no_arxiv,0
2022,Computer Comm.,"An experimental investigation of Round-Trip Time and virtualization.",Assis T. Oliveira Filho; Eduardo Freitas; Pedro Rafael X. do Carmo; Djamel Fawzi Hadj Sadok; Judith Kelner,https://doi.org/10.1016/j.comcom.2021.12.006,null,J,no_arxiv,0
2022,Computer Comm.,"A machine learning-based optimization for end-to-end latency in TSN networks.",Daniel Bezerra; Assis Tiago Oliveira Filho; Iago Richard Rodrigues Silva; Marrone Dantas; Gibson B. N. Barbosa; Ricardo S. Souza; Judith Kelner; Djamel Sadok,https://doi.org/10.1016/j.comcom.2022.09.011,null,J,no_arxiv,0
2022,Computer Comm.,"A survey on accelerating technologies for fast network packet processing in Linux environments.",Eduardo Freitas; Assis T. de Oliveira Filho; Pedro Rafael X. do Carmo; Djamel Sadok; Judith Kelner,https://doi.org/10.1016/j.comcom.2022.10.003,null,J,no_arxiv,0
2022,J. Intelligent & Robotic Syst.,"HOSA: An End-to-End Safety System for Human-Robot Interaction.",Gibson B. N. Barbosa; Carolina C. D. Ledebour; Assis T. Oliveira Filho; Iago Richard Rodrigues Silva; Djamel Sadok; Judith Kelner; Ricardo S. Souza,https://doi.org/10.1007/s10846-022-01701-5,null,J,no_arxiv,0
