2021,J. Parallel Distrib. Comput.,"DDF Library: Enabling functional programming in a task-based model.",Lucas M. Ponce; Daniele Lezzi; Rosa M. Badia; Dorgival O. Guedes,https://doi.org/10.1016/j.jpdc.2021.02.009,null,J,no_arxiv,0
2019,Future Generation CS,"BIGSEA: A Big Data analytics platform for public transportation information.",Andy S. Alic; Jussara M. Almeida; Giovanni Aloisio; Nazareno Andrade; Nuno Antunes; Danilo Ardagna; Rosa M. Badia; Tânia Basso; Ignacio Blanquer; Tarciso Braz; Andrey Brito; Donatello Elia; Sandro Fiore; Dorgival O. Guedes; Marco Lattuada 0001; Daniele Lezzi; Matheus Maciel; Wagner Meira Jr.; Demetrio Gomes Mestre; Regina Moraes; Fábio Morais 0001; Carlos Eduardo S. Pires; Nádia P. Kozievitch; Walter dos Santos; Paulo Silva 0002; Marco Vieira,https://doi.org/10.1016/j.future.2019.02.011,null,J,no_arxiv,0
2018,J. Parallel Distrib. Comput.,"Janus: Diagnostics and reconfiguration of data parallel programs.",Vinícius Vitor dos Santos Dias; Wagner Meira Jr.; Dorgival O. Guedes,https://doi.org/10.1016/j.jpdc.2018.02.030,null,J,no_arxiv,0
2019,SIGMOD,"Fractal: A General-Purpose Graph Pattern Mining System.",Vinícius Vitor dos Santos Dias; Carlos H. C. Teixeira; Dorgival O. Guedes; Wagner Meira Jr.; Srinivasan Parthasarathy 0001,https://doi.org/10.1145/3299869.3319875,top,C,no_arxiv,0
2018,Proc. VLDB,"Scalable and Efficient Data Analytics and Mining with Lemonade.",Walter Santos; Gustavo de P. Avelar; Manoel Horta Ribeiro; Dorgival O. Guedes; Wagner Meira Jr.,http://www.vldb.org/pvldb/vol11/p2070-santos.pdf,top,J,no_arxiv,0
