2022,IEEE RA-L,"Autonomous Environment Disinfection Based on Dynamic UV-C Irradiation Map.",Mathias Mantelli; Letícia dos Santos; Lucas de Fraga; Giovanna Miotto; Augusto Bergamin; Etevaldo Cardoso; Miguel Serrano; Renan Maffei; Edson Prestes; João Netto; Mariana Luderitz Kolberg,https://doi.org/10.1109/LRA.2022.3152719,null,J,no_arxiv,0
2022,IEEE Robotics & Automation Mag.,"The Role of Robotics in Achieving the United Nations Sustainable Development Goals - The Experts' Meeting at the 2021 IEEE/RSJ IROS Workshop [Industry Activities].",Vincent Mai; Bram Vanderborght; Tamás Haidegger; Alaa M. Khamis; Niraj Bhargava; Dominik B. O. Boesl; Katleen Gabriels; An Jacobs; AJung Moon; Robin R. Murphy; Yasushi Nakauchi; Edson Prestes; Bhavani Rao R.; Ricardo Vinuesa; Carl-Maria Mörch,https://doi.org/10.1109/MRA.2022.3143409,null,J,no_arxiv,0
2022,Robotics & Autonomous Syst.,"Loop-Aware Exploration Graph: A concise representation of environments for exploration and active loop-closure.",Diego Pittol; Mathias Mantelli; Renan Maffei; Mariana Kolberg; Edson Prestes,https://doi.org/10.1016/j.robot.2022.104179,null,J,no_arxiv,0
2021,J. Intelligent & Robotic Syst.,"Semantic Active Visual Search System Based on Text Information for Large and Unknown Environments.",Mathias Mantelli; Diego Pittol; Renan Maffei; Jim Tørresen; Edson Prestes; Mariana Luderitz Kolberg,https://doi.org/10.1007/s10846-020-01298-7,null,J,no_arxiv,0
2021,J. Intelligent & Robotic Syst.,"Interval Inspired Approach Based on Temporal Sequence Constraints to Place Recognition.",Renata Neuland; Fernanda Rodrigues; Diego Pittol; Luc Jaulin; Renan Maffei; Mariana Luderitz Kolberg; Edson Prestes,https://doi.org/10.1007/s10846-021-01375-5,null,J,no_arxiv,0
2020,J. Intelligent & Robotic Syst.,"Robotic Standard Development Life Cycle in Action.",Joanna Isabelle Olszewska; Michael Houghtaling; Paulo Jorge Sequeira Gonçalves; Nicola Fabiano; Tamás Haidegger; Joel Luis Carbonera; William Remington Patterson; S. Veera Ragavan; Sandro Rama Fiorini; Edson Prestes,https://doi.org/10.1007/s10846-019-01107-w,null,J,no_arxiv,0
2020,J. Intelligent & Robotic Syst.,"Hybridisation of Sequential Monte Carlo Simulation with Non-linear Bounded-error State Estimation Applied to Global Localisation of Mobile Robots.",Robin Weiss; Peter Glösekötter; Edson Prestes; Mariana Luderitz Kolberg,https://doi.org/10.1007/s10846-019-01118-7,null,J,no_arxiv,0
2020,J. Intelligent & Robotic Syst.,"Monocular 3D Exploration using Lines-of-Sight and Local Maps.",Diego Pittol; Mathias Mantelli; Renan Maffei; Mariana Luderitz Kolberg; Edson Prestes,https://doi.org/10.1007/s10846-020-01208-x,null,J,no_arxiv,0
2020,Robotics & Autonomous Syst.,"Three level sequence-based Loop Closure Detection.",Fernanda Rodrigues; Renata Neuland; Mathias Mantelli; Diego Pittol; Renan Maffei; Edson Prestes; Mariana Luderitz Kolberg,https://doi.org/10.1016/j.robot.2020.103620,null,J,no_arxiv,0
2020,IROS,"Global Localization Over 2D Floor Plans with Free-Space Density Based on Depth Information.",Renan Maffei; Diego Pittol; Mathias Mantelli; Edson Prestes; Mariana Luderitz Kolberg,https://doi.org/10.1109/IROS45743.2020.9340642,null,C,no_arxiv,0
2019,IEEE Robotics & Automation Mag.,"AI: A Key Enabler of Sustainable Development Goals, Part 1 [Industry Activities].",Alaa M. Khamis; Howard Li; Edson Prestes; Tamás Haidegger,https://doi.org/10.1109/MRA.2019.2928738,null,J,no_arxiv,0
2019,IEEE Robotics & Automation Mag.,"AI: A Key Enabler for Sustainable Development Goals: Part 2 [Industry Activities].",Alaa M. Khamis; Howard Li; Edson Prestes; Tamás Haidegger,https://doi.org/10.1109/MRA.2019.2945739,null,J,no_arxiv,0
2019,Robotics & Autonomous Syst.,"A novel measurement model based on abBRIEF for global localization of a UAV over satellite images.",Mathias Mantelli; Diego Pittol; Renata Neuland; Arthur Ribacki; Renan Maffei; Vitor A. M. Jorge; Edson Prestes; Mariana Luderitz Kolberg,https://doi.org/10.1016/j.robot.2018.12.006,null,J,no_arxiv,0
2018,ICRA,"Vision-Based Global Localization Using Ceiling Space Density.",Arthur Ribacki; Vitor A. M. Jorge; Mathias Mantelli; Renan Maffei; Edson Prestes,https://doi.org/10.1109/ICRA.2018.8460515,null,C,no_arxiv,0
