2022,J. Parallel Distrib. Comput.,"Early scheduling on steroids: Boosting parallel state machine replication.",Elia Batista; Eduardo Alchieri; Fernando Luís Dotti; Fernando Pedone,https://doi.org/10.1016/j.jpdc.2022.02.001,null,J,no_arxiv,0
2022,IEEE TPDS,"Exploiting Concurrency in Sharded Parallel State Machine Replication.",Aldenio Burgos; Eduardo Alchieri; Fernando Luís Dotti; Fernando Pedone,https://doi.org/10.1109/TPDS.2021.3135761,top,J,no_arxiv,0
2024,Concurr. & Computation,"DDoS attack detection in SDN: Enhancing entropy-based detection with machine learning.",Marcos J. Santos-Neto; Jacir Luiz Bordim; Eduardo A. P. Alchieri; Edison Ishikawa,https://doi.org/10.1002/cpe.8021,null,J,no_arxiv,0
2024,PODC,"Probabilistic Byzantine Fault Tolerance.",Diogo Avelas; Hasan Heydari; Eduardo Alchieri; Tobias Distler; Alysson Bessani,https://doi.org/10.1145/3662158.3662810,top,C,no_arxiv,0
2023,Concurr. & Computation,"DataPlane-ML: An integrated attack detection and mitigation solution for software defined networks.",Ranyelson Neres Carvalho; Lucas Rodrigues Costa; Jacir Luiz Bordim; Eduardo A. P. Alchieri,https://doi.org/10.1002/cpe.7434,null,J,no_arxiv,0
2023,Middleware,"FlexCast: Genuine Overlay-based Atomic Multicast.",Elia Batista; Paulo R. Coelho; Eduardo Alchieri; Fernando Luís Dotti; Fernando Pedone,https://doi.org/10.1145/3590140.3629122,null,C,no_arxiv,0
2020,DSN,"From Byzantine Replication to Blockchain: Consensus is Only the Beginning.",Alysson Bessani; Eduardo Alchieri; João Sousa 0002; André Oliveira 0002; Fernando Pedone,https://doi.org/10.1109/DSN48063.2020.00057,null,C,http://arxiv.org/abs/2004.14527v1,0
2023,Computer Comm.,"5G-RCOLAB: A system level simulator for 5G and beyond in rural areas.",Gabriel de Carvalho Ferreira; Priscila Solís Barreto; Marcos F. Caetano; Eduardo Alchieri; Daniel Costa Araújo 0001; Francisco Rodrigo P. Cavalcanti; Diego Aguiar Sousa,https://doi.org/10.1016/j.comcom.2023.09.026,null,J,no_arxiv,0
