2023,Supercomputing,"A CPN-based model for assessing energy consumption of IoT networks.",Diogo Lages; Eric Borba; Eduardo Tavares; Andson Balieiro; Erica Souza,https://doi.org/10.1007/s11227-023-05185-4,null,J,no_arxiv,0
2022,Supercomputing,"Cloud storage availability and performance assessment: a study based on NoSQL DBMS.",Carlos Gomes; Eduardo Tavares; Meuse Nogueira de O. Junior; Bruno C. S. Nogueira,https://doi.org/10.1007/s11227-021-03976-1,null,J,no_arxiv,0
2019,Supercomputing,"Accelerating continuous GRASP with a GPU.",Bruno C. S. Nogueira; Eduardo Tavares; Jean Araujo 0001; Gustavo Callou,https://doi.org/10.1007/s11227-019-02833-6,null,J,no_arxiv,0
2021,Computers & OR,"Iterated local search with tabu search for the weighted vertex coloring problem.",Bruno C. S. Nogueira; Eduardo Tavares; Paulo R. M. Maciel,https://doi.org/10.1016/j.cor.2020.105087,null,J,no_arxiv,0
2021,Opt Letters,"Iterated local search for the generalized independent set problem.",Bruno Costa e Silva Nogueira; Rian G. S. Pinheiro; Eduardo Tavares,https://doi.org/10.1007/s11590-020-01643-7,null,J,no_arxiv,0
