2025,J. Parallel Distrib. Comput.,"GPU tabu search: A study on using GPU to solve massive instances of the maximum diversity problem.",Bruno Nogueira 0001; William Rosendo; Eduardo Tavares; Ermeson C. Andrade,https://doi.org/10.1016/j.jpdc.2024.105012,null,J,no_arxiv,0
2025,Supercomputing,"A modelling approach for estimating energy consumption of NoSQL-based storage systems.",Fillipe Souza; Eduardo Tavares; Carlos Araújo,https://doi.org/10.1007/s11227-025-07298-4,null,J,no_arxiv,0
2023,Supercomputing,"A CPN-based model for assessing energy consumption of IoT networks.",Diogo Lages; Eric Borba; Eduardo Tavares; Andson M. Balieiro; Erica Souza,https://doi.org/10.1007/s11227-023-05185-4,null,J,no_arxiv,0
2023,Supercomputing,"NoSQL-based storage systems: influence of consistency on performance, availability and energy consumption.",Carlos Gomes; Meuse Nogueira de O. Junior; Bruno C. S. Nogueira; Paulo R. M. Maciel; Eduardo Tavares,https://doi.org/10.1007/s11227-023-05488-6,null,J,no_arxiv,0
2022,Supercomputing,"Cloud storage availability and performance assessment: a study based on NoSQL DBMS.",Carlos Gomes; Eduardo Tavares; Meuse Nogueira de O. Junior; Bruno C. S. Nogueira,https://doi.org/10.1007/s11227-021-03976-1,null,J,no_arxiv,0
2024,JSS,"Performability evaluation of NoSQL-based storage systems.",Carlos Araújo; Meuse N. Oliveira Jr.; Bruno Nogueira 0001; Paulo Maciel 0001; Eduardo Tavares,https://doi.org/10.1016/j.jss.2023.111885,null,J,no_arxiv,0
2021,Computers & OR,"Iterated local search with tabu search for the weighted vertex coloring problem.",Bruno C. S. Nogueira; Eduardo Tavares; Paulo R. M. Maciel,https://doi.org/10.1016/j.cor.2020.105087,null,J,no_arxiv,0
2021,Opt Letters,"Iterated local search for the generalized independent set problem.",Bruno Costa e Silva Nogueira; Rian G. S. Pinheiro; Eduardo Tavares,https://doi.org/10.1007/s11590-020-01643-7,null,J,no_arxiv,0
