2018,GPCE,"Exploring feature interactions without specifications: a controlled experiment.",Larissa Rocha Soares; Jens Meinicke; Sarah Nadi; Christian Kästner; Eduardo Santana de Almeida,https://doi.org/10.1145/3278122.3278127,null,C,no_arxiv,0
2022,IST,"Investigating replication challenges through multiple replications of an experiment.",Daniel Amador dos Santos; Eduardo Santana de Almeida; Iftekhar Ahmed 0001,https://doi.org/10.1016/j.infsof.2022.106870,null,J,no_arxiv,0
2022,IST,"An empirical study of emoji use in software development communication.",Shiyue Rong; Weisheng Wang; Umme Ayda Mannan; Eduardo Santana de Almeida; Shurui Zhou; Iftekhar Ahmed 0001,https://doi.org/10.1016/j.infsof.2022.106912,null,J,no_arxiv,0
2022,IST,"Different, Really! A comparison of Highly-Configurable Systems and Single Systems.",Raphael Pereira de Oliveira; Paulo Anselmo da Mota Silveira Neto; Qihong Chen; Eduardo Santana de Almeida; Iftekhar Ahmed 0001,https://doi.org/10.1016/j.infsof.2022.107035,null,J,no_arxiv,0
2022,TSE,"A Deep Dive into the Impact of COVID-19 on Software Development.",Paulo Anselmo da Mota Silveira Neto; Umme Ayda Mannan; Eduardo Santana de Almeida; Nachiappan Nagappan; David Lo 0001; Pavneet Singh Kochhar; Cuiyun Gao; Iftekhar Ahmed 0001,https://doi.org/10.1109/TSE.2021.3088759,top,J,no_arxiv,0
2021,ICSE,"We'll Fix It in Post: What Do Bug Fixes in Video Game Update Notes Tell Us?",Andrew Truelove; Eduardo Santana de Almeida; Iftekhar Ahmed 0001,https://doi.org/10.1109/ICSE43902.2021.00073,top,C,http://arxiv.org/abs/2103.03997v1,0
2020,EMSE,"On the relation between Github communication activity and merge conflicts.",Gustavo Vale; Angelika Schmid; Alcemir Rodrigues Santos; Eduardo Santana de Almeida; Sven Apel,https://doi.org/10.1007/s10664-019-09774-x,null,J,no_arxiv,0
2019,EMSE,"Comparing the influence of using feature-oriented programming and conditional compilation on comprehending feature-oriented software.",Alcemir Rodrigues Santos; Ivan do Carmo Machado; Eduardo Santana de Almeida; Janet Siegmund; Sven Apel,https://doi.org/10.1007/s10664-018-9658-x,null,J,no_arxiv,0
2019,EMSE,"Experimenting with information retrieval methods in the recovery of feature-code SPL traces.",Tassio Vale; Eduardo Santana de Almeida,https://doi.org/10.1007/s10664-018-9652-3,null,J,no_arxiv,0
2019,EMSE,"Designing smart city mobile applications.",Roselane Silva Farias; Renata Maria de Souza; John D. McGregor; Eduardo Santana de Almeida,https://doi.org/10.1007/s10664-019-09723-8,null,J,no_arxiv,0
2018,IST,"Feature interaction in software product line engineering: A systematic mapping study.",Larissa Rocha Soares; Pierre-Yves Schobbens; Ivan do Carmo Machado; Eduardo Santana de Almeida,https://doi.org/10.1016/j.infsof.2018.01.016,null,J,no_arxiv,0
2018,JSS,"On the implementation of dynamic software product lines: An exploratory study.",Michelle Larissa Luciano Carvalho; Matheus Lessa Goncalves Da Silva; Gecynalda Soares da Silva Gomes; Alcemir Rodrigues Santos; Ivan do Carmo Machado; Magno Lua de Jesus Souza; Eduardo Santana de Almeida,https://doi.org/10.1016/j.jss.2017.11.004,null,J,no_arxiv,0
