2022,LAK,"A Penny for your Thoughts: Students and Instructors' Expectations about Learning Analytics in Brazil.",Taciana Pontual Falcão; Rodrigo Lins Rodrigues; Cristian Cechinel; Diego Dermeval; Elaine Harada Teixeira de Oliveira; Isabela Gasparini; Rafael D. Araújo; Tiago T. Primo; Dragan Gasevic; Rafael Ferreira Mello,https://doi.org/10.1145/3506860.3506886,null,C,no_arxiv,0
2023,Int. J. HCI,"Investigating the Influence of Different Factors on the UX Evaluation of a Mobile Application.",Walter Takashi Nakamura; Leonardo C. Marques; David F. Redmiles; Elaine Harada T. de Oliveira; Tayana Conte,https://doi.org/10.1080/10447318.2022.2108658,null,J,no_arxiv,0
2022,ACM TOCE,"Are They Learning or Playing? Moderator Conditions of Gamification's Success in Programming Classrooms.",Luiz A. L. Rodrigues; Filipe D. Pereira; Armando M. Toda; Paula T. Palomino; Wilk Oliveira; Marcela Pessoa; Leandro S. G. Carvalho; David B. F. Oliveira; Elaine Harada T. de Oliveira; Alexandra I. Cristea; Seiji Isotani,https://doi.org/10.1145/3485732,top,J,no_arxiv,0
2021,SIGCSE,"Towards a Human-AI Hybrid System for Categorising Programming Problems.",Filipe Dwan Pereira; Francisco Pires; Samuel C. Fonseca; Elaine H. T. Oliveira; Leandro S. G. Carvalho; David B. F. Oliveira; Alexandra I. Cristea,https://doi.org/10.1145/3408877.3432422,null,C,no_arxiv,0
2022,JSS,"What factors affect the UX in mobile apps? A systematic mapping study on the analysis of app store reviews.",Walter Takashi Nakamura; Edson César Cunha de Oliveira; Elaine Harada Teixeira de Oliveira; David F. Redmiles; Tayana Conte,https://doi.org/10.1016/j.jss.2022.111462,null,J,no_arxiv,0
