2022,MSCS,"A linear logic framework for multimodal logics.",Bruno Xavier; Carlos Olarte; Elaine Pimentel,https://doi.org/10.1017/S0960129522000366,null,J,no_arxiv,0
2021,J. Log. Comput.,"Hypersequent calculi for non-normal modal and deontic logics: countermodels and optimal complexity.",Tiziano Dalmonte; Björn Lellmann; Nicola Olivetti; Elaine Pimentel,https://doi.org/10.1093/logcom/exaa072,null,J,no_arxiv,0
2021,WoLLIC,"A Pure View of Ecumenical Modalities.",Sonia Marin; Luiz Carlos Pereira; Elaine Pimentel; Emerson Sales,https://doi.org/10.1007/978-3-030-88853-4_24,null,C,no_arxiv,0
2019,MSCS,"Hybrid linear logic, revisited.",Kaustuv Chaudhuri; Joëlle Despeyroux; Carlos Olarte; Elaine Pimentel,https://doi.org/10.1017/S0960129518000439,null,J,no_arxiv,0
2019,ACM TOCL,"Modularisation of Sequent Calculi for Normal and Non-normal Modalities.",Björn Lellmann; Elaine Pimentel,https://doi.org/10.1145/3288757,top,J,no_arxiv,0
2018,TPLP,"A concurrent constraint programming interpretation of access permissions.",Carlos Olarte; Elaine Pimentel; Camilo Rueda,https://doi.org/10.1017/S1471068418000017,null,J,http://arxiv.org/abs/1802.04695v1,0
2018,WoLLIC,"A Semantical View of Proof Systems.",Elaine Pimentel,https://doi.org/10.1007/978-3-662-57669-4_3,null,C,no_arxiv,0
