2023,Soft Computing,"Cross-entropy boosted CRO-SL for optimal power flow in smart grids.",Carolina Gil Marcelino; Jorge Pérez-Aracil; Elizabeth F. Wanner; Silvia Jiménez-Fernández; Gabriel Matos Cardoso Leite; Sancho Salcedo-Sanz,https://doi.org/10.1007/s00500-023-07900-y,null,J,no_arxiv,0
2021,Expert Systems Appl.,"Online clustering reduction based on parametric and non-parametric correlation for a many-objective vehicle routing problem with demand responsive transport.",Renan Santos Mendes; Victoria Lush; Elizabeth F. Wanner; Flávio V. C. Martins; João F. M. Sarubbi; Kalyanmoy Deb,https://doi.org/10.1016/j.eswa.2020.114467,null,J,no_arxiv,0
2021,Expert Systems Appl.,"A robust multi-response VNS-aiNet approach for solving scheduling problems under unrelated parallel machines environments.",Rodney Oliveira Marinho Diana; Sérgio Ricardo de Souza; Elizabeth Fialho Wanner,https://doi.org/10.1016/j.eswa.2021.115140,null,J,no_arxiv,0
2021,Expert Systems Appl.,"An efficient multi-objective evolutionary approach for solving the operation of multi-reservoir system scheduling in hydro-power plants.",Carolina Gil Marcelino; Gabriel M. C. Leite; Carla A. D. M. Delgado; Lucas B. de Oliveira; Elizabeth F. Wanner; Silvia Jiménez-Fernández; Sancho Salcedo-Sanz,https://doi.org/10.1016/j.eswa.2021.115638,null,J,no_arxiv,0
2020,Expert Systems Appl.,"Optimisation of phonetic aware speech recognition through multi-objective evolutionary algorithms.",Jordan J. Bird; Elizabeth F. Wanner; Anikó Ekárt; Diego R. Faria,https://doi.org/10.1016/j.eswa.2020.113402,null,J,no_arxiv,0
2021,Computers & OR,"A computational study on ant colony optimization for the traveling salesman problem with dynamic demands.",Sabrina M. Oliveira; Leonardo C. T. Bezerra; Thomas Stützle; Marco Dorigo; Elizabeth F. Wanner; Sérgio Ricardo de Souza,https://doi.org/10.1016/j.cor.2021.105359,null,J,no_arxiv,0
2020,JORS,"A combined optimisation and decision-making approach for battery-supported HMGS.",Carolina Gil Marcelino; Manuel Baumann; Leonel M. Carvalho; Nelson Chibeles-Martins; Marcel Weil; Paulo E. M. de Almeida; Elizabeth F. Wanner,https://doi.org/10.1080/01605682.2019.1582590,null,J,no_arxiv,0
