2023,JSS,"Ensemble Effort Estimation: An updated and extended systematic literature review.",Jose Thiago H. de A. Cabral; Adriano L. I. Oliveira; Fabio Q. B. da Silva,https://doi.org/10.1016/j.jss.2022.111542,null,J,no_arxiv,0
2020,EMSE,"The Teamwork Process Antecedents (TPA) questionnaire: developing and validating a comprehensive measure for assessing antecedents of teamwork process quality.",George Marsicano; Fabio Q. B. da Silva; Carolyn B. Seaman; Breno Giovanni Adaid-Castro,https://doi.org/10.1007/s10664-020-09860-5,null,J,no_arxiv,0
2020,IEEE Software,"Collaborative Feedback and Its Effects on Software Teams.",Clauirton de Siebra; Leonardo Sodre; Jonysberg P. Quintino; Fabio Q. B. da Silva; André L. M. Santos,https://doi.org/10.1109/MS.2019.2946565,null,J,no_arxiv,0
2020,TSE,"Motivation and Satisfaction of Software Engineers.",A. César C. França; Fabio Q. B. da Silva; Helen Sharp,https://doi.org/10.1109/TSE.2018.2842201,top,J,no_arxiv,0
2020,ESEM,"Teamwork Quality and Team Success in Software Development: A Non-exact Replication Study.",Any Caroliny Duarte Batista de Almeida; Renata M. C. R. de Souza; Fabio Q. B. da Silva; Leandro de Almeida Melo; George Marsicano,https://doi.org/10.1145/3382494.3410632,null,C,no_arxiv,0
