2021,JSS,"Initiatives and challenges of using gamification in software engineering: A Systematic Mapping.",Daniel de Paula Porto; Gabriela Martins de Jesus; Fabiano Cutigi Ferrari; Sandra Camargo Pinto Ferraz Fabbri,https://doi.org/10.1016/j.jss.2020.110870,null,J,http://arxiv.org/abs/2011.07115v1,0
2020,SCP,"Mutating code annotations: An empirical evaluation on Java and C# programs.",Pedro Pinheiro; José Carlos Viana; Márcio Ribeiro 0001; Leonardo Fernandes; Fabiano Cutigi Ferrari; Rohit Gheyi; Baldoino Fonseca,https://doi.org/10.1016/j.scico.2020.102418,null,J,no_arxiv,0
2020,SANER,"Characterizing Architectural Drifts of Adaptive Systems.",Daniel San Martín; Bento R. Siqueira; Valter Vieira de Camargo; Fabiano Cutigi Ferrari,https://doi.org/10.1109/SANER48275.2020.9054856,null,C,no_arxiv,0
2019,JSS,"A systematic literature review of techniques and metrics to reduce the cost of mutation testing.",Alessandro Viola Pizzoleto; Fabiano Cutigi Ferrari; Jeff Offutt; Leonardo Fernandes; Márcio Ribeiro 0001,https://doi.org/10.1016/j.jss.2019.07.100,null,J,no_arxiv,0
2018,JSS,"The impact of Software Testing education on code reliability: An empirical assessment.",Otávio Augusto Lazzarini Lemos; Fábio Fagundes Silveira; Fabiano Cutigi Ferrari; Alessandro Garcia 0001,https://doi.org/10.1016/j.jss.2017.02.042,null,J,no_arxiv,0
