2020,Euro-Par,"WPSP: A Multi-correlated Weighted Policy for VM Selection and Migration for Cloud Computing.",Sergi Vila; Josep L. Lérida; Fernando Cores; Fernando Guirado; Fábio L. Verdi,https://doi.org/10.1007/978-3-030-57675-2_20,null,C,no_arxiv,0
2022,CNSM,"iRED: Improving the DASH QoS by dropping packets in programmable data planes.",Leandro C. de Almeida; Guilherme Matos; Rafael Pasquini; Chrysa Papagianni; Fábio L. Verdi,https://doi.org/10.23919/CNSM55787.2022.9964949,null,C,no_arxiv,0
2021,IEEE Comm. Magazine,"The NECOS Approach to End-to-End Cloud-Network Slicing as a Service.",Stuart Clayman; Augusto Neto 0001; Fábio Luciano Verdi; Sand Correa; Silvio Sampaio; Ilias Sakellariou; Lefteris Mamatas; Rafael Pasquini; Kleber Vieira Cardoso; Francesco Tusa; Christian Esteve Rothenberg; Joan Serrat 0001,https://doi.org/10.1109/MCOM.001.2000702,null,J,no_arxiv,0
2020,IEEE Trans. Net. Service  Mgmt.,"Usability Matters: A Human-Computer Interaction Study on Network Management Tools.",Fábio Luciano Verdi; Hélio Tibagí de Oliveira; Leobino N. Sampaio; Luciana A. M. Zaina,https://doi.org/10.1109/TNSM.2020.2987036,null,J,no_arxiv,0
2022,JSS,"On the evaluation of usability design guidelines for improving network monitoring tools interfaces.",Sofia A. M. Silveira; Luciana A. M. Zaina; Leobino N. Sampaio; Fábio L. Verdi,https://doi.org/10.1016/j.jss.2022.111223,null,J,no_arxiv,0
