2023,Discrete Mathematics,"Seymour's Second Neighborhood Conjecture for orientations of (pseudo)random graphs.",Fábio Botler; Phablo F. S. Moura; Tássio Naia,https://doi.org/10.1016/j.disc.2023.113583,null,J,http://arxiv.org/abs/2211.06540v1,0
2023,J. of Graph Theory,"The mod k $k$ chromatic index of graphs is O ( k ) $O(k)$.",Fábio Botler; Lucas Colucci; Yoshiharu Kohayakawa,https://doi.org/10.1002/jgt.22866,null,J,no_arxiv,0
2023,J. of Graph Theory,"The mod k $k$ chromatic index of random graphs.",Fábio Botler; Lucas Colucci; Yoshiharu Kohayakawa,https://doi.org/10.1002/jgt.22946,null,J,no_arxiv,0
2022,Discrete Mathematics,"Decomposition of (2 + 1)-regular graphs containing special spanning 2-regular Cayley graphs into paths of length 2 + 1.",Fábio Botler; Luiz Hoffmann,https://doi.org/10.1016/j.disc.2022.112906,null,J,no_arxiv,0
2022,Discrete Mathematics,"Counting orientations of graphs with no strongly connected tournaments.",Fábio Botler; Carlos Hoppen; Guilherme Oliveira Mota,https://doi.org/10.1016/j.disc.2022.113024,null,J,http://arxiv.org/abs/2101.12327v1,0
2021,Discrete Mathematics,"On Tuza's conjecture for triangulations and graphs with small treewidth.",Fábio Botler; Cristina G. Fernandes; Juan Gutiérrez 0001,https://doi.org/10.1016/j.disc.2020.112281,null,J,http://arxiv.org/abs/2002.07925v2,0
2021,J. of Graph Theory,"Towards Gallai's path decomposition conjecture.",Fábio Botler; Maycon Sambinelli,https://doi.org/10.1002/jgt.22647,null,J,http://arxiv.org/abs/1911.04546v1,0
2020,J. of Graph Theory,"Gallai's path decomposition conjecture for graphs with treewidth at most 3.",Fábio Botler; Maycon Sambinelli; Rafael S. Coelho; Orlando Lee,https://doi.org/10.1002/jgt.22489,null,J,no_arxiv,0
2019,Discrete Mathematics,"Gallai's path decomposition conjecture for triangle-free planar graphs.",Fábio Botler; Andrea Jiménez; Maycon Sambinelli,https://doi.org/10.1016/j.disc.2019.01.020,null,J,no_arxiv,0
