2023,Computers & OR,"Exact approaches for the Minimum Subgraph Diameter Problem.",Arthur Pratti Dadalto; Fábio Luiz Usberti; Mário César San Felice,https://doi.org/10.1016/j.cor.2022.106050,null,J,no_arxiv,0
2023,J Comb Opt,"A theoretical and computational study of green vehicle routing problems.",Matheus Diógenes Andrade; Fábio Luiz Usberti,https://doi.org/10.1007/s10878-023-01043-4,null,J,no_arxiv,0
2023,Operations Research,"Interruption flows for reliability evaluation of power distribution networks.",Fábio Luiz Usberti; Celso Cavellucci; Christiano Lyra,https://doi.org/10.1007/s12351-023-00758-w,top,J,http://arxiv.org/abs/2108.00058v1,0
2022,INFORMS J Compt,"The Capacitated and Economic Districting Problem.",Luis Henrique Pauleti Mendes; Fábio Luiz Usberti; Celso Cavellucci,https://doi.org/10.1287/ijoc.2022.1180,top,J,no_arxiv,0
2019,Computers & OR,"An efficiency-based path-scanning heuristic for the capacitated arc routing problem.",Rafael Kendy Arakaki; Fábio Luiz Usberti,https://doi.org/10.1016/j.cor.2018.11.018,null,J,no_arxiv,0
2018,Computers & OR,"Hybrid genetic algorithm for the open capacitated arc routing problem.",Rafael Kendy Arakaki; Fábio Luiz Usberti,https://doi.org/10.1016/j.cor.2017.09.020,null,J,no_arxiv,0
