2024,Knowledge-Based Syst.,"Developing an Intelligent Decision Support System for large-scale smart grid communication network planning.",Marcos Alberto Mochinski; Mauricio Biczkowski; Ivan Chueiri; Edgard Jamhour; Voldi Costa Zambenedetti; Marcelo Eduardo Pellenz; Fabrício Enembreck,https://doi.org/10.1016/j.knosys.2023.111159,null,J,no_arxiv,0
2022,Expert Systems Appl.,"Estimating and tuning adaptive action plans for the control of smart interconnected poultry condominiums.",Darlan Felipe Klotz; Richardson Ribeiro; Fabrício Enembreck; Gustavo Weber Denardin; Marco A. C. Barbosa; Dalcimar Casanova; Marcelo Teixeira,https://doi.org/10.1016/j.eswa.2021.115876,null,J,no_arxiv,0
2021,Expert Systems Appl.,"A case study of batch and incremental recommender systems in supermarket data under concept drifts and cold start.",Antônio David Viniski; Jean Paul Barddal; Alceu de Souza Britto Jr.; Fabrício Enembreck; Humberto Vinicius Aparecido de Campos,https://doi.org/10.1016/j.eswa.2021.114890,null,J,no_arxiv,0
2020,Expert Systems Appl.,"Lessons learned from data stream classification applied to credit scoring.",Jean Paul Barddal; Lucas Loezer; Fabrício Enembreck; Riccardo Lanzuolo,https://doi.org/10.1016/j.eswa.2020.113899,null,J,no_arxiv,0
2019,Expert Systems Appl.,"Merit-guided dynamic feature selection filter for data streams.",Jean Paul Barddal; Fabrício Enembreck; Heitor Murilo Gomes; Albert Bifet; Bernhard Pfahringer,https://doi.org/10.1016/j.eswa.2018.09.031,null,J,no_arxiv,0
2019,Journal of AI Research,"Using Collective Behavior of Coupled Oscillators for Solving DCOP.",Allan Rodrigo Leite; Fabrício Enembreck,https://doi.org/10.1613/jair.1.11468,top,J,no_arxiv,0
2019,Inf. Systems,"Boosting decision stumps for dynamic feature selection on data streams.",Jean Paul Barddal; Fabrício Enembreck; Heitor Murilo Gomes; Albert Bifet; Bernhard Pfahringer,https://doi.org/10.1016/j.is.2019.02.003,null,J,no_arxiv,0
2024,PRL,"Adaptive regularized ensemble for evolving data stream classification.",Aldo Marcelo Paim; Fabrício Enembreck,https://doi.org/10.1016/j.patrec.2024.02.026,null,J,no_arxiv,0
