2022,Expert Systems Appl.,"Deviance mining with treatment learning and declare-based encoding of event logs.",Pedro Henrique Piccoli Richetti; Lucas Seixas Jazbik; Fernanda Baião; Maria Luiza M. Campos,https://doi.org/10.1016/j.eswa.2021.115962,null,J,no_arxiv,0
2022,Data & Knowl. Eng.,"Conceptual model visual simulation and the inductive learning of missing domain constraints.",Mattia Fumagalli; Tiago Prince Sales; Fernanda Araújo Baião; Giancarlo Guizzardi,https://doi.org/10.1016/j.datak.2022.102040,null,J,no_arxiv,0
2019,ER,"An Ontological Perspective for Database Tuning Heuristics.",Ana Carolina Almeida; Maria Luiza Machado Campos; Fernanda Baião; Sérgio Lifschitz; Rafael Pereira de Oliveira; Daniel Schwabe,https://doi.org/10.1007/978-3-030-33223-5_20,null,C,no_arxiv,0
2019,ER,"Decision-Making in Knowledge-intensive Processes: The Case of Value Ascription and Goal Processing.",Pedro H. Piccoli Richetti; Fernanda Araújo Baião; Maria Luiza Machado Campos,https://doi.org/10.1007/978-3-030-33223-5_30,null,C,no_arxiv,0
2019,ACM TOIT,"Measuring Performance in Knowledge-intensive Processes.",Bedilia Estrada-Torres; Pedro Henrique Piccoli Richetti; Adela del-Río-Ortega; Fernanda Baião; Manuel Resinas; Flávia Maria Santoro; Antonio Ruiz-Cortés,https://doi.org/10.1145/3289180,top,J,no_arxiv,0
