2024,IEEE Trans. Neural Netw. Learn. Syst.,"Parametrized Constant-Depth Quantum Neuron.",Jonathan H. A. de Carvalho; Fernando M. de Paula Neto,https://doi.org/10.1109/TNNLS.2023.3290535,top,J,no_arxiv,0
2021,Neural Networks,"Quantum neuron with real weights.",Cláudio A. Monteiro; Gustavo I. S. Filho; Matheus Hopper J. Costa; Fernando M. de Paula Neto; Wilson Rosa de Oliveira,https://doi.org/10.1016/j.neunet.2021.07.034,null,J,no_arxiv,0
2020,IEEE Trans. Neural Netw. Learn. Syst.,"Implementing Any Nonlinear Quantum Neuron.",Fernando M. de Paula Neto; Teresa Bernarda Ludermir; Wilson Rosa de Oliveira; Adenilton J. da Silva,https://doi.org/10.1109/TNNLS.2019.2938899,top,J,no_arxiv,0
2019,Neurocomputing,"Quantum probabilistic associative memory architecture.",Fernando M. de Paula Neto; Adenilton J. da Silva; Wilson Rosa de Oliveira; Teresa Bernarda Ludermir,https://doi.org/10.1016/j.neucom.2019.03.078,null,J,no_arxiv,0
2023,Inf. Sciences,"On applying the lackadaisical quantum walk algorithm to search for multiple solutions on grids.",Jonathan H. A. de Carvalho; Luciano S. de Souza; Fernando M. de Paula Neto; Tiago A. E. Ferreira,https://doi.org/10.1016/j.ins.2022.11.142,null,J,http://arxiv.org/abs/2106.06274v2,0
