2020,Multimedia Tools Appl.,"An analysis of timber sections and deep learning for wood species classification.",André R. de Geus; Sérgio F. da Silva; Alexandre B. Gontijo; Flávio de Oliveira Silva 0001; Marcos Aurélio Batista; Jefferson R. Souza,https://doi.org/10.1007/s11042-020-09212-x,null,J,no_arxiv,0
2024,Computer Networks,"Disruptive 6G architecture: Software-centric, AI-driven, and digital market-based mobile networks.",Antônio Marcos Alberti; Diego Gabriel Soares Pivoto; Tibério Tavares Rezende; Alexis V. A. Leal; Cristiano Bonato Both; Michelle S. P. Facina; Rodrigo Moreira; Flávio de Oliveira Silva 0001,https://doi.org/10.1016/j.comnet.2024.110682,null,J,no_arxiv,0
2024,IEEE Trans. Net. Service  Mgmt.,"Survey on Machine Learning-Enabled Network Slicing: Covering the Entire Life Cycle.",Adnei W. Donatti; Sand Luz Corrêa; Joberto S. B. Martins; Antônio J. G. Abelém; Cristiano Bonato Both; Flávio de Oliveira Silva 0001; José Augusto Suruagy Monteiro; Rafael Pasquini; Rodrigo Moreira; Kleber Vieira Cardoso; Tereza Cristina M. B. Carvalho,https://doi.org/10.1109/TNSM.2023.3287651,null,J,no_arxiv,0
2021,Computer Comm.,"NASOR: A network slicing approach for multiple Autonomous Systems.",Rodrigo Moreira; Pedro Frosi Rosa; Rui Luis Andrade Aguiar; Flávio de Oliveira Silva 0001,https://doi.org/10.1016/j.comcom.2021.07.028,null,J,no_arxiv,0
2019,Ad Hoc Networks,"5GinFIRE: An end-to-end open5G vertical network function ecosystem.",Aloizio P. Silva; Christos Tranoris; Spyros G. Denazis; Susana Sargento; João Pereira; Miguel Luís; Rodrigo Moreira; Flávio Oliveira Silva 0001; Iván Vidal; Borja Nogales; Reza Nejabati; Dimitra Simeonidou,https://doi.org/10.1016/j.adhoc.2019.101895,null,J,no_arxiv,0
