2023,Future Generation CS,"Architecture for IoT applications based on reactive microservices: A performance evaluation.",Cleber Jorge Lira de Santana; Ernando Batista; Flávia Coimbra Delicato; Cássio V. S. Prazeres,https://doi.org/10.1016/j.future.2023.03.026,null,J,no_arxiv,0
2020,Future Generation CS,"Editorial: Smart Cyber-Physical Systems: Toward Pervasive Intelligence systems.",Flávia Coimbra Delicato; Adnan Al-Anbuky; Kevin I-Kai Wang,https://doi.org/10.1016/j.future.2019.06.031,null,J,no_arxiv,0
2019,Future Generation CS,"Zeus: A resource allocation algorithm for the cloud of sensors.",Igor Leão dos Santos; Luci Pirmez; Flávia Coimbra Delicato; Gabriel Martins de Oliveira Costa; Claudio M. de Farias; Samee U. Khan; Albert Y. Zomaya,https://doi.org/10.1016/j.future.2018.03.026,null,J,no_arxiv,0
2018,J. Parallel Distrib. Comput.,"A dynamic tradeoff data processing framework for delay-sensitive applications in Cloud of Things systems.",Yucen Nan; Wei Li 0058; Wei Bao; Flávia Coimbra Delicato; Paulo F. Pires; Albert Y. Zomaya,https://doi.org/10.1016/j.jpdc.2017.09.009,null,J,no_arxiv,0
2023,ACM Comput. Surveys,"Trust in Edge-based Internet of Things Architectures: State of the Art and Research Challenges.",Lidia Fotia; Flávia Coimbra Delicato; Giancarlo Fortino,https://doi.org/10.1145/3558779,null,J,no_arxiv,0
2022,J. Grid Comput.,"Latency and Energy-Awareness in Data Stream Processing for Edge Based IoT Systems.",Egberto A. R. de Oliveira; Atslands Rego da Rocha; Marta Mattoso; Flávia Coimbra Delicato,https://doi.org/10.1007/s10723-022-09611-4,null,J,no_arxiv,0
2020,JSS,"Towards the adoption of OMG standards in the development of SOA-based IoT systems.",Bruno Costa 0003; Paulo F. Pires; Flávia Coimbra Delicato,https://doi.org/10.1016/j.jss.2020.110720,null,J,no_arxiv,0
2022,ACM TOIT,"Fog Computing Platforms for Smart City Applications: A Survey.",Thiago Pereira da Silva; Thaís Vasconcelos Batista; Frederico Lopes; Aluizio Rocha Neto; Flávia Coimbra Delicato; Paulo F. Pires; Atslands Rego da Rocha,https://doi.org/10.1145/3488585,top,J,no_arxiv,0
2020,J. Network Computer App.,"Collaborative resource allocation for Cloud of Things systems.",Tiago C. S. Xavier; Igor Leão dos Santos; Flávia Coimbra Delicato; Paulo F. Pires; Marcelo Pitanga Alves; Tiago Salviano Calmon; Ana C. Oliveira; Cláudio L. Amorim,https://doi.org/10.1016/j.jnca.2020.102592,null,J,no_arxiv,0
2018,IEEE Comm. Magazine,"On Enabling Sustainable Edge Computing with Renewable Energy Resources.",Wei Li 0058; Ting Yang 0002; Flávia Coimbra Delicato; Paulo F. Pires; Zahir Tari; Samee U. Khan; Albert Y. Zomaya,https://doi.org/10.1109/MCOM.2018.1700888,null,J,no_arxiv,0
