2022,Discrete Mathematics,"Optimization of eigenvalue bounds for the independence and chromatic number of graph powers.",Aida Abiad; Gabriel Coutinho; Miguel Angel Fiol; Bruno Demattos Nogueira; Sjanne Zeijlemaker,https://doi.org/10.1016/j.disc.2021.112706,null,J,http://arxiv.org/abs/2010.12649v1,0
2021,SIAM J. Discrete Mathematics,"Dual Hoffman Bounds for the Stability and Chromatic Numbers Based on Semidefinite Programming.",Nathan Benedetto Proença; Marcel Kenji de Carli Silva; Gabriel Coutinho,https://doi.org/10.1137/19M1306427,null,J,no_arxiv,0
2020,Discrete Mathematics,"Fractional revival and association schemes.",Ada Chan; Gabriel Coutinho; Christino Tamon; Luc Vinet; Hanmeng Zhan,https://doi.org/10.1016/j.disc.2020.112018,null,J,http://arxiv.org/abs/1907.04729v1,0
2019,Discrete Applied Math.,"Quantum fractional revival on graphs.",Ada Chan; Gabriel Coutinho; Christino Tamon; Luc Vinet; Hanmeng Zhan,https://doi.org/10.1016/j.dam.2018.12.017,null,J,no_arxiv,0
2019,Discrete Mathematics,"Quantum walks and the size of the graph.",Gabriel Coutinho,https://doi.org/10.1016/j.disc.2018.04.011,null,J,http://arxiv.org/abs/1802.08734v1,0
2019,Discrete Mathematics,"On the k-independence number of graphs.",Aida Abiad; Gabriel Coutinho; Miquel A. Fiol,https://doi.org/10.1016/j.disc.2019.01.016,null,J,no_arxiv,0
