2022,Neurocomputing,"ELFpm: A machine learning framework for industrial machines prediction of remaining useful life.",Jovani Dalzochio; Rafael Kunst; Jorge Luis Victória Barbosa; Henrique Damasceno Vianna; Gabriel de Oliveira Ramos; Edison Pignaton; Alécio P. D. Binotto; Jose Favilla,https://doi.org/10.1016/j.neucom.2022.09.083,null,J,no_arxiv,0
2021,Expert Systems Appl.,": A hybrid deep learning model for interpretable diagnosis of breast cancer in whole-slide images.",Felipe André Zeiser; Cristiano André da Costa; Gabriel de Oliveira Ramos; Henrique Bohn; Ismael Santos 0002; Adriana Vial Roehe,https://doi.org/10.1016/j.eswa.2021.115586,null,J,no_arxiv,0
2020,Engineering Appl. of AI,"ElHealth: Using Internet of Things and data prediction for elastic management of human resources in smart hospitals.",Gabriel Souto Fischer; Rodrigo da Rosa Righi; Gabriel de Oliveira Ramos; Cristiano André da Costa; Joel J. P. C. Rodrigues,https://doi.org/10.1016/j.engappai.2019.103285,null,J,no_arxiv,0
2020,AAMAS,"Toll-Based Learning for Minimising Congestion under Heterogeneous Preferences.",Gabriel de Oliveira Ramos; Roxana Radulescu; Ann Nowé; Anderson R. Tavares,https://dl.acm.org/doi/10.5555/3398761.3398889,null,C,no_arxiv,0
2021,Robotics & Autonomous Syst.,"A systematic mapping study of robotics in human care.",Nícolas B. Santos; Rodrigo Simon Bavaresco; João Elison da Rosa Tavares; Gabriel de Oliveira Ramos; Jorge L. V. Barbosa,https://doi.org/10.1016/j.robot.2021.103833,null,J,no_arxiv,0
