2019,ACM TECS,"High-Level Synthesis of Approximate Designs under Real-Time Constraints.",Marcos T. Leipnitz; Gabriel L. Nazar,https://doi.org/10.1145/3358182,top,J,no_arxiv,0
2020,DAC,"A Machine Learning Approach for Reliability-Aware Application Mapping for Heterogeneous Multicores.",Rafael Billig Tonetto; Hiago Mayk G. de A. Rocha; Gabriel L. Nazar; Antonio Carlos Schneider Beck,https://doi.org/10.1109/DAC18072.2020.9218543,top,C,no_arxiv,0
2020,ICCD,"Throughput-Oriented Spatio-Temporal Optimization in Approximate High-Level Synthesis.",Marcos T. Leipnitz; Gabriel L. Nazar,https://doi.org/10.1109/ICCD50377.2020.00060,null,C,no_arxiv,0
2018,ACM TODAES,"Repair of FPGA-Based Real-Time Systems With Variable Slacks.",Leonardo Pereira Santos; Gabriel Luca Nazar; Luigi Carro,https://doi.org/10.1145/3144533,top,J,no_arxiv,0
2023,IEEE Trans. Net. Service  Mgmt.,"Modular VNF Components Acceleration With FPGA Overlays.",Filipe Bachini Lopes; Alberto E. Schaeffer-Filho; Gabriel Luca Nazar,https://doi.org/10.1109/TNSM.2022.3211448,null,J,no_arxiv,0
2021,IM,"VNFAccel: An FPGA-based Platform for Modular VNF Components Acceleration.",Filipe Bachini Lopes; Gabriel Luca Nazar; Alberto E. Schaeffer-Filho,https://ieeexplore.ieee.org/document/9463997,null,C,no_arxiv,0
2020,IEEE Commun. Surv. Tutorials,"A Survey on FPGA Support for the Feasible Execution of Virtualized Network Functions.",Gabriel S. Niemiec; Luis M. S. Batista; Alberto E. Schaeffer-Filho; Gabriel L. Nazar,https://doi.org/10.1109/COMST.2019.2943690,null,J,no_arxiv,0
