2023,Parallel Computing,"Spatial-aware data partition for distributed memory parallelization of ANN search in multimedia retrieval.",Guilherme Andrade; Renato Ferreira 0001; George Teodoro,https://doi.org/10.1016/j.parco.2022.102992,null,J,no_arxiv,0
2022,J. Parallel Distrib. Comput.,"Efficient microscopy image analysis on CPU-GPU systems with cost-aware irregular data partitioning.",Willian Barreiros Jr.; Alba C. M. A. Melo; Jun Kong; Renato Ferreira 0001; Tahsin M. Kurç; Joel H. Saltz; George Teodoro,https://doi.org/10.1016/j.jpdc.2022.02.004,null,J,no_arxiv,0
2021,J. Parallel Distrib. Comput.,"Online multimedia retrieval on CPU-GPU platforms with adaptive work partition.",Rafael Souza; André Fernandes; Thiago S. F. X. Teixeira; George Teodoro; Renato Ferreira 0001,https://doi.org/10.1016/j.jpdc.2020.10.001,null,J,no_arxiv,0
2021,IEEE TPDS,"Parallel Fine-Grained Comparison of Long DNA Sequences in Homogeneous and Heterogeneous GPU Platforms With Pruning.",Marco Antonio C. de Figueiredo; João Paulo Navarro; Edans Flavius de Oliveira Sandes; George Teodoro; Alba C. M. A. Melo,https://doi.org/10.1109/TPDS.2021.3084069,top,J,no_arxiv,0
2020,Concurrency and Computation,"Optimizing parameter sensitivity analysis of large-scale microscopy image analysis workflows with multilevel computation reuse.",Willian Barreiros Jr.; Jeremias Moreira; Tahsin M. Kurç; Jun Kong; Alba C. M. A. Melo; Joel H. Saltz; George Teodoro,https://doi.org/10.1002/cpe.5403,null,J,no_arxiv,0
2020,Concurrency and Computation,"Using GPU to accelerate the pairwise structural RNA alignment with base pair probabilities.",Daniel Sundfeld; George Teodoro; Jakob Hull Havgaard; Jan Gorodkin; Alba C. M. A. Melo,https://doi.org/10.1002/cpe.5468,null,J,no_arxiv,0
2020,PDP,"Parallel Comparison of Huge DNA Sequences in Multiple GPUs with Block Pruning.",Marco Antonio C. de Figueiredo; Edans Flavius de Oliveira Sandes; George Teodoro; Alba C. M. A. Melo,https://doi.org/10.1109/PDP50117.2020.00011,null,C,no_arxiv,0
2019,Concurrency and Computation,"MASA-OpenCL: Parallel pruned comparison of long DNA sequences with OpenCL.",Marco Antonio C. de Figueiredo; Edans Flavius de Oliveira Sandes; Genaína Nunes Rodrigues; George Luiz Medeiros Teodoro; Alba Cristina Magalhaes Alves de Melo,https://doi.org/10.1002/cpe.5039,null,J,no_arxiv,0
2019,J. Parallel Distrib. Comput.,"Large-scale parallel similarity search with Product Quantization for online multimedia services.",Guilherme Andrade; André Fernandes; Jeremias M. Gomes; Renato Ferreira 0001; George Teodoro,https://doi.org/10.1016/j.jpdc.2018.11.009,null,J,no_arxiv,0
2018,Concurrency and Computation,"Cooperative and out-of-core execution of the irregular wavefront propagation pattern on hybrid machines with Intel® Xeon Phi™.",Jeremias M. Gomes; Alba Cristina Magalhaes Alves de Melo; Jun Kong; Tahsin M. Kurç; Joel H. Saltz; George Teodoro,https://doi.org/10.1002/cpe.4425,null,J,no_arxiv,0
2018,J. Parallel Distrib. Comput.,"PA-Star: A disk-assisted parallel A-Star strategy with locality-sensitive hash for multiple sequence alignment.",Daniel Sundfeld; Caina Razzolini; George Teodoro; Azzedine Boukerche; Alba Cristina Magalhaes Alves de Melo,https://doi.org/10.1016/j.jpdc.2017.04.014,null,J,no_arxiv,0
2022,Bioinformatics,"A spatial attention guided deep learning system for prediction of pathological complete response using breast cancer histopathology images.",Hongyi Duanmu; Shristi Bhattarai; Hongxiao Li; Zhan Shi; Fusheng Wang 0001; George Teodoro; Keerthi Gogineni; Preeti Subhedar; Umay Kiraz; Emiel A. M. Janssen; Ritu Aneja; Jun Kong,https://doi.org/10.1093/bioinformatics/btac558,null,J,no_arxiv,0
2021,Bioinformatics,"Foveal blur-boosted segmentation of nuclei in histopathology images with shape prior knowledge and probability map constraints.",Hongyi Duanmu; Fusheng Wang 0001; George Teodoro; Jun Kong,https://doi.org/10.1093/bioinformatics/btab418,null,J,no_arxiv,0
2019,J. Computational Biology,"Using Multiple Fickett Bands to Accelerate Biological Sequence Comparisons.",Gabriel H. G. Silva; Edans F. de O. Sandes; George Teodoro; Alba C. M. A. Melo,https://doi.org/10.1089/cmb.2019.0031,null,J,no_arxiv,0
2020,Inf. Systems,"Bitmap filter: Speeding up exact set similarity joins with bitwise operations.",Edans F. de O. Sandes; George Luiz Medeiros Teodoro; Alba C. M. A. Melo,https://doi.org/10.1016/j.is.2019.101449,null,J,http://arxiv.org/abs/1711.07295v1,0
