2022,Neural Computing Applications,"AURORA: an autonomous agent-oriented hybrid trading service.",Renato A. Nobre; Khalil C. do Nascimento; Patrícia A. Vargas; Alan Demétrius Baria Valejo; Gustavo Pessin; Leandro A. Villas; Geraldo P. Rocha Filho,https://doi.org/10.1007/s00521-021-06508-3,null,J,no_arxiv,0
2018,Knowledge-Based Syst.,"Multilevel approach for combinatorial optimization in bipartite network.",Alan Valejo; Maria Cristina Ferreira de Oliveira; Geraldo P. R. Filho; Alneu de Andrade Lopes,https://doi.org/10.1016/j.knosys.2018.03.021,null,J,no_arxiv,0
2020,Future Generation CS,"A fog-enabled smart home solution for decision-making using smart objects.",Geraldo P. Rocha Filho; Rodolfo Ipolito Meneguette; Guilherme Maia; Gustavo Pessin; Vinícius P. Gonçalves 0001; Li Weigang 0001; Jó Ueyama; Leandro A. Villas,https://doi.org/10.1016/j.future.2019.09.045,null,J,no_arxiv,0
2023,ACM Comput. Surveys,"Vehicular Edge Computing: Architecture, Resource Management, Security, and Challenges.",Rodolfo Ipolito Meneguette; Robson E. De Grande; Jo Ueyama; Geraldo P. Rocha Filho; Edmundo R. M. Madeira,https://doi.org/10.1145/3485129,null,J,no_arxiv,0
2021,Multimedia Tools Appl.,"Generic framework for multilingual short text categorization using convolutional neural network.",Liriam Enamoto; Li Weigang 0001; Geraldo P. Rocha Filho,https://doi.org/10.1007/s11042-020-10314-9,null,J,no_arxiv,0
2023,Ad Hoc Networks,"HARMONIC: Shapley values in market games for resource allocation in vehicular clouds.",Aguimar Ribeiro; Joahannes B. D. da Costa; Geraldo P. Rocha Filho; Leandro A. Villas; Daniel L. Guidoni; Sandra Sampaio; Rodolfo Ipolito Meneguette,https://doi.org/10.1016/j.adhoc.2023.103224,null,J,no_arxiv,0
2022,IEEE Trans. Net. Service  Mgmt.,"Optimized Solutions for Deploying a Militarized 4G/LTE Network With Maximum Coverage and Minimum Interference.",Emerson de O. Antunes; Marcos F. Caetano; Marcelo Antonio Marotta; Aletéia P. F. Araújo; Lucas Bondan; Rodolfo Ipolito Meneguette; Geraldo P. Rocha Filho,https://doi.org/10.1109/TNSM.2022.3160376,null,J,no_arxiv,0
2021,IM,"On the Transition of Legacy Networks to SDN - An Analysis on the Impact of Deployment Time, Number, and Location of Controllers.",Diogo Ferreira Thé Pontes; Marcos Fagundes Caetano; Geraldo Pereira Rocha Filho; Lisandro Zambenedetti Granville; Marcelo Antonio Marotta,https://ieeexplore.ieee.org/document/9464046,null,C,no_arxiv,0
2020,Ad Hoc Networks,"Enhancing intelligence in traffic management systems to aid in vehicle traffic congestion problems in smart cities.",Geraldo P. Rocha Filho; Rodolfo Ipolito Meneguette; Jose Rodrigues Torres Neto; Alan Valejo; Li Weigang 0001; Jó Ueyama; Gustavo Pessin; Leandro A. Villas,https://doi.org/10.1016/j.adhoc.2020.102265,null,J,no_arxiv,0
2018,Computer Networks,"ResiDI: Towards a smarter smart home system for decision-making using wireless sensors and actuators.",Geraldo P. R. Filho; Leandro A. Villas; Heitor Freitas; Alan Valejo; Daniel L. Guidoni; Jó Ueyama,https://doi.org/10.1016/j.comnet.2018.02.009,null,J,no_arxiv,0
