2021,Computer Networks,"A hybrid optimization-Machine Learning approach for the VNF placement and chaining problem.",Samuel Moreira Abreu Araújo; Fernanda Sumika Hojo de Souza; Geraldo R. Mateus,https://doi.org/10.1016/j.comnet.2021.108474,null,J,no_arxiv,0
2022,EJOR,"Valid inequalities and branch-and-cut algorithm for the pickup and delivery traveling salesman problem with multiple stacks.",Armando Honorio Pereira; Geraldo Robson Mateus; Sebastián Alberto Urrutia,https://doi.org/10.1016/j.ejor.2021.07.051,null,J,no_arxiv,0
2022,ITOR,"Branch-and-cut algorithms for the -arborescence star problem.",Armando Honorio Pereira; Geraldo Robson Mateus; Sebastián Urrutia,https://doi.org/10.1111/itor.12857,null,J,no_arxiv,0
2021,Computers & OR,"Coupling Feasibility Pump and Large Neighborhood Search to solve the Steiner team orienteering problem.",Lucas Assunção; Geraldo Robson Mateus,https://doi.org/10.1016/j.cor.2020.105175,null,J,http://arxiv.org/abs/2101.01530v1,0
2019,Computers & OR,"The -arborescence star problem: Formulations and exact solution approaches.",Vinicius Morais; Bernard Gendron; Geraldo Robson Mateus,https://doi.org/10.1016/j.cor.2018.10.004,null,J,no_arxiv,0
2019,ITOR,"Configuration-based approach for topological problems in the design of wireless sensor networks.",Vinicius Morais; Geraldo Robson Mateus,https://doi.org/10.1111/itor.12615,null,J,no_arxiv,0
