2022,BMC Bioinformatics,"Semantic interoperability: ontological unpacking of a viral conceptual model.",Anna Bernasconi 0002; Giancarlo Guizzardi; Oscar Pastor 0001; Veda C. Storey,https://doi.org/10.1186/s12859-022-05022-0,null,J,no_arxiv,0
2023,Data & Knowl. Eng.,"A FAIR catalog of ontology-driven conceptual models.",Tiago Prince Sales; Pedro Paulo F. Barcelos; Claudenir M. Fonseca; Isadora Valle Souza; Elena Romanenko; César Henrique Bernabé; Luiz Olavo Bonino da Silva Santos; Mattia Fumagalli; Joshua Kritz; João Paulo A. Almeida; Giancarlo Guizzardi,https://doi.org/10.1016/j.datak.2023.102210,null,J,no_arxiv,0
2023,Inf. Systems,"Assessing the value of ontologically unpacking a conceptual model for human genomics.",Alberto García S.; Anna Bernasconi 0002; Giancarlo Guizzardi; Oscar Pastor 0001; Veda C. Storey; José Ignacio Panach,https://doi.org/10.1016/j.is.2023.102242,null,J,no_arxiv,0
2023,CAiSE,"Ontological Representation of FAIR Principles: A Blueprint for FAIRer Data Sources.",Anna Bernasconi 0002; Alberto García Simón; Giancarlo Guizzardi; Luiz Olavo Bonino da Silva Santos; Veda C. Storey,https://doi.org/10.1007/978-3-031-34560-9_16,null,C,no_arxiv,0
2023,CAiSE,"Enabling Representation Learning in Ontology-Driven Conceptual Modeling Using Graph Neural Networks.",Syed Juned Ali; Giancarlo Guizzardi; Dominik Bork,https://doi.org/10.1007/978-3-031-34560-9_17,null,C,no_arxiv,0
2022,Data & Knowl. Eng.,"Ontologically correct taxonomies by construction.",Jeferson O. Batista; João Paulo A. Almeida; Eduardo Zambon; Giancarlo Guizzardi,https://doi.org/10.1016/j.datak.2022.102012,null,J,no_arxiv,0
2022,Data & Knowl. Eng.,"Conceptual model visual simulation and the inductive learning of missing domain constraints.",Mattia Fumagalli; Tiago Prince Sales; Fernanda Araujo Baião; Giancarlo Guizzardi,https://doi.org/10.1016/j.datak.2022.102040,null,J,no_arxiv,0
2022,ER,"A FAIR Model Catalog for Ontology-Driven Conceptual Modeling Research.",Pedro Paulo F. Barcelos; Tiago Prince Sales; Mattia Fumagalli; Claudenir M. Fonseca; Isadora Valle Sousa; Elena Romanenko; Joshua Kritz; Giancarlo Guizzardi,https://doi.org/10.1007/978-3-031-17995-2_1,null,C,no_arxiv,0
2022,ER,"Incorporating Types of Types in Ontology-Driven Conceptual Modeling.",Claudenir M. Fonseca; Giancarlo Guizzardi; João Paulo A. Almeida; Tiago Prince Sales; Daniele Porello,https://doi.org/10.1007/978-3-031-17995-2_2,null,C,no_arxiv,0
2022,ER,"Pattern Discovery in Conceptual Models Using Frequent Itemset Mining.",Mattia Fumagalli; Tiago Prince Sales; Giancarlo Guizzardi,https://doi.org/10.1007/978-3-031-17995-2_4,null,C,no_arxiv,0
2022,ER,"Legal Power-Subjection Relations: Ontological Analysis and Modeling Pattern.",Cristine Griffo; Tiago Prince Sales; Giancarlo Guizzardi; João Paulo A. Almeida,https://doi.org/10.1007/978-3-031-17995-2_5,null,C,no_arxiv,0
2022,ER,"An Ontology of Security from a Risk Treatment Perspective.",Ítalo Oliveira; Tiago Prince Sales; Riccardo Baratella; Mattia Fumagalli; Giancarlo Guizzardi,https://doi.org/10.1007/978-3-031-17995-2_26,null,C,no_arxiv,0
2021,Data & Knowl. Eng.,"Types and taxonomic structures in conceptual modeling: A novel ontological theory and engineering support.",Giancarlo Guizzardi; Claudenir M. Fonseca; João Paulo A. Almeida; Tiago Prince Sales; Alessander Botti Benevides; Daniele Porello,https://doi.org/10.1016/j.datak.2021.101891,null,J,no_arxiv,0
2021,Data & Knowl. Eng.,"An ontological analysis of software system anomalies and their associated risks.",Bruno Borlini Duarte; Ricardo de Almeida Falbo; Giancarlo Guizzardi; Renata S. S. Guizzardi; Vítor E. Silva Souza,https://doi.org/10.1016/j.datak.2021.101892,null,J,no_arxiv,0
2021,Data & Knowl. Eng.,"Multi-level conceptual modeling: Theory, language and application.",Claudenir M. Fonseca; João Paulo A. Almeida; Giancarlo Guizzardi; Victorio Albani de Carvalho,https://doi.org/10.1016/j.datak.2021.101894,null,J,no_arxiv,0
2021,Inf. Systems,"Service contract modeling in Enterprise Architecture: An ontology-based approach.",Cristine Griffo; João Paulo A. Almeida; Giancarlo Guizzardi; Julio Cesar Nardi,https://doi.org/10.1016/j.is.2019.101454,null,J,no_arxiv,0
2021,ER,"Forward Engineering Relational Schemas and High-Level Data Access from Conceptual Models.",Gustavo L. Guidoni; João Paulo A. Almeida; Giancarlo Guizzardi,https://doi.org/10.1007/978-3-030-89022-3_12,null,C,no_arxiv,0
2021,ER,"Trustworthiness Requirements: The Pix Case Study.",Glenda C. M. Amaral; Renata S. S. Guizzardi; Giancarlo Guizzardi; John Mylopoulos,https://doi.org/10.1007/978-3-030-89022-3_21,null,C,no_arxiv,0
2021,ER,"Ontological Unpacking as Explanation: The Case of the Viral Conceptual Model.",Giancarlo Guizzardi; Anna Bernasconi 0002; Oscar Pastor 0001; Veda C. Storey,https://doi.org/10.1007/978-3-030-89022-3_28,null,C,no_arxiv,0
2021,ER,"Type or Individual? Evidence of Large-Scale Conceptual Disarray in Wikidata.",Atílio A. Dadalto; João Paulo A. Almeida; Claudenir M. Fonseca; Giancarlo Guizzardi,https://doi.org/10.1007/978-3-030-89022-3_29,null,C,no_arxiv,0
2020,ER,"Transformation of Ontology-Based Conceptual Models into Relational Schemas.",Gustavo L. Guidoni; João Paulo A. Almeida; Giancarlo Guizzardi,https://doi.org/10.1007/978-3-030-62522-1_23,null,C,no_arxiv,0
2020,ER,"Ontology-Based Modeling and Analysis of Trustworthiness Requirements: Preliminary Results.",Glenda C. M. Amaral; Renata S. S. Guizzardi; Giancarlo Guizzardi; John Mylopoulos,https://doi.org/10.1007/978-3-030-62522-1_25,null,C,no_arxiv,0
2020,ER,"A Core Ontology for Economic Exchanges.",Daniele Porello; Giancarlo Guizzardi; Tiago Prince Sales; Glenda C. M. Amaral,https://doi.org/10.1007/978-3-030-62522-1_27,null,C,no_arxiv,0
2019,Inf. Systems,"Comparing traditional conceptual modeling with ontology-driven conceptual modeling: An empirical study.",Michaël Verdonck; Frederik Gailly; Robert Pergl; Giancarlo Guizzardi; Beatriz Franco Martins; Oscar Pastor 0001,https://doi.org/10.1016/j.is.2018.11.009,null,J,no_arxiv,0
2019,CAiSE,"A Pattern Language for Value Modeling in ArchiMate.",Tiago Prince Sales; Ben Roelens; Geert Poels; Giancarlo Guizzardi; Nicola Guarino; John Mylopoulos,https://doi.org/10.1007/978-3-030-21290-2_15,null,C,no_arxiv,0
2019,CAiSE,"Fifty Shades of Green: How Informative is a Compliant Process Trace?",Andrea Burattin; Giancarlo Guizzardi; Fabrizio Maria Maggi; Marco Montali,https://doi.org/10.1007/978-3-030-21290-2_38,null,C,no_arxiv,0
2019,EDOC,"Foundational Choices in Enterprise Architecture: The Case of Capability in Defense Frameworks.",Gabriel M. Miranda; João Paulo A. Almeida; Giancarlo Guizzardi; Carlos L. B. Azevedo,https://doi.org/10.1109/EDOC.2019.00014,null,C,no_arxiv,0
2019,EDOC,"An Ontology-Based Diagnosis of Mainstream Service Modeling Languages.",Julio Cesar Nardi; João Paulo A. Almeida; Paulo Henrique A. da Silva; Giancarlo Guizzardi,https://doi.org/10.1109/EDOC.2019.00023,null,C,no_arxiv,0
2019,ER,"Relations in Ontology-Driven Conceptual Modeling.",Claudenir M. Fonseca; Daniele Porello; Giancarlo Guizzardi; João Paulo A. Almeida; Nicola Guarino,https://doi.org/10.1007/978-3-030-33223-5_4,null,C,no_arxiv,0
2019,ER,"Events as Entities in Ontology-Driven Conceptual Modeling.",João Paulo A. Almeida; Ricardo de Almeida Falbo; Giancarlo Guizzardi,https://doi.org/10.1007/978-3-030-33223-5_39,null,C,no_arxiv,0
2018,EDOC,"Ontological Analysis and Redesign of Risk Modeling in ArchiMate.",Tiago Prince Sales; João Paulo Andrade Almeida; Sebastiano Santini; Fernanda Baião; Giancarlo Guizzardi,https://doi.org/10.1109/EDOC.2018.00028,null,C,no_arxiv,0
2018,ER,"The Common Ontology of Value and Risk.",Tiago Prince Sales; Fernanda Baião; Giancarlo Guizzardi; João Paulo A. Almeida; Nicola Guarino; John Mylopoulos,https://doi.org/10.1007/978-3-030-00847-5_11,null,C,no_arxiv,0
2018,ER,"Endurant Types in Ontology-Driven Conceptual Modeling: Towards OntoUML 2.0.",Giancarlo Guizzardi; Claudenir M. Fonseca; Alessander Botti Benevides; João Paulo A. Almeida; Daniele Porello; Tiago Prince Sales,https://doi.org/10.1007/978-3-030-00847-5_12,null,C,no_arxiv,0
2018,ER,"Reification and Truthmaking Patterns.",Nicola Guarino; Tiago Prince Sales; Giancarlo Guizzardi,https://doi.org/10.1007/978-3-030-00847-5_13,null,C,no_arxiv,0
2018,ER,"Conceptual Modeling of Legal Relations.",Cristine Griffo; João Paulo A. Almeida; Giancarlo Guizzardi,https://doi.org/10.1007/978-3-030-00847-5_14,null,C,no_arxiv,0
2018,ER,"Towards an Ontology of Software Defects, Errors and Failures.",Bruno Borlini Duarte; Ricardo de Almeida Falbo; Giancarlo Guizzardi; Renata S. S. Guizzardi; Vítor E. Silva Souza,https://doi.org/10.1007/978-3-030-00847-5_25,null,C,no_arxiv,0
2018,ER,"Multi-level Conceptual Modeling: From a Formal Theory to a Well-Founded Language.",Claudenir M. Fonseca; João Paulo A. Almeida; Giancarlo Guizzardi; Victorio Albani de Carvalho,https://doi.org/10.1007/978-3-030-00847-5_29,null,C,no_arxiv,0
2022,SoSyM,"Automated conceptual model clustering: a relator-centric approach.",Giancarlo Guizzardi; Tiago Prince Sales; João Paulo A. Almeida; Geert Poels,https://doi.org/10.1007/s10270-021-00919-5,null,J,no_arxiv,0
