2021,Expert Systems Appl.,"Combining max-pooling and wavelet pooling strategies for semantic image segmentation.",André de Souza Brito; Marcelo Bernardes Vieira; Mauren Louise Sguario C. Andrade; Raul Queiroz Feitosa; Gilson Antonio Giraldi,https://doi.org/10.1016/j.eswa.2021.115403,null,J,no_arxiv,0
2020,Soft Computing,"Nested AdaBoost procedure for classification and multi-class nonlinear discriminant analysis.",Tiene A. Filisbino; Gilson A. Giraldi; Carlos E. Thomaz,https://doi.org/10.1007/s00500-020-05045-w,null,J,no_arxiv,0
2023,Multimedia Tools Appl.,"Image thresholding through nonextensive entropies and long-range correlation.",Perfilino E. Ferreira Júnior; Vinícius Moreira Mello; Gilson Antonio Giraldi,https://doi.org/10.1007/s11042-023-14978-x,null,J,no_arxiv,0
2022,Computers & Graphics,"A particle-in-cell method for anisotropic fluid simulation.",Emanuel Antônio Parreiras; Marcelo Bernardes Vieira; Arthur Gonze Machado; Marcelo Caniato Renhe; Gilson Antonio Giraldi,https://doi.org/10.1016/j.cag.2021.08.010,null,J,no_arxiv,0
2020,Multimedia Tools Appl.,"Support vector machine ensembles for discriminant analysis for ranking principal components.",Tiene A. Filisbino; Gilson A. Giraldi; Carlos E. Thomaz,https://doi.org/10.1007/s11042-020-09187-9,null,J,no_arxiv,0
