2024,Random Struct. Algorithms,"Counting orientations of random graphs with no directed -cycles.",Marcelo Campos; Maurício Collares Neto; Guilherme Oliveira Mota,https://doi.org/10.1002/rsa.21196,null,J,no_arxiv,0
2023,Discrete Mathematics,"The anti-Ramsey threshold of complete graphs.",Yoshiharu Kohayakawa; Guilherme Oliveira Mota; Olaf Parczyk; Jakob Schnitzer,https://doi.org/10.1016/j.disc.2023.113343,null,J,no_arxiv,0
2022,Discrete Applied Math.,"Anti-Ramsey threshold of cycles.",Gabriel Ferreira Barros; Bruno Pasqualotto Cavalar; Guilherme Oliveira Mota; Olaf Parczyk,https://doi.org/10.1016/j.dam.2021.10.021,null,J,no_arxiv,0
2022,Discrete Mathematics,"Counting orientations of graphs with no strongly connected tournaments.",Fábio Botler; Carlos Hoppen; Guilherme Oliveira Mota,https://doi.org/10.1016/j.disc.2022.113024,null,J,http://arxiv.org/abs/2101.12327v1,0
2022,Random Struct. Algorithms,"Factors in randomly perturbed hypergraphs.",Yulin Chang; Jie Han 0002; Yoshiharu Kohayakawa; Patrick Morris 0001; Guilherme Oliveira Mota,https://doi.org/10.1002/rsa.21035,null,J,http://arxiv.org/abs/2008.01031v2,0
2021,Discrete Applied Math.,"Decomposing split graphs into locally irregular graphs.",Carla Negri Lintzmayer; Guilherme Oliveira Mota; Maycon Sambinelli,https://doi.org/10.1016/j.dam.2020.12.002,null,J,http://arxiv.org/abs/1902.00986v1,0
2021,SIAM J. Discrete Mathematics,"Covering 3-Edge-Colored Random Graphs with Monochromatic Trees.",Yoshiharu Kohayakawa; Walner Mendonça; Guilherme Oliveira Mota; Bjarne Schülke,https://doi.org/10.1137/20M137464X,null,J,no_arxiv,0
2020,Random Struct. Algorithms,"Counting restricted orientations of random graphs.",Maurício Collares Neto; Yoshiharu Kohayakawa; Robert Morris 0001; Guilherme Oliveira Mota,https://doi.org/10.1002/rsa.20904,null,J,http://arxiv.org/abs/1811.03080v2,0
