2023,EICS,"Using RFID in the Engineering of Interactive Software Systems: A Systematic Mapping.",Vitor Carneiro Maia; Káthia Marçal de Oliveira; Christophe Kolski; Guilherme Horta Travassos,https://doi.org/10.1145/3593235,null,C,no_arxiv,0
2023,JSS,"An evidence-based roadmap for IoT software systems engineering.",Rebeca Campos Motta; Káthia M. de Oliveira; Guilherme H. Travassos,https://doi.org/10.1016/j.jss.2023.111680,null,J,no_arxiv,0
2023,SCP,"Characterization of continuous experimentation in software engineering: Expressions, models, and strategies.",Vladimir Erthal; Bruno Pedraça de Souza; Paulo Sérgio Medeiros dos Santos; Guilherme H. Travassos,https://doi.org/10.1016/j.scico.2023.102961,null,J,no_arxiv,0
2022,IST,"Alternatives for testing of context-aware software systems in non-academic settings: results from a .",Santiago Matalonga; Domenico Amalfitano; Andréa Cristina de Souza Doreste; Anna Rita Fasolino; Guilherme Horta Travassos,https://doi.org/10.1016/j.infsof.2022.106937,null,J,no_arxiv,0
2022,IST,"Consolidating a common perspective on  and its Management through a Tertiary Study.",Helvio Jeronimo Junior; Guilherme Horta Travassos,https://doi.org/10.1016/j.infsof.2022.106964,null,J,no_arxiv,0
2022,JSS,"Moderator factors of software security and performance verification.",Victor Vidigal Ribeiro; Daniela Soares Cruzes; Guilherme Horta Travassos,https://doi.org/10.1016/j.jss.2021.111137,null,J,http://arxiv.org/abs/2102.04573v2,0
2022,TSE,"How do Practitioners Perceive the Relevance of Requirements Engineering Research?",Xavier Franch; Daniel Méndez 0001; Andreas Vogelsang; Rogardt Heldal; Eric Knauss; Marc Oriol; Guilherme H. Travassos; Jeffrey C. Carver; Thomas Zimmermann 0001,https://doi.org/10.1109/TSE.2020.3042747,top,J,no_arxiv,0
2021,TSE,"Evolving JavaScript Code to Reduce Load Time.",Fábio de Almeida Farzat; Márcio de Oliveira Barros; Guilherme H. Travassos,https://doi.org/10.1109/TSE.2019.2928293,top,J,no_arxiv,0
2020,EMSE,"Towards an evidence-based theoretical framework on factors influencing the software development productivity.",Wladmir Araújo Chapetta; Guilherme Horta Travassos,https://doi.org/10.1007/s10664-020-09844-5,null,J,no_arxiv,0
2019,IST,"A conceptual perspective on interoperability in context-aware software systems.",Rebeca Campos Motta; Káthia M. de Oliveira; Guilherme H. Travassos,https://doi.org/10.1016/j.infsof.2019.07.001,null,J,no_arxiv,0
2018,EMSE,"Challenges and pitfalls on surveying evidence in the software engineering technical literature: an exploratory study with novices.",Talita Vieira Ribeiro; Jobson L. Massollar; Guilherme Horta Travassos,https://doi.org/10.1007/s10664-017-9556-7,null,J,no_arxiv,0
