2022,Inf. Sciences,"How to build high quality L2R training data: Unsupervised compression-based selective sampling for learning to rank.",Rodrigo M. Silva; Guilherme C. M. Gomes; Mário S. Alvim; Marcos André Gonçalves,https://doi.org/10.1016/j.ins.2022.04.012,null,J,no_arxiv,0
2023,Algorithmica,"Structural Parameterizations for Equitable Coloring: Complexity, FPT Algorithms, and Kernelization.",Guilherme C. M. Gomes; Matheus R. Guedes; Vinícius Fernandes dos Santos,https://doi.org/10.1007/s00453-022-01085-w,null,J,no_arxiv,0
2023,Theor. Comput. Sci.,"Disconnected matchings.",Guilherme C. M. Gomes; Bruno Porto Masquio; Paulo E. D. Pinto; Vinícius Fernandes dos Santos; Jayme Luiz Szwarcfiter,https://doi.org/10.1016/j.tcs.2023.113821,null,J,no_arxiv,0
2022,LATIN,"Weighted Connected Matchings.",Guilherme C. M. Gomes; Bruno Porto Masquio; Paulo E. D. Pinto; Vinícius Fernandes dos Santos; Jayme Luiz Szwarcfiter,https://doi.org/10.1007/978-3-031-20624-5_4,null,C,http://arxiv.org/abs/2202.04746v1,0
2021,Algorithmica,"Finding Cuts of Bounded Degree: Complexity, FPT and Exact Algorithms, and Kernelization.",Guilherme de C. M. Gomes; Ignasi Sau,https://doi.org/10.1007/s00453-021-00798-8,null,J,http://arxiv.org/abs/1905.03134v1,0
2020,Discrete Applied Math.,"Intersection graph of maximal stars.",Guilherme de C. M. Gomes; Marina Groshaus; Carlos V. G. C. Lima; Vinícius Fernandes dos Santos,https://doi.org/10.1016/j.dam.2020.07.004,null,J,http://arxiv.org/abs/1911.10515v1,0
2020,LATIN,"Structural Parameterizations for Equitable Coloring.",Guilherme de C. M. Gomes; Matheus R. Guedes; Vinícius Fernandes dos Santos,https://doi.org/10.1007/978-3-030-61792-9_11,null,C,http://arxiv.org/abs/1911.03297v2,0
