2021,SCP,"Validating, verifying and testing timed data-flow reactive systems in Coq from controlled natural-language requirements.",Gustavo Carvalho; Igor Meira,https://doi.org/10.1016/j.scico.2020.102537,null,J,no_arxiv,0
2021,SEFM,"RoboWorld: Where Can My Robot Work?",Ana Cavalcanti 0001; James Baxter 0001; Gustavo Carvalho,https://doi.org/10.1007/978-3-030-92124-8_1,null,C,no_arxiv,0
2019,SCP,"CPN simulation-based test case generation from controlled natural-language requirements.",Bruno Cesar F. Silva; Gustavo Carvalho; Augusto Sampaio,https://doi.org/10.1016/j.scico.2019.04.001,null,J,no_arxiv,0
2019,SEFM,"Multi-objective Search for Effective Testing of Cyber-Physical Systems.",Hugo Leonardo da Silva Araujo; Gustavo Carvalho; Mohammad Reza Mousavi 0001; Augusto Sampaio,https://doi.org/10.1007/978-3-030-30446-1_10,null,C,no_arxiv,0
2018,SCP,"Sound conformance testing for cyber-physical systems: Theory and implementation.",Hugo Leonardo da Silva Araujo; Gustavo Carvalho; Morteza Mohaqeqi; Mohammad Reza Mousavi 0001; Augusto Sampaio,https://doi.org/10.1016/j.scico.2017.07.002,null,J,no_arxiv,0
