2022,CSCW,"Socio-technical Constraints and Affordances of Virtual Collaboration - A Study of Four Online Hackathons.",Wendy Mendes; Albert Richard; Tähe-Kai Tillo; Gustavo Pinto 0001; Kiev Gama; Alexander Nolte,https://doi.org/10.1145/3555221,null,C,no_arxiv,0
2020,VL/HCC,"Refactoring from 9 to 5? What and When Employees and Volunteers Contribute to OSS.",Luiz Felipe Dias; Caio Barbosa; Gustavo Pinto 0001; Igor Steinmacher; Baldoino Fonseca; Márcio Ribeiro 0001; Christoph Treude; Daniel Alencar da Costa,https://doi.org/10.1109/VL/HCC50065.2020.9127205,null,J,no_arxiv,0
2023,TSE,"Test Flakiness Across Programming Languages.",Keila Barbosa; Ronivaldo Ferreira; Gustavo Pinto 0001; Marcelo d'Amorim; Breno Miranda,https://doi.org/10.1109/TSE.2022.3208864,top,J,no_arxiv,0
2022,IST,"Developers' viewpoints to avoid bug-introducing changes.",Jairo Souza; Rodrigo Lima; Baldoino Fonseca; Bruno Cartaxo; Márcio Ribeiro 0001; Gustavo Pinto 0001; Rohit Gheyi; Alessandro Garcia 0001,https://doi.org/10.1016/j.infsof.2021.106766,null,J,no_arxiv,0
2022,ESEM,"To What Extent Cognitive-Driven Development Improves Code Readability?",Leonardo Ferreira Barbosa; Victor Hugo Santiago C. Pinto; Alberto Luiz Oliveira Tavares de Souza; Gustavo Pinto 0001,https://doi.org/10.1145/3544902.3546241,null,C,no_arxiv,0
2021,EMSE,"From one to hundreds: multi-licensing in the JavaScript ecosystem.",João Pedro Moraes; Ivanilton Polato; Igor Wiese; Filipe Saraiva; Gustavo Pinto 0001,https://doi.org/10.1007/s10664-020-09936-2,null,J,no_arxiv,0
2021,EMSE,"Improving energy-efficiency by recommending Java collections.",Wellington Oliveira; Renato Oliveira; Fernando Castor; Gustavo Pinto 0001; João Paulo Fernandes,https://doi.org/10.1007/s10664-021-09950-y,null,J,no_arxiv,0
2021,IST,"Grey Literature in Software Engineering: A critical review.",Fernando Kamei; Igor Wiese; Crescencio Lima; Ivanilton Polato; Vilmar Nepomuceno; Waldemar Ferreira; Márcio Ribeiro 0001; Carolline Pena; Bruno Cartaxo; Gustavo Pinto 0001; Sérgio Soares,https://doi.org/10.1016/j.infsof.2021.106609,null,J,http://arxiv.org/abs/2104.13435v2,0
2021,IST,"The organization of software teams in the quest for continuous delivery: A grounded theory approach.",Leonardo A. F. Leite; Gustavo Pinto 0001; Fabio Kon; Paulo Meirelles,https://doi.org/10.1016/j.infsof.2021.106672,null,J,http://arxiv.org/abs/2008.08652v4,0
2021,IEEE Software,"How Trans-Inclusive Are Hackathons?",Rafa Prado; Wendy Mendes; Kiev Santos da Gama; Gustavo Pinto 0001,https://doi.org/10.1109/MS.2020.3044205,null,J,no_arxiv,0
2021,IEEE Software,"How Successful Are Open Source Contributions From Countries With Different Levels of Human Development?",Leonardo B. Furtado; Bruno Cartaxo; Christoph Treude; Gustavo Pinto 0001,https://doi.org/10.1109/MS.2020.3044020,null,J,http://arxiv.org/abs/2012.03716v1,0
2021,SQJ,"Exposing bugs in JavaScript engines through test transplantation and differential testing.",Igor Lima; Jefferson Silva; Breno Miranda; Gustavo Pinto 0001; Marcelo d'Amorim,https://doi.org/10.1007/s11219-020-09537-8,null,J,http://arxiv.org/abs/2012.03759v1,0
2021,ESEM,"What Evidence We Would Miss If We Do Not Use Grey Literature?",Fernando Kamei; Gustavo Pinto 0001; Igor Wiese; Márcio Ribeiro 0001; Sérgio Soares,https://doi.org/10.1145/3475716.3475777,null,C,http://arxiv.org/abs/2107.05792v4,0
2021,ICSE,"What Makes a Great Maintainer of Open Source Projects?",Edson Dias; Paulo Meirelles; Fernando Castor; Igor Steinmacher; Igor Wiese; Gustavo Pinto 0001,https://doi.org/10.1109/ICSE43902.2021.00093,top,C,no_arxiv,0
2021,MSR,"Mining Energy-Related Practices in Robotics Software.",Michel Albonico; Ivano Malavolta; Gustavo Pinto 0001; Emitza Guzman; Katerina Chinnappan; Patricia Lago,https://doi.org/10.1109/MSR52588.2021.00060,null,C,no_arxiv,0
2020,JSS,"SpongeBugs: Automatically generating fix suggestions in response to static code analysis warnings.",Diego Marcilio; Carlo A. Furia; Rodrigo Bonifácio; Gustavo Pinto 0001,https://doi.org/10.1016/j.jss.2020.110671,null,J,no_arxiv,0
2020,IEEE Software,"Naming the Pain in Developing Scientific Software.",Igor Wiese; Ivanilton Polato; Gustavo Pinto 0001,https://doi.org/10.1109/MS.2019.2899838,null,J,no_arxiv,0
2020,ESEM,"Work Practices and Perceptions from Women Core Developers in OSS Communities.",Edna Dias Canedo; Rodrigo Bonifácio; Márcio Vinicius Okimoto; Alexander Serebrenik; Gustavo Pinto 0001; Eduardo Monteiro,https://doi.org/10.1145/3382494.3410682,null,C,http://arxiv.org/abs/2007.13891v1,0
2020,ICSME,"How (Not) to Find Bugs: The Interplay Between Merge Conflicts, Co-Changes, and Bugs.",Luis Henrique Vieira Amaral; Marcos César de Oliveira 0001; Welder Pinheiro Luz; José Fortes; Rodrigo Bonifácio; Daniel Alencar; Eduardo Monteiro; Gustavo Pinto 0001; David Lo 0001,https://doi.org/10.1109/ICSME46990.2020.00049,null,C,no_arxiv,0
2020,MSR,"What is the Vocabulary of Flaky Tests?",Gustavo Pinto 0001; Breno Miranda; Supun Dissanayake; Marcelo d'Amorim; Christoph Treude; Antonia Bertolino,https://doi.org/10.1145/3379597.3387482,null,C,no_arxiv,0
2020,SANER,"C-3PR: A Bot for Fixing Static Analysis Violations via Pull Requests.",Antonio Carvalho; Welder Pinheiro Luz; Diego Marcilio; Rodrigo Bonifácio; Gustavo Pinto 0001; Edna Dias Canedo,https://doi.org/10.1109/SANER48275.2020.9054842,null,C,no_arxiv,0
2020,SANER,"Pull Requests or Commits? Which Method Should We Use to Study Contributors' Behavior?",Marcus Vinicius Bertoncello; Gustavo Pinto 0001; Igor Scaliante Wiese; Igor Steinmacher,https://doi.org/10.1109/SANER48275.2020.9054855,null,C,no_arxiv,0
2019,JSS,"Adopting DevOps in the real world: A theory, a model, and a case study.",Welder Pinheiro Luz; Gustavo Pinto 0001; Rodrigo Bonifácio,https://doi.org/10.1016/j.jss.2019.07.083,null,J,no_arxiv,0
2019,JSS,"Finding needles in a haystack: Leveraging co-change dependencies to recommend refactorings.",Marcos César de Oliveira 0001; Davi Freitas; Rodrigo Bonifácio; Gustavo Pinto 0001; David Lo 0001,https://doi.org/10.1016/j.jss.2019.110420,null,J,no_arxiv,0
2019,ESEM,"Software Engineering Research Community Viewpoints on Rapid Reviews.",Bruno Cartaxo; Gustavo Pinto 0001; Baldoino Fonseca; Márcio Ribeiro 0001; Pedro Pinheiro; Maria Teresa Baldassarre; Sérgio Soares,https://doi.org/10.1109/ESEM.2019.8870144,null,C,http://arxiv.org/abs/1906.11351v1,0
2019,ESEM,"Continuous Integration Theater.",Wagner Felidré; Leonardo B. Furtado; Daniel Alencar da Costa; Bruno Cartaxo; Gustavo Pinto 0001,https://doi.org/10.1109/ESEM.2019.8870152,null,C,http://arxiv.org/abs/1907.01602v1,0
2019,ESEM,"Comprehending Energy Behaviors of Java I/O APIs.",Gilson Rocha; Fernando Castor; Gustavo Pinto 0001,https://doi.org/10.1109/ESEM.2019.8870158,null,C,no_arxiv,0
2019,ICPC,"Are static analysis violations really fixed?: a closer look at realistic usage of SonarQube.",Diego Marcilio; Rodrigo Bonifácio; Eduardo Monteiro; Edna Dias Canedo; Welder Pinheiro Luz; Gustavo Pinto 0001,https://doi.org/10.1109/ICPC.2019.00040,null,C,no_arxiv,0
2019,MSR,"Recommending energy-efficient Java collections.",Wellington Oliveira; Renato Oliveira; Fernando Castor; Benito Fernandes; Gustavo Pinto 0001,https://doi.org/10.1109/MSR.2019.00033,null,C,no_arxiv,0
2019,MSR,"Characterizing the roles of contributors in open-source scientific software projects.",Reed Milewicz; Gustavo Pinto 0001; Paige Rodeghero,https://doi.org/10.1109/MSR.2019.00069,null,C,no_arxiv,0
2018,EMSE,"On the challenges of open-sourcing proprietary software projects.",Gustavo Pinto 0001; Igor Steinmacher; Luiz Felipe Dias; Marco Aurélio Gerosa,https://doi.org/10.1007/s10664-018-9609-6,null,J,no_arxiv,0
2018,SPE,"Work practices and challenges in continuous integration: A survey with Travis CI users.",Gustavo Pinto 0001; Fernando Castor; Rodrigo Bonifácio; Marcel Rebouças,https://doi.org/10.1002/spe.2637,null,J,no_arxiv,0
2018,ESEM,"Building a collaborative culture: a grounded theory of well succeeded devops adoption in practice.",Welder Pinheiro Luz; Gustavo Pinto 0001; Rodrigo Bonifácio,https://doi.org/10.1145/3239235.3240299,null,C,http://arxiv.org/abs/1809.05415v1,0
2018,ICSE,"Almost there: a study on quasi-contributors in open source software projects.",Igor Steinmacher; Gustavo Pinto 0001; Igor Scaliante Wiese; Marco Aurélio Gerosa,https://doi.org/10.1145/3180155.3180208,top,C,no_arxiv,0
2018,ICSE,"How modern news aggregators help development communities shape and share knowledge.",Maurício Finavaro Aniche; Christoph Treude; Igor Steinmacher; Igor Wiese; Gustavo Pinto 0001; Margaret-Anne D. Storey; Marco Aurélio Gerosa,https://doi.org/10.1145/3180155.3180180,top,C,no_arxiv,0
2018,MSR,"Understanding the usage, impact, and adoption of non-OSI approved licenses.",Rômulo Manciola Meloca; Gustavo Pinto 0001; Leonardo Baiser; Marco Mattos; Ivanilton Polato; Igor Scaliante Wiese; Daniel M. Germán,https://doi.org/10.1145/3196398.3196427,null,C,no_arxiv,0
2018,MSR,"How swift developers handle errors.",Nathan Cassee; Gustavo Pinto 0001; Fernando Castor; Alexander Serebrenik,https://doi.org/10.1145/3196398.3196428,null,C,no_arxiv,0
