2025,Future Generation CS,"Energy management in smart grids: An Edge-Cloud Continuum approach with Deep Q-learning.",Eric Bernardes Chagas Barros; Wesley O. Souza; Daniel G. Costa; Geraldo P. R. Filho; Gustavo B. Figueiredo; Maycon Leone Maciel Peixoto,https://doi.org/10.1016/j.future.2024.107599,null,J,no_arxiv,0
2025,Ad Hoc Networks,"Leading the Way: Reducing network traffic in vehicular Ad Hoc networks through cluster leader algorithms.",J. V. G. Ferreira; M. E. S. Freire; Edson M. Cruz; Cássio V. S. Prazeres; Gustavo B. Figueiredo; Maycon Leone Maciel Peixoto,https://doi.org/10.1016/j.adhoc.2025.103932,null,J,no_arxiv,0
2024,Computer Comm.,"Fairness-oriented multicast routing for distributed interactive applications.",Ibirisol F. Ferreira; Maycon Leone Maciel Peixoto; Gustavo Bittencourt Figueiredo,https://doi.org/10.1016/j.comcom.2024.03.015,null,J,no_arxiv,0
2024,IEEE Trans. Net. Service  Mgmt.,"Multi-Criteria Decision Approach for Lightpath Restoration After Resource Crunch.",Alex S. Santos; Eonassis Oliveira Santos; Sabidur Rahman; Lena Wosinska; Juliana de Santi; Gustavo B. Figueiredo,https://doi.org/10.1109/TNSM.2024.3435544,null,J,no_arxiv,0
2022,IEEE Trans. Net. Service  Mgmt.,"Application-Aware Service Degradation in Elastic Optical Networks.",Alex S. Santos; Juliana de Santi; Gustavo B. Figueiredo; Biswanath Mukherjee,https://doi.org/10.1109/TNSM.2022.3154331,null,J,no_arxiv,0
