2020,IJCAI,"The Importance of the Test Set Size in Quantification Assessment.",André Gustavo Maletzke; Waqar Hassan; Denis Moreira dos Reis; Gustavo E. A. P. A. Batista,https://doi.org/10.24963/ijcai.2020/366,top,C,no_arxiv,0
2019,AAAI,"DyS: A Framework for Mixture Models in Quantification.",André Gustavo Maletzke; Denis Moreira dos Reis; Everton Alvares Cherman; Gustavo E. A. P. A. Batista,https://doi.org/10.1609/aaai.v33i01.33014552,top,C,no_arxiv,0
2020,Data Min. Knowl. Discov.,"Challenges in benchmarking stream learning algorithms with real-world data.",Vinícius M. A. de Souza; Denis Moreira dos Reis; André Gustavo Maletzke; Gustavo E. A. P. A. Batista,https://doi.org/10.1007/s10618-020-00698-5,null,J,no_arxiv,0
2019,Inf. Sciences,"Evaluation of statistical and machine learning models for time series prediction: Identifying the state-of-the-art and the best conditions for the use of each model.",Antonio Rafael Sabino Parmezan; Vinícius M. A. de Souza; Gustavo E. A. P. A. Batista,https://doi.org/10.1016/j.ins.2019.01.076,null,J,no_arxiv,0
2018,Data Min. Knowl. Discov.,"Speeding up similarity search under dynamic time warping by pruning unpromising alignments.",Diego Furtado Silva; Rafael Giusti; Eamonn J. Keogh; Gustavo E. A. P. A. Batista,https://doi.org/10.1007/s10618-018-0557-y,null,J,no_arxiv,0
2018,KDD,"Classifying and Counting with Recurrent Contexts.",Denis Moreira dos Reis; André Gustavo Maletzke; Diego Furtado Silva; Gustavo E. A. P. A. Batista,https://doi.org/10.1145/3219819.3220059,top,C,no_arxiv,0
2018,ECML/PKDD,"One-Class Quantification.",Denis Moreira dos Reis; André Gustavo Maletzke; Everton Alvares Cherman; Gustavo Enrique De Almeida Prado Alves Batista,https://doi.org/10.1007/978-3-030-10925-7_17,null,C,no_arxiv,0
2019,IEEE Trans. Multimedia,"Fast Similarity Matrix Profile for Music Analysis and Exploration.",Diego Furtado Silva; Chin-Chia Michael Yeh; Yan Zhu 0014; Gustavo E. A. P. A. Batista; Eamonn J. Keogh,https://doi.org/10.1109/TMM.2018.2849563,top,J,no_arxiv,0
2022,Computers & Security,"AdIoTack: Quantifying and refining resilience of decision tree ensemble inference models against adversarial volumetric attacks on IoT networks.",Arman Pashamokhtari; Gustavo Batista; Hassan Habibi Gharakheili,https://doi.org/10.1016/j.cose.2022.102801,null,J,http://arxiv.org/abs/2203.09792v1,0
