2019,Concurr. & Computation,"A general-purpose distributed computing Java middleware.",André Luís Barroso Almeida; Leonardo de Souza Cimino; José Estevão Eugênio de Resende; Lucas Henrique Moreira Silva; Samuel Queiroz Souza Rocha; Guilherme Aparecido Gregorio; Gustavo Silva Paiva; Saul E. Delabrida; Haroldo Gambini Santos; Marco Antonio Moreira de Carvalho; André Luiz Lins de Aquino; Joubert de Castro Lima,https://doi.org/10.1002/cpe.4967,null,J,no_arxiv,0
2021,Computers & OR,"Preprocessing and cutting planes with conflict graphs.",Samuel Souza Brito; Haroldo Gambini Santos,https://doi.org/10.1016/j.cor.2020.105176,null,J,http://arxiv.org/abs/1909.07780v3,0
2021,ITOR,"Optimal decision trees for the algorithm selection problem: integer programming based approaches.",Matheus Guedes Vilas Boas; Haroldo Gambini Santos; Luiz Henrique de Campos Merschmann; Greet Vanden Berghe,https://doi.org/10.1111/itor.12724,null,J,http://arxiv.org/abs/1907.02211v3,0
2020,Computers & OR,"Strong bounds for resource constrained project scheduling: Preprocessing and cutting planes.",Janniele A. S. Araujo; Haroldo G. Santos; Bernard Gendron; Sanjay Dominik Jena; Samuel S. Brito; Danilo S. Souza,https://doi.org/10.1016/j.cor.2019.104782,null,J,http://arxiv.org/abs/1909.02737v1,0
2019,ITOR,"Analysis of stochastic local search methods for the unrelated parallel machine scheduling problem.",Haroldo G. Santos; Túlio A. M. Toffolo; Cristiano L. T. F. Silva; Greet Vanden Berghe,https://doi.org/10.1111/itor.12316,null,J,no_arxiv,0
