2019,Expert Systems Appl.,"A hybrid approach for a multi-compartment container loading problem.",Rodolfo Ranck Júnior; Horacio Hideki Yanasse; Reinaldo Morabito; Leonardo Junqueira,https://doi.org/10.1016/j.eswa.2019.07.020,null,J,no_arxiv,0
2024,J Comb Opt,"Models for two-dimensional bin packing problems with customer order spread.",Mateus Martin; Horacio Hideki Yanasse; Maristela Oliveira Santos; Reinaldo Morabito,https://doi.org/10.1007/s10878-024-01201-2,null,J,no_arxiv,0
2023,JORS,"Minimizing saw cycles on the cutting stock problem with processing times depending on the cutting pattern.",Felipe Kesrouani Lemos; Adriana Cristina Cherri; Silvio A. de Araujo; Horacio Hideki Yanasse,https://doi.org/10.1080/01605682.2022.2081520,null,J,no_arxiv,0
2022,ITOR,"Mathematical models for the minimization of open stacks problem.",Mateus Martin; Horacio Hideki Yanasse; Maria José Pinto,https://doi.org/10.1111/itor.13053,null,J,no_arxiv,0
2022,J Comb Opt,"Pattern-based ILP models for the one-dimensional cutting stock problem with setup cost.",Mateus Martin; Horacio Hideki Yanasse; Luiz Leduíno de Salles Neto,https://doi.org/10.1007/s10878-022-00848-z,null,J,no_arxiv,0
