2020,Inf. Sciences,": A Methodology to develop privacy-friendly software applications.",Pedro Barbosa; Andrey Brito; Hyggo O. Almeida,https://doi.org/10.1016/j.ins.2019.09.040,null,J,no_arxiv,0
2025,IST,"Constructing the graphical structure of expert-based Bayesian networks in the context of software engineering: A systematic mapping study.",Thiago Rique; Mirko Barbosa Perkusich; Kyller Costa Gorgônio; Hyggo Oliveira de Almeida; Angelo Perkusich,https://doi.org/10.1016/j.infsof.2024.107586,null,J,no_arxiv,0
2024,IST,"Investigating the relationship between personalities and agile team climate: A replicated study.",Gleyser Guimarães; Icaro Costa; Mirko Barbosa Perkusich; Emilia Mendes; Danilo Freire de Souza Santos; Hyggo Oliveira de Almeida; Angelo Perkusich,https://doi.org/10.1016/j.infsof.2024.107407,null,J,no_arxiv,0
2023,TSE,"Managing Technical Debt Using Intelligent Techniques - A Systematic Mapping Study.",Danyllo Albuquerque; Everton Guimarães; Graziela Tonin; Pilar Rodríguez 0002; Mirko Barbosa Perkusich; Hyggo O. Almeida; Angelo Perkusich; Ferdinandy Chagas,https://doi.org/10.1109/TSE.2022.3214764,top,J,no_arxiv,0
2020,IST,"Intelligent software engineering in the context of agile software development: A systematic literature review.",Mirko Barbosa Perkusich; Lenardo Chaves e Silva; Antonio Alexandre Moura Costa; Felipe Barbosa Araújo Ramos; Renata M. Saraiva; Arthur Silva Freire; Ednaldo Dilorenzo; Emanuel Dantas; Danilo F. S. Santos; Kyller Costa Gorgônio; Hyggo O. Almeida; Angelo Perkusich,https://doi.org/10.1016/j.infsof.2019.106241,null,J,no_arxiv,0
