2021,CSCW,"Don't Disturb Me: Challenges of Interacting with Software Bots on Open Source Software Projects.",Mairieli Santos Wessel; Igor Wiese; Igor Steinmacher; Marco Aurélio Gerosa,https://doi.org/10.1145/3476042,null,C,no_arxiv,0
2020,CSCW,"Hidden Figures: Roles and Pathways of Successful OSS Contributors.",Bianca Trinkenreich; Mariam Guizani; Igor Wiese; Anita Sarma; Igor Steinmacher,https://doi.org/10.1145/3415251,null,C,no_arxiv,0
2018,CSCW,"The Power of Bots: Characterizing and Understanding Bots in OSS Projects.",Mairieli Santos Wessel; Bruno Mendes de Souza; Igor Steinmacher; Igor Scaliante Wiese; Ivanilton Polato; Ana Paula Chaves 0001; Marco Aurélio Gerosa,https://doi.org/10.1145/3274451,null,C,no_arxiv,0
2023,EMSE,"Tag that issue: applying API-domain labels in issue tracking systems.",Fabio Santos; Joseph Vargovich; Bianca Trinkenreich; Ítalo Santos; Jacob Penney; Ricardo Britto 0001; João Felipe Pimentel; Igor Wiese; Igor Steinmacher; Anita Sarma; Marco Aurélio Gerosa,https://doi.org/10.1007/s10664-023-10329-4,null,J,no_arxiv,0
2023,JSEP,"A Developer Relations (DevRel) model to govern developers in Software Ecosystems.",Awdren L. Fontão; Sergio Cleger-Tamayo; Igor Wiese; Rodrigo Pereira dos Santos; Arilo Claudio Dias-Neto,https://doi.org/10.1002/smr.2389,null,J,no_arxiv,0
2023,TOSEM,"I Depended on You and You Broke Me: An Empirical Study of Manifesting Breaking Changes in Client Packages.",Daniel Venturini; Filipe Roseiro Côgo; Ivanilton Polato; Marco Aurélio Gerosa; Igor Scaliante Wiese,https://doi.org/10.1145/3576037,top,J,http://arxiv.org/abs/2301.04563v1,0
2023,MSR,"Tell Me Who Are You Talking to and I Will Tell You What Issues Need Your Skills.",Fabio Santos; Jacob Penney; João Felipe Pimentel; Igor Wiese; Igor Steinmacher; Marco Aurélio Gerosa,https://doi.org/10.1109/MSR59073.2023.00087,null,C,no_arxiv,0
2022,EMSE,"Quality gatekeepers: investigating the effects of code review bots on pull request activities.",Mairieli Santos Wessel; Alexander Serebrenik; Igor Wiese; Igor Steinmacher; Marco Aurélio Gerosa,https://doi.org/10.1007/s10664-022-10130-9,null,J,no_arxiv,0
2022,TOSEM,"Women's Participation in Open Source Software: A Survey of the Literature.",Bianca Trinkenreich; Igor Wiese; Anita Sarma; Marco Aurélio Gerosa; Igor Steinmacher,https://doi.org/10.1145/3510460,top,J,http://arxiv.org/abs/2105.08777v3,0
2022,TSE,"Pots of Gold at the End of the Rainbow: What is Success for Open Source Contributors?",Bianca Trinkenreich; Mariam Guizani; Igor Wiese; Tayana Conte; Marco Aurélio Gerosa; Anita Sarma; Igor Steinmacher,https://doi.org/10.1109/TSE.2021.3108032,top,J,http://arxiv.org/abs/2105.08789v2,0
2022,ESEM,"How to Choose a Task? Mismatches in Perspectives of Newcomers and Existing Contributors.",Fabio Santos; Bianca Trinkenreich; João Felipe Pimentel; Igor Wiese; Igor Steinmacher; Anita Sarma; Marco Aurélio Gerosa,https://doi.org/10.1145/3544902.3546236,null,C,no_arxiv,0
2022,ICSE,"Bots for Pull Requests: The Good, the Bad, and the Promising.",Mairieli Santos Wessel; Ahmad Abdellatif; Igor Wiese; Tayana Conte; Emad Shihab; Marco Aurélio Gerosa; Igor Steinmacher,https://doi.org/10.1145/3510003.3512765,top,C,no_arxiv,0
2022,SANER,"Hits and Misses: Newcomers' ability to identify Skills needed for OSS tasks.",Ítalo Santos; Igor Wiese; Igor Steinmacher; Anita Sarma; Marco Aurélio Gerosa,https://doi.org/10.1109/SANER53432.2022.00032,null,C,no_arxiv,0
2021,EMSE,"From one to hundreds: multi-licensing in the JavaScript ecosystem.",João Pedro Moraes; Ivanilton Polato; Igor Wiese; Filipe Saraiva; Gustavo Pinto 0001,https://doi.org/10.1007/s10664-020-09936-2,null,J,no_arxiv,0
2021,IST,"Grey Literature in Software Engineering: A critical review.",Fernando Kamei; Igor Wiese; Crescencio Lima; Ivanilton Polato; Vilmar Nepomuceno; Waldemar Ferreira; Márcio Ribeiro 0001; Carolline Pena; Bruno Cartaxo; Gustavo Pinto 0001; Sérgio Soares,https://doi.org/10.1016/j.infsof.2021.106609,null,J,http://arxiv.org/abs/2104.13435v2,0
2021,TSE,"Using Docker to Assist Q&A Forum Users.",Luis Melo; Igor Wiese; Marcelo d'Amorim,https://doi.org/10.1109/TSE.2019.2956919,top,J,no_arxiv,0
2021,ESEM,"What Evidence We Would Miss If We Do Not Use Grey Literature?",Fernando Kamei; Gustavo Pinto 0001; Igor Wiese; Márcio Ribeiro 0001; Sérgio Soares,https://doi.org/10.1145/3475716.3475777,null,C,http://arxiv.org/abs/2107.05792v4,0
2021,ICSE,"What Makes a Great Maintainer of Open Source Projects?",Edson Dias; Paulo Meirelles; Fernando Castor; Igor Steinmacher; Igor Wiese; Gustavo Pinto 0001,https://doi.org/10.1109/ICSE43902.2021.00093,top,C,no_arxiv,0
2021,ICSE,"The Shifting Sands of Motivation: Revisiting What Drives Contributors in Open Source.",Marco Aurélio Gerosa; Igor Wiese; Bianca Trinkenreich; Georg Link; Gregorio Robles; Christoph Treude; Igor Steinmacher; Anita Sarma,https://doi.org/10.1109/ICSE43902.2021.00098,top,C,http://arxiv.org/abs/2101.10291v3,0
2021,MSR,"Can I Solve It? Identifying APIs Required to Complete OSS Tasks.",Fabio Santos; Igor Wiese; Bianca Trinkenreich; Igor Steinmacher; Anita Sarma; Marco Aurélio Gerosa,https://doi.org/10.1109/MSR52588.2021.00047,null,C,http://arxiv.org/abs/2103.12653v1,0
2020,JSS,"Google summer of code: Student motivations and contributions.",Jefferson De Oliveira Silva; Igor Wiese; Daniel M. Germán; Christoph Treude; Marco Aurélio Gerosa; Igor Steinmacher,https://doi.org/10.1016/j.jss.2019.110487,null,J,http://arxiv.org/abs/1910.05798v1,0
2020,IEEE Software,"Naming the Pain in Developing Scientific Software.",Igor Wiese; Ivanilton Polato; Gustavo Pinto 0001,https://doi.org/10.1109/MS.2019.2899838,null,J,no_arxiv,0
2020,ICSME,"Effects of Adopting Code Review Bots on Pull Requests to OSS Projects.",Mairieli Santos Wessel; Alexander Serebrenik; Igor Wiese; Igor Steinmacher; Marco Aurélio Gerosa,https://doi.org/10.1109/ICSME46990.2020.00011,null,C,no_arxiv,0
2020,FSE,"A theory of the engagement in open source projects via summer of code programs.",Jefferson De Oliveira Silva; Igor Wiese; Daniel M. Germán; Christoph Treude; Marco Aurélio Gerosa; Igor Steinmacher,https://doi.org/10.1145/3368089.3409724,top,C,no_arxiv,0
2020,SANER,"Pull Requests or Commits? Which Method Should We Use to Study Contributors' Behavior?",Marcus Vinicius Bertoncello; Gustavo Pinto 0001; Igor Scaliante Wiese; Igor Steinmacher,https://doi.org/10.1109/SANER48275.2020.9054855,null,C,no_arxiv,0
2019,IEEE Software,"What Characterizes an Influencer in Software Ecosystems?",Victor Farias; Igor Wiese; Rodrigo Pereira dos Santos,https://doi.org/10.1109/MS.2018.2874325,null,J,no_arxiv,0
2019,SQJ,"Pieces of contextual information suitable for predicting co-changes? An empirical study.",Igor Scaliante Wiese; Rodrigo Takashi Kuroda; Igor Steinmacher; Gustavo Ansaldi Oliva; Reginaldo Ré; Christoph Treude; Marco Aurélio Gerosa,https://doi.org/10.1007/s11219-019-09456-3,null,J,no_arxiv,0
2018,ICSE,"Almost there: a study on quasi-contributors in open source software projects.",Igor Steinmacher; Gustavo Pinto 0001; Igor Scaliante Wiese; Marco Aurélio Gerosa,https://doi.org/10.1145/3180155.3180208,top,C,no_arxiv,0
2018,ICSE,"How modern news aggregators help development communities shape and share knowledge.",Maurício Finavaro Aniche; Christoph Treude; Igor Steinmacher; Igor Wiese; Gustavo Pinto 0001; Margaret-Anne D. Storey; Marco Aurélio Gerosa,https://doi.org/10.1145/3180155.3180180,top,C,no_arxiv,0
2018,MSR,"Understanding the usage, impact, and adoption of non-OSI approved licenses.",Rômulo Manciola Meloca; Gustavo Pinto 0001; Leonardo Baiser; Marco Mattos; Ivanilton Polato; Igor Scaliante Wiese; Daniel M. Germán,https://doi.org/10.1145/3196398.3196427,null,C,no_arxiv,0
