2019,Future Generation CS,"A provenance-based heuristic for preserving results confidentiality in cloud-based scientific workflows.",Marcos A. Guerine; Murilo B. Stockinger; Isabel Rosseti; Luidi Gelabert Simonetti; Kary A. C. S. Ocaña; Alexandre Plastino 0001; Daniel de Oliveira 0001,https://doi.org/10.1016/j.future.2019.01.051,null,J,no_arxiv,0
2022,J. Grid Comput.,"A Provenance-based Execution Strategy for Variant GPU-accelerated Scientific Workflows in Clouds.",Murilo B. Stockinger; Marcos A. Guerine; Ubiratam de Paula Junior; Filipe Santiago; Yuri Frota; Isabel Rosseti; Alexandre Plastino 0001; Daniel de Oliveira 0001,https://doi.org/10.1007/s10723-022-09625-y,null,J,no_arxiv,0
2022,ITOR,"Improving a state-of-the-art heuristic for the minimum latency problem with data mining.",Ítalo Santana; Alexandre Plastino 0001; Isabel Rosseti,https://doi.org/10.1111/itor.12774,null,J,no_arxiv,0
2020,ITOR,"A hybrid data mining heuristic to solve the point-feature cartographic label placement problem.",Marcos A. Guerine; Isabel Rosseti; Alexandre Plastino 0001,https://doi.org/10.1111/itor.12666,null,J,no_arxiv,0
2020,J Global Opt,"A biased random-key genetic algorithm for routing and wavelength assignment under a sliding scheduled traffic model.",Bruno Q. Pinto; Celso C. Ribeiro; Isabel Rosseti; Thiago F. Noronha,https://doi.org/10.1007/s10898-020-00877-0,null,J,no_arxiv,0
2019,ITOR,"Combining integer linear programming with a state-of-the-art heuristic for the 2-path network design problem.",Glaubos Clímaco; Isabel Rosseti; Luidi Simonetti; Marcos A. Guerine,https://doi.org/10.1111/itor.12563,null,J,no_arxiv,0
2018,Annals OR,"Making a state-of-the-art heuristic faster with data mining.",Daniel Martins; Gabriel M. Vianna; Isabel Rosseti; Simone L. Martins; Alexandre Plastino 0001,https://doi.org/10.1007/s10479-014-1693-4,null,J,no_arxiv,0
2018,EJOR,"A biased random-key genetic algorithm for the maximum quasi-clique problem.",Bruno Q. Pinto; Celso C. Ribeiro; Isabel Rosseti; Alexandre Plastino 0001,https://doi.org/10.1016/j.ejor.2018.05.071,null,J,no_arxiv,0
