2024,SCP,"An empirical evaluation of RAIDE: A semi-automated approach for test smells detection and refactoring.",Railana Santana; Luana Almeida Martins; Tássio Virgínio; Larissa Rocha 0001; Heitor A. X. Costa; Ivan Machado 0001,https://doi.org/10.1016/j.scico.2023.103013,null,J,no_arxiv,0
2024,JSEP,"On the diffusion of test smells and their relationship with test code quality of Java projects.",Luana Almeida Martins; Heitor A. X. Costa; Ivan Machado 0001,https://doi.org/10.1002/smr.2532,null,J,no_arxiv,0
2024,SQJ,"A comprehensive catalog of refactoring strategies to handle test smells in Java-based systems.",Luana Almeida Martins; Taher Ahmed Ghaleb; Heitor A. X. Costa; Ivan Machado 0001,https://doi.org/10.1007/s11219-024-09663-7,null,J,no_arxiv,0
2023,JSS,"Automating Feature Model maintainability evaluation using machine learning techniques.",Publio Silva; Carla I. M. Bezerra; Ivan Machado 0001,https://doi.org/10.1016/j.jss.2022.111539,null,J,no_arxiv,0
2023,ESEM,"Manual Tests Do Smell! Cataloging and Identifying Natural Language Test Smells.",Elvys Soares; Manoel Aranda III; Naelson Oliveira; Márcio Ribeiro 0001; Rohit Gheyi; Emerson Souza; Ivan Machado 0001; André L. M. Santos; Baldoino Fonseca; Rodrigo Bonifácio,https://doi.org/10.1109/ESEM56168.2023.10304800,null,C,http://arxiv.org/abs/2308.01386v1,0
2019,EMSE,"Comparing the influence of using feature-oriented programming and conditional compilation on comprehending feature-oriented software.",Alcemir Rodrigues Santos; Ivan do Carmo Machado; Eduardo Santana de Almeida; Janet Siegmund; Sven Apel,https://doi.org/10.1007/s10664-018-9658-x,null,J,no_arxiv,0
