2018,Supercomputing,"Almost optimal column-wise prefix-sum computation on the GPU.",Hiroki Tokura; Toru Fujita; Koji Nakano; Yasuaki Ito; Jacir Luiz Bordim,https://doi.org/10.1007/s11227-018-2242-8,null,J,no_arxiv,0
2023,Concurr. & Computation,"Mitigating message dissemination issues in safety applications for vehicular ad hoc networks.",Paulo V. G. Farias; Tulio A. Lima; Jacir Luiz Bordim,https://doi.org/10.1002/cpe.6034,null,J,no_arxiv,0
2023,Concurr. & Computation,"Predicting consecutive spectrum opportunities with hidden Markov models.",Rodrigo F. Bezerra; Jacir Luiz Bordim,https://doi.org/10.1002/cpe.7569,null,J,no_arxiv,0
2023,Concurr. & Computation,"DataPlane-ML: An integrated attack detection and mitigation solution for software defined networks.",Ranyelson Neres Carvalho; Lucas Rodrigues Costa; Jacir Luiz Bordim; Eduardo A. P. Alchieri,https://doi.org/10.1002/cpe.7434,null,J,no_arxiv,0
2021,Computer Comm.,"A full-duplex MAC technique to improve spectrum-efficiency on 5G mobile wireless networks.",Lucas de Melo Guimarães; Jacir Luiz Bordim,https://doi.org/10.1016/j.comcom.2020.11.020,null,J,no_arxiv,0
