2020,JSS,"PRISE: A process to support iStar extensions.",Enyo José Tavares Gonçalves; João Araújo 0001; Jaelson Castro,https://doi.org/10.1016/j.jss.2020.110649,null,J,no_arxiv,0
2020,SoSyM,"Using empirical studies to mitigate symbol overload in iStar extensions.",Enyo José Tavares Gonçalves; Camilo C. Almendra; Miguel Goulão; João Araújo 0001; Jaelson Castro,https://doi.org/10.1007/s10270-019-00770-9,null,J,no_arxiv,0
2020,TSE,"Safety Practices in Requirements Engineering: The Uni-REPM Safety Module.",Jéssyka Vilela; Jaelson Castro; Luiz Eduardo Galvão Martins; Tony Gorschek,https://doi.org/10.1109/TSE.2018.2846576,top,J,no_arxiv,0
2019,REJ,"Understanding what is important in iStar extension proposals: the viewpoint of researchers.",Enyo José Tavares Gonçalves; Marcos Antonio de Oliveira 0001; Ingrid Teixeira Monteiro; Jaelson Castro; João Araújo 0001,https://doi.org/10.1007/s00766-018-0302-5,null,J,no_arxiv,0
2018,JSS,"A Systematic Literature Review of iStar extensions.",Enyo José Tavares Gonçalves; Jaelson Castro; João Araújo 0001; Tiago Heineck,https://doi.org/10.1016/j.jss.2017.11.023,null,J,no_arxiv,0
