2018,Concurrency and Computation,"Predictive elastic replication for multi-tenant databases in the cloud.",Flávio R. C. Sousa; Leonardo O. Moreira 0001; José S. Costa Filho; Javam C. Machado,https://doi.org/10.1002/cpe.4437,null,J,no_arxiv,0
2018,Future Generation CS,"Regression based performance modeling and provisioning for NoSQL cloud databases.",Victor A. E. de Farias; Flávio R. C. Sousa; José Gilvan Rodrigues Maia; João Paulo Pordeus Gomes; Javam C. Machado,https://doi.org/10.1016/j.future.2017.08.061,null,J,no_arxiv,0
2023,EDBT,"FELIP: A local Differentially Private approach to frequency estimation on multidimensional datasets.",José Serafim da Costa Filho; Javam C. Machado,https://doi.org/10.48786/edbt.2023.56,null,C,no_arxiv,0
2020,Proc. VLDB,"Local Dampening: Differential Privacy for Non-numeric Queries via Local Sensitivity.",Victor A. E. de Farias; Felipe T. Brito; Cheryl Flynn; Javam C. Machado; Subhabrata Majumdar; Divesh Srivastava,http://www.vldb.org/pvldb/vol14/p521-farias.pdf,top,J,no_arxiv,0
2020,Concurr. & Computation,"An adaptive replica placement approach for distributed key-value stores.",José S. Costa Filho; Denis M. Cavalcante; Leonardo O. Moreira 0001; Javam C. Machado,https://doi.org/10.1002/cpe.5675,null,J,no_arxiv,0
2021,IEEE Trans. Computers,"Predicting the Health Degree of Hard Disk Drives With Asymmetric and Ordinal Deep Neural Models.",Fernando Dione S. Lima; Francisco Lucas Falcao Pereira; Iago C. Chaves; Javam C. Machado; João Paulo Pordeus Gomes,https://doi.org/10.1109/TC.2020.2987018,null,J,no_arxiv,0
