2023,Expert Systems Appl.,"A multi-dimensional framework to analyze group behavior based on political polarization.",Régis Ebeling; Jéferson Campos Nobre; Karin Becker,https://doi.org/10.1016/j.eswa.2023.120768,null,J,no_arxiv,0
2019,J. Grid Comput.,"A Survey on Global Management View: Toward Combining System Monitoring, Resource Management, and Load Prediction.",Rodrigo da Rosa Righi; Matheus Lehmann; Márcio Miguel Gomes; Jéferson Campos Nobre; Cristiano André da Costa; Sandro José Rigo; Marcio Lena; Rodrigo Fraga Mohr; Luiz Ricardo Bertoldi de Oliveira,https://doi.org/10.1007/s10723-018-09471-x,null,J,no_arxiv,0
2022,ICWSM,"Analysis of the Influence of Political Polarization in the Vaccination Stance: The Brazilian COVID-19 Scenario.",Régis Ebeling; Carlos Abel Córdova Sáenz; Jéferson Campos Nobre; Karin Becker,https://ojs.aaai.org/index.php/ICWSM/article/view/19281,null,C,no_arxiv,0
2020,Computer Networks,"A multi-tier fog content orchestrator mechanism with quality of experience support.",Hugo Santos; Derian Alencar; Rodolfo Ipolito Meneguette; Denis do Rosário; Jéferson Campos Nobre; Cristiano Both; Eduardo Cerqueira; Torsten Braun,https://doi.org/10.1016/j.comnet.2020.107288,null,J,no_arxiv,0
2019,Ad Hoc Networks,"Vehicular software-defined networking and fog computing: Integration and design principles.",Jéferson Campos Nobre; Allan Mariano de Souza; Denis do Rosário; Cristiano Both; Leandro A. Villas; Eduardo Cerqueira; Torsten Braun; Mario Gerla,https://doi.org/10.1016/j.adhoc.2018.07.016,null,J,no_arxiv,0
2018,IEEE Commun. Surv. Tutorials,"Network-Wide Initiatives to Control Measurement Mechanisms: A Survey.",Jéferson Campos Nobre; Bruno Augusti Mozzaquatro; Lisandro Zambenedetti Granville,https://doi.org/10.1109/COMST.2018.2797170,null,J,no_arxiv,0
