2023,Machine Learning,"Fully convolutional open set segmentation.",Hugo N. Oliveira 0001; Caio C. V. da Silva; Gabriel L. S. Machado; Keiller Nogueira; Jefersson A. dos Santos,https://doi.org/10.1007/s10994-021-06027-1,null,J,http://arxiv.org/abs/2006.14673v1,0
2023,Computers & Graphics,"An overview on Meta-learning approaches for Few-shot Weakly-supervised Segmentation.",Pedro Henrique Targino Gama; Hugo N. Oliveira 0001; Jefersson A. dos Santos; Roberto M. Cesar,https://doi.org/10.1016/j.cag.2023.05.009,null,J,no_arxiv,0
2023,IEEE Trans. Multimedia,"Weakly Supervised Few-Shot Segmentation via Meta-Learning.",Pedro H. T. Gama; Hugo N. Oliveira 0001; José Marcato Junior; Jefersson A. dos Santos,https://doi.org/10.1109/TMM.2022.3162951,top,J,no_arxiv,0
2021,Multimedia Tools Appl.,"A genetic algorithm approach for image representation learning through color quantization.",Érico Marco D. A. Pereira; Ricardo da Silva Torres; Jefersson A. dos Santos,https://doi.org/10.1007/s11042-020-10194-z,null,J,no_arxiv,0
2020,Multimedia Tools Appl.,"From video pornography to cancer cells: a tensor framework for spatiotemporal description.",Virgínia Fernandes Mota; Hugo Neves de Oliveira; Sérgio Scalzo; Dalton Dittz; Reginaldo J. Santos; Jefersson A. dos Santos; Arnaldo de Albuquerque Araújo,https://doi.org/10.1007/s11042-020-08642-x,null,J,no_arxiv,0
2018,Multimedia Tools Appl.,"On the ensemble of multiscale object-based classifiers for aerial images: a comparative study.",Agnaldo Aparecido Esmael; Jefersson Alex dos Santos; Ricardo da Silva Torres,https://doi.org/10.1007/s11042-018-6023-4,null,J,no_arxiv,0
2020,PRL,"From 3D to 2D: Transferring knowledge for rib segmentation in chest X-rays.",Hugo Neves de Oliveira; Virgínia Fernandes Mota; Alexei Manso Corrêa Machado; Jefersson A. dos Santos,https://doi.org/10.1016/j.patrec.2020.09.021,null,J,no_arxiv,0
2019,JVCI,"Magnitude-Orientation Stream network and depth information applied to activity recognition.",Carlos Caetano; Victor Hugo Cunha de Melo; François Brémond; Jefersson A. dos Santos; William Robson Schwartz,https://doi.org/10.1016/j.jvcir.2019.102596,null,J,no_arxiv,0
