2022,Expert Systems Appl.,"Self-tuning portfolio-based Bayesian optimization.",Thiago de P. Vasconcelos; Daniel Augusto R. M. A. de Souza; Gustavo C. de M. Virgolino; César L. C. Mattos; João P. P. Gomes,https://doi.org/10.1016/j.eswa.2021.115847,null,J,no_arxiv,0
2022,Knowledge-Based Syst.,"On the design of a similarity function for sparse binary data with application on protein function annotation.",Marcelo B. A. Veras; Bishnu Sarker; Sabeur Aridhi; João P. P. Gomes; José A. F. de Macêdo; Engelbert Mephu Nguifo; Marie-Dominique Devignes; Malika Smaïl-Tabbone,https://doi.org/10.1016/j.knosys.2021.107863,null,J,no_arxiv,0
2021,Neurocomputing,"A novel fuzzy ARTMAP with area of influence.",Alan L. S. Matias; Ajalmar R. da Rocha Neto; César Lincoln C. Mattos; João Paulo Pordeus Gomes,https://doi.org/10.1016/j.neucom.2020.11.053,null,J,no_arxiv,0
2021,AISTATS,"Learning GPLVM with arbitrary kernels using the unscented transformation.",Daniel de Souza; Diego P. P. Mesquita; João Paulo Pordeus Gomes; César Lincoln C. Mattos,http://proceedings.mlr.press/v130/souza21a.html,null,C,http://arxiv.org/abs/1907.01867v2,0
2020,Neurocomputing,"A new perspective for Minimal Learning Machines: A lightweight approach.",José A. V. Florêncio; Saulo A. F. Oliveira; João P. P. Gomes; Ajalmar R. da Rocha Neto,https://doi.org/10.1016/j.neucom.2020.03.088,null,J,no_arxiv,0
2020,IEEE Trans. Neural Netw. Learn. Syst.,"LS-SVR as a Bayesian RBF Network.",Diego P. P. Mesquita; Luis A. Freitas; João P. P. Gomes; César L. C. Mattos,https://doi.org/10.1109/TNNLS.2019.2952000,top,J,no_arxiv,0
2019,Applied Soft Comput.,"Gaussian kernels for incomplete data.",Diego P. P. Mesquita; João P. P. Gomes; Francesco Corona; Amauri Holanda de Souza Júnior; Juvêncio S. Nobre,https://doi.org/10.1016/j.asoc.2019.01.022,null,J,no_arxiv,0
2018,Applied Soft Comput.,"Building selective ensembles of Randomization Based Neural Networks with the successive projections algorithm.",Diego P. P. Mesquita; João Paulo Pordeus Gomes; Leonardo Ramos Rodrigues; Saulo A. F. Oliveira; Roberto Kawakami Harrop Galvão,https://doi.org/10.1016/j.asoc.2017.08.007,null,J,no_arxiv,0
2018,Neurocomputing,"Sparse Least-Squares Support Vector Machines via Accelerated Segmented Test: A dual approach.",Saulo A. F. Oliveira; João P. P. Gomes; Ajalmar R. da Rocha Neto,https://doi.org/10.1016/j.neucom.2018.08.081,null,J,no_arxiv,0
2018,Future Generation CS,"Regression based performance modeling and provisioning for NoSQL cloud databases.",Victor A. E. de Farias; Flávio R. C. Sousa; José Gilvan Rodrigues Maia; João Paulo Pordeus Gomes; Javam C. Machado,https://doi.org/10.1016/j.future.2017.08.061,null,J,no_arxiv,0
2021,IEEE Trans. Computers,"Predicting the Health Degree of Hard Disk Drives With Asymmetric and Ordinal Deep Neural Models.",Fernando Dione S. Lima; Francisco Lucas Falcao Pereira; Iago C. Chaves; Javam C. Machado; João Paulo Pordeus Gomes,https://doi.org/10.1109/TC.2020.2987018,null,J,no_arxiv,0
2018,J. Intelligent & Robotic Syst.,"Embedding Remaining Useful Life Predictions into a Modified Receding Horizon Task Assignment Algorithm to Solve Task Allocation Problems.",Leonardo Ramos Rodrigues; João P. P. Gomes; João F. L. Alcântara,https://doi.org/10.1007/s10846-017-0649-8,null,J,no_arxiv,0
2022,EMSE,"The role of bug report evolution in reliable fixing estimation.",Renan Gomes Vieira; César Lincoln C. Mattos; Lincoln S. Rocha; João Paulo Pordeus Gomes; Matheus Paixão,https://doi.org/10.1007/s10664-022-10213-7,null,J,no_arxiv,0
2022,ESEM,"Bayesian Analysis of Bug-Fixing Time using Report Data.",Renan Gomes Vieira; Diego Mesquita; César Lincoln C. Mattos; Ricardo Britto 0001; Lincoln S. Rocha; João Gomes 0002,https://doi.org/10.1145/3544902.3546256,null,C,no_arxiv,0
2018,CVIU,"A bi-directional evaluation-based approach for image retargeting quality assessment.",Saulo A. F. Oliveira; Shara S. A. Alves; João P. P. Gomes; Ajalmar R. da Rocha Neto,https://doi.org/10.1016/j.cviu.2017.11.011,null,J,no_arxiv,0
