2021,Expert Systems Appl.,"Occlusion-robust method for RGB-D 6-DOF object tracking with particle swarm optimization.",José Guedes dos Santos Júnior; João Paulo Silva do Monte Lima; Veronica Teichrieb,https://doi.org/10.1016/j.eswa.2021.114736,null,J,no_arxiv,0
2023,Computers & Graphics,"DirectVoxGO++: Grid-based fast object reconstruction using radiance fields.",Daniel Perazzo; João Paulo Lima; Luiz Velho 0001; Veronica Teichrieb,https://doi.org/10.1016/j.cag.2023.05.027,null,J,no_arxiv,0
2019,Computers & Graphics,"Geometrical and statistical incremental semantic modeling on mobile devices.",Rafael Alves Roberto; João Paulo Lima; Hideaki Uchiyama; Veronica Teichrieb; Rin-Ichiro Taniguchi,https://doi.org/10.1016/j.cag.2019.09.003,null,J,no_arxiv,0
2018,Computers & Graphics,"Particle swarm optimization for 3D object tracking in RGB-D images.",Jose Guedes dos Santos; João Paulo Silva do Monte Lima,https://doi.org/10.1016/j.cag.2018.09.011,null,J,no_arxiv,0
2018,ICRA,"Live Structural Modeling Using RGB-D SLAM.",Nicolas Olivier; Hideaki Uchiyama; Masashi Mishima; Diego Thomas; Rin-Ichiro Taniguchi; Rafael Alves Roberto; João Paulo Lima; Veronica Teichrieb,https://doi.org/10.1109/ICRA.2018.8460973,null,C,no_arxiv,0
2022,MVAP,"3D pedestrian localization using multiple cameras: a generalizable approach.",João Paulo Lima; Rafael Roberto; Lucas Silva Figueiredo; Francisco Simões; Diego Thomas; Hideaki Uchiyama; Veronica Teichrieb,https://doi.org/10.1007/s00138-022-01323-9,null,J,no_arxiv,0
2018,WACV,"Incremental Structural Modeling Based on Geometric and Statistical Analyses.",Rafael Alves Roberto; Joao Paulo Silva do Monte Lima; Hideaki Uchiyama; Clemens Arth; Veronica Teichrieb; Rin-Ichiro Taniguchi; Dieter Schmalstieg,https://doi.org/10.1109/WACV.2018.00110,null,C,no_arxiv,0
