2023,Neural Computing Applications,"A novel sample and feature dependent ensemble approach for Parkinson's disease detection.",Liaqat Ali; Chinmay Chakraborty; Zhiquan He; Wenming Cao 0001; Yakubu Imrana; Joel J. P. C. Rodrigues,https://doi.org/10.1007/s00521-022-07046-2,null,J,no_arxiv,0
2021,Applied Soft Comput.,"Edge computing-based person detection system for top view surveillance: Using CenterNet with transfer learning.",Imran Ahmed 0002; Misbah Ahmad; Joel J. P. C. Rodrigues; Gwanggil Jeon,https://doi.org/10.1016/j.asoc.2021.107489,null,J,no_arxiv,0
2020,Engineering Appl. of AI,"ElHealth: Using Internet of Things and data prediction for elastic management of human resources in smart hospitals.",Gabriel Souto Fischer; Rodrigo da Rosa Righi; Gabriel de Oliveira Ramos; Cristiano André da Costa; Joel J. P. C. Rodrigues,https://doi.org/10.1016/j.engappai.2019.103285,null,J,no_arxiv,0
2020,Engineering Appl. of AI,"Data Flow and Distributed Deep Neural Network based low latency IoT-Edge computation model for big data environment.",M. Veeramanikandan; Suresh Sankaranarayanan; Joel J. P. C. Rodrigues; Vijayan Sugumaran; Sergei A. Kozlov,https://doi.org/10.1016/j.engappai.2020.103785,null,J,no_arxiv,0
2020,Neural Computing Applications,"Machine learning and decision support system on credit scoring.",Germanno Teles; Joel J. P. C. Rodrigues; Kashif Saleem; Sergei A. Kozlov; Ricardo A. L. Rabêlo,https://doi.org/10.1007/s00521-019-04537-7,null,J,no_arxiv,0
2020,Neural Computing Applications,"Usability feature extraction using modified crow search algorithm: a novel approach.",Deepak Gupta 0002; Joel J. P. C. Rodrigues; Shirsh Sundaram; Ashish Khanna; Valery Korotaev; Victor Hugo C. de Albuquerque,https://doi.org/10.1007/s00521-018-3688-6,null,J,no_arxiv,0
2019,Applied Soft Comput.,"A new effective and powerful medical image segmentation algorithm based on optimum path snakes.",Pedro Pedrosa Rebouças Filho; Antônio Carlos da Silva Barros; Jefferson S. Almeida; Joel J. P. C. Rodrigues; Victor Hugo C. de Albuquerque,https://doi.org/10.1016/j.asoc.2018.10.057,null,J,no_arxiv,0
2019,Neural Computing Applications,"Adapting weather conditions based IoT enabled smart irrigation technique in precision agriculture mechanisms.",Bright Keswani; Ambarish G. Mohapatra; Amarjeet Mohanty; Ashish Khanna; Joel J. P. C. Rodrigues; Deepak Gupta 0002; Victor Hugo C. de Albuquerque,https://doi.org/10.1007/s00521-018-3737-1,null,J,no_arxiv,0
2018,Applied Soft Comput.,"An innovative deep architecture for aircraft hard landing prediction based on time-series sensor data.",Chao Tong 0001; Xiang Yin 0004; Jun Li 0045; Tongyu Zhu; Renli Lv; Liang Sun; Joel J. P. C. Rodrigues,https://doi.org/10.1016/j.asoc.2018.07.061,null,J,no_arxiv,0
2023,Future Generation CS,"PSDCE: Physiological signal-based double chaotic encryption for instantaneous E-healthcare services.",Junchao Wang; Dongmin Huang; Shengwen Fan; Kaining Han; Gwanggil Jeon; Joel J. P. C. Rodrigues,https://doi.org/10.1016/j.future.2022.10.034,null,J,no_arxiv,0
2023,Future Generation CS,"An PPG signal and body channel based encryption method for WBANs.",Wei Han; Junchao Wang; Shike Hou; Tong Bai; Gwanggil Jeon; Joel J. P. C. Rodrigues,https://doi.org/10.1016/j.future.2022.11.020,null,J,no_arxiv,0
2022,Future Generation CS,"Identifying fraud in medical insurance based on blockchain and deep learning.",Guoming Zhang; Xuyun Zhang; Muhammad Bilal 0003; Wanchun Dou; Xiaolong Xu 0001; Joel J. P. C. Rodrigues,https://doi.org/10.1016/j.future.2021.12.006,null,J,no_arxiv,0
2022,Future Generation CS,"AutoTrust: A privacy-enhanced trust-based intrusion detection approach for internet of smart things.",Kamran Ahmad Awan; Ikram Ud Din; Ahmad Almogren; Joel J. P. C. Rodrigues,https://doi.org/10.1016/j.future.2022.07.026,null,J,no_arxiv,0
2022,J. Parallel Distrib. Comput.,"Oppositional chaos game optimization based clustering with trust based data transmission protocol for intelligent IoT edge systems.",M. Padmaa; T. Jayasankar; S. Venkatraman 0001; Ashit Kumar Dutta; Deepak Gupta 0002; Shahab Shamshirband; Joel J. P. C. Rodrigues,https://doi.org/10.1016/j.jpdc.2022.03.008,null,J,no_arxiv,0
2021,Future Generation CS,"Discovering communities from disjoint complex networks using Multi-Layer Ant Colony Optimization.",Zar Bakht Imtiaz; Awais Manzoor; Saif ul Islam; Malik Ali Judge; Kim-Kwang Raymond Choo; Joel J. P. C. Rodrigues,https://doi.org/10.1016/j.future.2020.10.004,null,J,no_arxiv,0
2020,Concurrency and Computation,"Fully automatic model-based segmentation and classification approach for MRI brain tumor using artificial neural networks.",Arunkumar N.; Mazin Abed Mohammed; Salama A. Mostafa; Dheyaa Ahmed Ibrahim; Joel J. P. C. Rodrigues; Victor Hugo C. de Albuquerque,https://doi.org/10.1002/cpe.4962,null,J,no_arxiv,0
2020,Future Generation CS,"MF-Adaboost: LDoS attack detection based on multi-features and improved Adaboost.",Dan Tang; Liu Tang; Rui Dai; Jingwen Chen; Xiong Li 0002; Joel J. P. C. Rodrigues,https://doi.org/10.1016/j.future.2019.12.034,null,J,no_arxiv,0
2020,Future Generation CS,"Combinatorial resource allocation in D2D assisted heterogeneous relay networks.",Mudassar Ali; Saad B. Qaisar; Muhammad Naeem 0001; Shahid Mumtaz; Joel J. P. C. Rodrigues,https://doi.org/10.1016/j.future.2017.08.012,null,J,no_arxiv,0
2020,Supercomputing,"2PBDC: privacy-preserving bigdata collection in cloud environment.",Jangirala Srinivas; Ashok Kumar Das; Joel J. P. C. Rodrigues,https://doi.org/10.1007/s11227-018-2605-1,null,J,no_arxiv,0
2019,Future Generation CS,"Enabling technologies for Social Internet of Things.",Muhammad Imran 0001; Sohail Jabbar; Naveen K. Chilamkurti; Joel J. P. C. Rodrigues,https://doi.org/10.1016/j.future.2018.11.018,null,J,no_arxiv,0
2019,Future Generation CS,"Misty clouds - A layered cloud platform for online user anonymity in Social Internet of Things.",Jalal Al-Muhtadi; Ma Qiang; Kashif Saleem; Manan AlMusallam; Joel J. P. C. Rodrigues,https://doi.org/10.1016/j.future.2017.12.040,null,J,no_arxiv,0
2019,Future Generation CS,"TimeTrustSVD: A collaborative filtering model integrating time, trust and rating information.",Chao Tong 0001; Ji Qi; Yu Lian; Jianwei Niu 0002; Joel J. P. C. Rodrigues,https://doi.org/10.1016/j.future.2017.07.037,null,J,no_arxiv,0
2019,Future Generation CS,"GMA: An adult account identification algorithm on Sina Weibo using behavioral footprints.",Lei Wang 0037; Jianwei Niu 0002; Joel J. P. C. Rodrigues,https://doi.org/10.1016/j.future.2017.08.032,null,J,no_arxiv,0
2019,Future Generation CS,"Artificial Intelligence based QoS optimization for multimedia communication in IoV systems.",Ali Hassan Sodhro; Zongwei Luo; Gul Hassan Sodhro; Muhammad Muzammal; Joel J. P. C. Rodrigues; Victor Hugo C. de Albuquerque,https://doi.org/10.1016/j.future.2018.12.008,null,J,no_arxiv,0
2019,Future Generation CS,"A proposal for bridging application layer protocols to HTTP on IoT solutions.",Mauro A. A. da Cruz; Joel J. P. C. Rodrigues; Pascal Lorenz; Petar Solic; Jalal Al-Muhtadi; Victor Hugo C. de Albuquerque,https://doi.org/10.1016/j.future.2019.02.009,null,J,no_arxiv,0
2019,Future Generation CS,"Performance evaluation of a Fog-assisted IoT solution for e-Health applications.",Pedro H. Vilela; Joel J. P. C. Rodrigues; Petar Solic; Kashif Saleem; Vasco Furtado,https://doi.org/10.1016/j.future.2019.02.055,null,J,no_arxiv,0
2019,Future Generation CS,"Security and privacy based access control model for internet of connected vehicles.",Muhammad Asif Habib; Mudassar Ahmad 0001; Sohail Jabbar; Shehzad Khalid; Junaid Chaudhry; Kashif Saleem; Joel J. P. C. Rodrigues; Mohammed Sayim Khalil,https://doi.org/10.1016/j.future.2019.02.029,null,J,no_arxiv,0
2019,Future Generation CS,"Machine learning in the Internet of Things: Designed techniques for smart cities.",Ikram Ud Din; Mohsen Guizani; Joel J. P. C. Rodrigues; Suhaidi Hassan; Valery V. Korotaev,https://doi.org/10.1016/j.future.2019.04.017,null,J,no_arxiv,0
2019,Future Generation CS,"Energy and performance aware fog computing: A case of DVFS and green renewable energy.",Asfa Toor; Saif ul Islam; Nimra Sohail; Adnan Akhunzada; Jalil Boudjadar; Hasan Ali Khattak; Ikram Ud Din; Joel J. P. C. Rodrigues,https://doi.org/10.1016/j.future.2019.07.010,null,J,no_arxiv,0
2018,Future Generation CS,"Bloom filter based optimization scheme for massive data handling in IoT environment.",Amritpal Singh; Sahil Garg; Shalini Batra; Neeraj Kumar 0001; Joel J. P. C. Rodrigues,https://doi.org/10.1016/j.future.2017.12.016,null,J,no_arxiv,0
2018,Future Generation CS,"SCAI-SVSC: Smart clothing for effective interaction with a sustainable vital sign collection.",Long Hu; Jun Yang 0014; Min Chen 0003; Yongfeng Qian; Joel J. P. C. Rodrigues,https://doi.org/10.1016/j.future.2018.03.042,null,J,no_arxiv,0
2018,Future Generation CS,"Pairing based anonymous and secure key agreement protocol for smart grid edge computing infrastructure.",Khalid Mahmood 0002; Xiong Li 0002; Shehzad Ashraf Chaudhry; Husnain Naqvi; Saru Kumari; Arun Kumar Sangaiah; Joel J. P. C. Rodrigues,https://doi.org/10.1016/j.future.2018.06.004,null,J,no_arxiv,0
2018,Future Generation CS,"Semantic interoperability and pattern classification for a service-oriented architecture in pregnancy care.",Mário W. L. Moreira; Joel J. P. C. Rodrigues; Arun Kumar Sangaiah; Jalal Al-Muhtadi; Valery Korotaev,https://doi.org/10.1016/j.future.2018.04.031,null,J,no_arxiv,0
2018,Future Generation CS,"An early detection of low rate DDoS attack to SDN based data center networks using information distance metrics.",Kshira Sagar Sahoo; Deepak Puthal; Mayank Tiwary 0001; Joel J. P. C. Rodrigues; Bibhudatta Sahoo 0001; Ratnakar Dash,https://doi.org/10.1016/j.future.2018.07.017,null,J,no_arxiv,0
2018,J. Parallel Distrib. Comput.,"An efficient deep model for day-ahead electricity load forecasting with stacked denoising auto-encoders.",Chao Tong 0001; Jun Li 0045; Chao Lang; Fanxin Kong; Jianwei Niu 0002; Joel J. P. C. Rodrigues,https://doi.org/10.1016/j.jpdc.2017.06.007,null,J,no_arxiv,0
2018,J. Parallel Distrib. Comput.,"Heterogeneous domain adaptation network based on autoencoder.",Xuesong Wang 0001; Yuting Ma; Yuhu Cheng; Liang Zou; Joel J. P. C. Rodrigues,https://doi.org/10.1016/j.jpdc.2017.06.003,null,J,no_arxiv,0
2019,Inf. Fusion,"Postpartum depression prediction through pregnancy data analysis for emotion-aware smart systems.",Mário W. L. Moreira; Joel J. P. C. Rodrigues; Neeraj Kumar 0001; Kashif Saleem; Igor V. Illin,https://doi.org/10.1016/j.inffus.2018.07.001,null,J,no_arxiv,0
2022,SPE,"PSSCC: Provably secure communication framework for crowdsourced industrial Internet of Things environments.",Dharminder Dharminder; Dheerendra Mishra; Joel J. P. C. Rodrigues; Ricardo de A. L. Rabelo; Kashif Saleem,https://doi.org/10.1002/spe.2826,null,J,no_arxiv,0
2021,Concurr. & Computation,"Neuro-fuzzy model for HELLP syndrome prediction in mobile cloud computing environments.",Mário W. L. Moreira; Joel J. P. C. Rodrigues; Jalal Al-Muhtadi; Valery V. Korotaev; Victor Hugo C. de Albuquerque,https://doi.org/10.1002/cpe.4651,null,J,no_arxiv,0
2019,IEEE Trans. Cloud Comp.,"Coordinate Memory Deduplication and Partition for Improving Performance in Cloud Computing.",Gangyong Jia; Guangjie Han; Joel J. P. C. Rodrigues; Jaime Lloret 0001; Wei Li 0064,https://doi.org/10.1109/TCC.2015.2511738,top,J,no_arxiv,0
2019,IEEE Trans. Cloud Comp.,"Using Socio-Spatial Context in Mobile Cloud Process Offloading for Energy Conservation in Wireless Devices.",Athina Bourdena; Constandinos X. Mavromoustakis; George Mastorakis; Joel J. P. C. Rodrigues; Ciprian Dobre,https://doi.org/10.1109/TCC.2015.2511736,top,J,no_arxiv,0
2023,Multimedia Syst.,"MADP-IIME: malware attack detection protocol in IoT-enabled industrial multimedia environment using machine learning approach.",Sumit Pundir; Mohammad S. Obaidat; Mohammad Wazid; Ashok Kumar Das; Devesh Pratap Singh; Joel J. P. C. Rodrigues,https://doi.org/10.1007/s00530-020-00743-9,null,J,no_arxiv,0
2023,Multimedia Tools Appl.,"An integrated approach: using knowledge graph and network analysis for harnessing digital advertisement.",Siraj Munir; Rauf Ahmed Shams Malick; Syed Imran Jami; Ghufran Ahmed; Suleman Khan 0001; Joel J. P. C. Rodrigues,https://doi.org/10.1007/s11042-021-11856-2,null,J,no_arxiv,0
2023,Multimedia Tools Appl.,"Enhanced privacy-preserving in student certificate management in blockchain and interplanetary file system.",Narendra K. Dewangan; Preeti Chandrakar; Saru Kumari; Joel J. P. C. Rodrigues,https://doi.org/10.1007/s11042-022-13915-8,null,J,no_arxiv,0
2022,Multimedia Syst.,"Applying deep learning-based multi-modal for detection of coronavirus.",Geeta Rani; Meet Ganpatlal Oza; Vijaypal Singh Dhaka; Nitesh Pradhan; Sahil Verma; Joel J. P. C. Rodrigues,https://doi.org/10.1007/s00530-021-00824-3,null,J,no_arxiv,0
2022,Multimedia Tools Appl.,"Urdu signboard detection and recognition using deep learning.",Syed Yasser Arafat; Nabeel Ashraf; Muhammad Javed Iqbal; Iftikhar Ahmad 0006; Suleman Khan 0001; Joel J. P. C. Rodrigues,https://doi.org/10.1007/s11042-020-10175-2,null,J,no_arxiv,0
2022,Multimedia Tools Appl.,"Protecting image privacy through adversarial perturbation.",Baoyu Liang; Chao Tong 0001; Chao Lang; Qinglong Wang; Joel J. P. C. Rodrigues; Sergei A. Kozlov,https://doi.org/10.1007/s11042-021-11394-x,null,J,no_arxiv,0
2021,Multimedia Tools Appl.,"DCAVN: Cervical cancer prediction and classification using deep convolutional and variational autoencoder network.",Aditya Khamparia; Deepak Gupta 0002; Joel J. P. C. Rodrigues; Victor Hugo C. de Albuquerque,https://doi.org/10.1007/s11042-020-09607-w,null,J,no_arxiv,0
2019,IEEE Trans. Multimedia,"Hybrid Deep-Learning-Based Anomaly Detection Scheme for Suspicious Flow Detection in SDN: A Social Multimedia Perspective.",Sahil Garg; Kuljeet Kaur; Neeraj Kumar 0001; Joel J. P. C. Rodrigues,https://doi.org/10.1109/TMM.2019.2893549,top,J,no_arxiv,0
2022,ACM TOIT,"Machine Learning and Soil Humidity Sensing: Signal Strength Approach.",Lea Dujic Rodic; Tomislav Zupanovic; Toni Perkovic; Petar Solic; Joel J. P. C. Rodrigues,https://doi.org/10.1145/3418207,top,J,http://arxiv.org/abs/2011.08273v1,0
2022,ACM TOIT,"Edge Computing AI-IoT Integrated Energy-efficient Intelligent Transportation System for Smart Cities.",Suresh Chavhan; Deepak Gupta 0002; Sarada Prasad Gochhayat; B. N. Chandana; Ashish Khanna; K. Shankar 0002; Joel J. P. C. Rodrigues,https://doi.org/10.1145/3507906,top,J,no_arxiv,0
2023,Computer Comm.,"COUNT: Blockchain framework for resource accountability in e-healthcare.",Gulshan Kumar; Rahul Saha; Mauro Conti; Tannishtha Devgun; Rekha Goyat; Joel J. P. C. Rodrigues,https://doi.org/10.1016/j.comcom.2023.07.017,null,J,no_arxiv,0
2023,ACM Trans. Sensor Networks,"TSDroid: A Novel Android Malware Detection Framework Based on Temporal & Spatial Metrics in IoMT.",Gaofeng Zhang; Yu Li; Xudan Bao; Chinmay Chakraborty; Joel J. P. C. Rodrigues; Liping Zheng; Xuyun Zhang; Lianyong Qi; Mohammad Reza Khosravi,https://doi.org/10.1145/3532091,top,J,no_arxiv,0
2022,IEEE Wireless Commun.,"Deep Federated Learning Enhanced Secure POI Microservices for Cyber-Physical Systems.",Zhiwei Guo; Keping Yu; Zhihan Lv; Kim-Kwang Raymond Choo; Peng Shi 0001; Joel J. P. C. Rodrigues,https://doi.org/10.1109/MWC.002.2100272,null,J,no_arxiv,0
2021,IEEE Comm. Magazine,"Design and Implementation of 5G e-Health Systems: Technologies, Use Cases, and Future Challenges.",Di Zhang 0002; Joel J. P. C. Rodrigues; Yunkai Zhai; Takuro Sato,https://doi.org/10.1109/MCOM.001.2100035,null,J,no_arxiv,0
2021,Computer Comm.,"Private blockchain-envisioned multi-authority CP-ABE-based user access control scheme in IIoT.",Soumya Banerjee 0001; Basudeb Bera; Ashok Kumar Das; Samiran Chattopadhyay; Muhammad Khurram Khan; Joel J. P. C. Rodrigues,https://doi.org/10.1016/j.comcom.2021.01.023,null,J,no_arxiv,0
2021,Computer Comm.,"Novel congestion avoidance scheme for Internet of Drones.",Shumayla Yaqoob; Ata Ullah; Muhammad Awais 0003; Iyad A. Katib; Aiiad Albeshri; Rashid Mehmood; Mohsin Raza; Saif ul Islam; Joel J. P. C. Rodrigues,https://doi.org/10.1016/j.comcom.2021.01.008,null,J,no_arxiv,0
2021,Computer Comm.,"Planning Fog networks for time-critical IoT requests.",Ume Kalsoom Saba; Saif ul Islam; Humaira Ijaz; Joel J. P. C. Rodrigues; Abdullah Gani; Kashif Munir,https://doi.org/10.1016/j.comcom.2021.03.002,null,J,no_arxiv,0
2021,J. Selected Areas Comm.,"Guest Editorial: Internet of Things for In-Home Health Monitoring.",Joel J. P. C. Rodrigues; Honggang Wang 0001; Simon James Fong; Nada Y. Philip; Jia Chen,https://doi.org/10.1109/JSAC.2020.3042420,null,J,no_arxiv,0
2021,J. Selected Areas Comm.,"Internet of Things for In-Home Health Monitoring Systems: Current Advances, Challenges and Future Directions.",Nada Y. Philip; Joel J. P. C. Rodrigues; Honggang Wang 0001; Simon James Fong; Jia Chen,https://doi.org/10.1109/JSAC.2020.3042421,null,J,no_arxiv,0
2020,Computer Comm.,"Cascading handcrafted features and Convolutional Neural Network for IoT-enabled brain tumor segmentation.",Hikmat Ullah Khan; Pir Masoom Shah; Munam Ali Shah; Saif ul Islam; Joel J. P. C. Rodrigues,https://doi.org/10.1016/j.comcom.2020.01.013,null,J,no_arxiv,0
2020,Computer Comm.,"Energy and delay efficient fog computing using caching mechanism.",Muzammil Hussain Shahid; Ahmad Raza Hameed; Saif ul Islam; Hasan Ali Khattak; Ikram Ud Din; Joel J. P. C. Rodrigues,https://doi.org/10.1016/j.comcom.2020.03.001,null,J,no_arxiv,0
2020,Computer Comm.,"Local Mutual Exclusion algorithm using fuzzy logic for Flying Ad hoc Networks.",Ashish Khanna; Joel J. P. C. Rodrigues; Naman Gupta; Abhishek Swaroop; Deepak Gupta 0002,https://doi.org/10.1016/j.comcom.2020.03.036,null,J,no_arxiv,0
2020,IEEE Trans. Commun.,"Crowdsensing-Based Cross-Operator Switch in Rail Transit Systems.",Linghe Kong; Zucheng Wu; Guihai Chen; Meikang Qiu; Shahid Mumtaz; Joel J. P. C. Rodrigues,https://doi.org/10.1109/TCOMM.2020.3019527,null,J,no_arxiv,0
2019,Ad Hoc Networks,"Study about vehicles velocities using time causal Information Theory quantifiers.",Maurício José da Silva; Tamer S. G. Cavalcante; Osvaldo Anibal Rosso; Joel J. P. C. Rodrigues; Ricardo Augusto Rabelo Oliveira; André L. L. de Aquino,https://doi.org/10.1016/j.adhoc.2019.02.009,null,J,no_arxiv,0
2019,IEEE Commun. Surv. Tutorials,"5G Waveforms for IoT Applications.",Ivo Bizon Franco de Almeida; Luciano Leonel Mendes; Joel J. P. C. Rodrigues; Mauro A. A. da Cruz,https://doi.org/10.1109/COMST.2019.2910817,null,J,no_arxiv,0
2019,IEEE Wireless Commun.,"Fog Computing for Smart Grid Systems in the 5G Environment: Challenges and Solutions.",Aparna Kumari; Sudeep Tanwar; Sudhanshu Tyagi; Neeraj Kumar 0001; Mohammad S. Obaidat; Joel J. P. C. Rodrigues,https://doi.org/10.1109/MWC.2019.1800356,null,J,no_arxiv,0
2019,IEEE Wireless Commun.,"Internet of Autonomous Vehicles Communications Security: Overview, Issues, and Directions.",Ashish Nanda; Deepak Puthal; Joel J. P. C. Rodrigues; Sergei A. Kozlov,https://doi.org/10.1109/MWC.2019.1800503,null,J,no_arxiv,0
2018,IEEE Comm. Magazine,"SecSVA: Secure Storage, Verification, and Auditing of Big Data in the Cloud Environment.",Gagangeet Singh Aujla; Rajat Chaudhary; Neeraj Kumar 0001; Ashok Kumar Das; Joel J. P. C. Rodrigues,https://doi.org/10.1109/MCOM.2018.1700379,null,J,no_arxiv,0
2018,IEEE Comm. Magazine,"Trust-Based Communication for the Industrial Internet of Things.",Chunsheng Zhu; Joel J. P. C. Rodrigues; Victor C. M. Leung; Lei Shu 0001; Laurence T. Yang,https://doi.org/10.1109/MCOM.2018.1700592,null,J,no_arxiv,0
2018,IEEE Comm. Magazine,"Edge Computing in the Industrial Internet of Things Environment: Software-Defined-Networks-Based Edge-Cloud Interplay.",Kuljeet Kaur; Sahil Garg; Gagangeet Singh Aujla; Neeraj Kumar 0001; Joel J. P. C. Rodrigues; Mohsen Guizani,https://doi.org/10.1109/MCOM.2018.1700622,null,J,no_arxiv,0
2018,IEEE Comm. Magazine,"Optimized Big Data Management across Multi-Cloud Data Centers: Software-Defined-Network-Based Analysis.",Rajat Chaudhary; Gagangeet Singh Aujla; Neeraj Kumar 0001; Joel J. P. C. Rodrigues,https://doi.org/10.1109/MCOM.2018.1700211,null,J,no_arxiv,0
2018,Computer Networks,"Adaptive routing protocol for urban vehicular networks to support sellers and buyers on wheels.",Sourav Kumar Bhoi; Deepak Puthal; Pabitra Mohan Khilar; Joel J. P. C. Rodrigues; Sanjaya Kumar Panda; Laurence T. Yang,https://doi.org/10.1016/j.comnet.2018.05.024,null,J,no_arxiv,0
2018,Computer Networks,"A high-available and location predictive data gathering scheme with mobile sinks for wireless sensor networks.",Chuan Zhu; Kangning Quan; Guangjie Han; Joel J. P. C. Rodrigues,https://doi.org/10.1016/j.comnet.2018.08.022,null,J,no_arxiv,0
2018,J. Network Computer App.,"A framework for enhancing the performance of Internet of Things applications based on RFID and WSNs.",José V. V. Sobral; Joel J. P. C. Rodrigues; Ricardo A. L. Rabêlo; José C. Lima Filho; Natanael Sousa; Harilton da S. Araujo; Raimir Holanda Filho,https://doi.org/10.1016/j.jnca.2018.01.015,null,J,no_arxiv,0
2018,J. Network Computer App.,"Performance evaluation of IoT middleware.",Mauro A. A. da Cruz; Joel J. P. C. Rodrigues; Arun Kumar Sangaiah; Jalal Al-Muhtadi; Valery Korotaev,https://doi.org/10.1016/j.jnca.2018.02.013,null,J,no_arxiv,0
2021,SPE,"Comparative study of support vector machines and random forests machine learning algorithms on credit operation.",Germanno Teles; Joel J. P. C. Rodrigues; Ricardo A. L. Rabêlo; Sergei A. Kozlov,https://doi.org/10.1002/spe.2842,null,J,no_arxiv,0
2023,IEEE Trans. Inf. Forensics Sec.,"AISCM-FH: AI-Enabled Secure Communication Mechanism in Fog Computing-Based Healthcare.",Mohammad Wazid; Ashok Kumar Das; Sachin Shetty; Joel J. P. C. Rodrigues; Mohsen Guizani,https://doi.org/10.1109/TIFS.2022.3220959,null,J,no_arxiv,0
2020,IEEE Trans. Dependable Sec. Comput.,"Cloud Centric Authentication for Wearable Healthcare Monitoring System.",Jangirala Srinivas; Ashok Kumar Das; Neeraj Kumar 0001; Joel J. P. C. Rodrigues,https://doi.org/10.1109/TDSC.2018.2828306,top,J,no_arxiv,0
2019,PRL,"A novel deep learning based framework for the detection and classification of breast cancer using transfer learning.",Sana Ullah Khan; Naveed Islam; Zahoor Jan; Ikram Ud Din; Joel J. P. C. Rodrigues,https://doi.org/10.1016/j.patrec.2019.03.022,null,J,no_arxiv,0
2019,PRL,"Classification of risk areas using a bootstrap-aggregated ensemble approach for reducing Zika virus infection in pregnant women.",Mário W. L. Moreira; Joel J. P. C. Rodrigues; Francisco H. C. Carvalho; Jalal Al-Muhtadi; Sergey Kozlov; Ricardo A. L. Rabêlo,https://doi.org/10.1016/j.patrec.2019.04.020,null,J,no_arxiv,0
