2024,Neurocomputing,"Physics-informed neural nets for control of dynamical systems.",Eric Aislan Antonelo; Eduardo Camponogara; Laio Oriel Seman; Jean Panaioti Jordanou; Eduardo Rehbein de Souza; Jomi Fred Hübner,https://doi.org/10.1016/j.neucom.2024.127419,null,J,no_arxiv,0
2024,AAMAS,"Enabling BDI Agents to Reason on a Dynamic Action Repertoire in Hypermedia Environments.",Danai Vachtsevanou; Bruno de Lima; Andrei Ciortea; Jomi Fred Hübner; Simon Mayer; Jérémy Lemée,https://dl.acm.org/doi/10.5555/3635637.3663048,null,C,no_arxiv,0
2023,AAMAS,"MAIDS - A Framework for the Development of Multi-Agent Intentional Dialogue Systems.",Débora C. Engelmann; Alison R. Panisson; Renata Vieira; Jomi Fred Hübner; Viviana Mascardi; Rafael H. Bordini,https://dl.acm.org/doi/10.5555/3545946.3598764,null,C,no_arxiv,0
2022,Engineering Appl. of AI,"A Blockchain integration to support transactions of assets in multi-agent systems.",Fernando G. Papi; Jomi Fred Hübner; Maiquel de Brito,https://doi.org/10.1016/j.engappai.2021.104534,null,J,no_arxiv,0
2021,AAMAS,"Active Perception within BDI Agents Reasoning Cycle.",Gustavo R. Silva; Jomi F. Hübner; Leandro Buss Becker,https://www.ifaamas.org/Proceedings/aamas2021/pdfs/p1218.pdf,null,C,no_arxiv,0
2025,Robotics & Autonomous Syst.,"An expedited BDI agent architecture: Improving the responsiveness of agent-based autonomous systems for handling critical situations.",Leandro Buss Becker; Iago de Oliveira Silvestre; Jomi Fred Hübner; Michael Fisher 0001,https://doi.org/10.1016/j.robot.2025.104917,null,J,no_arxiv,0
