2020,AAAI,"Adaptive Cross-Modal Embeddings for Image-Text Alignment.",Jonatas Wehrmann; Camila Kolling; Rodrigo C. Barros,https://doi.org/10.1609/aaai.v34i07.6915,top,C,no_arxiv,0
2018,Neurocomputing,"Adult content detection in videos with convolutional and recurrent neural networks.",Jonatas Wehrmann; Gabriel S. Simoes; Rodrigo C. Barros; Victor F. Cavalcante,https://doi.org/10.1016/j.neucom.2017.07.012,null,J,no_arxiv,0
2018,ICML,"Hierarchical Multi-Label Classification Networks.",Jonatas Wehrmann; Ricardo Cerri; Rodrigo C. Barros,http://proceedings.mlr.press/v80/wehrmann18a.html,top,C,no_arxiv,0
2019,ICCV,"Language-Agnostic Visual-Semantic Embeddings.",Jonatas Wehrmann; Maurício Armani Lopes; Douglas M. Souza; Rodrigo C. Barros,https://doi.org/10.1109/ICCV.2019.00590,top,C,no_arxiv,0
2018,PRL,"Order embeddings and character-level convolutions for multimodal alignment.",Jonatas Wehrmann; Anderson Mattjie; Rodrigo C. Barros,https://doi.org/10.1016/j.patrec.2017.11.020,null,J,no_arxiv,0
2018,CVPR,"Bidirectional Retrieval Made Simple.",Jonatas Wehrmann; Rodrigo C. Barros,http://openaccess.thecvf.com/content_cvpr_2018/html/Wehrmann_Bidirectional_Retrieval_Made_CVPR_2018_paper.html,top,C,no_arxiv,0
2018,WACV,"Fast Self-Attentive Multimodal Retrieval.",Jonatas Wehrmann; Mauricio A. Lopes; Martin D. Móre; Rodrigo C. Barros,https://doi.org/10.1109/WACV.2018.00207,null,C,no_arxiv,0
