2024,Ad Hoc Networks,"Handover optimisation for high-capacity low-latency 5G NR mmWave communication.",Davi da Silva Brilhante; José Ferreira de Rezende; Nicola Marchetti,https://doi.org/10.1016/j.adhoc.2023.103328,null,J,no_arxiv,0
2024,Ad Hoc Networks,"Federated Learning assisted framework to periodically identify user communities in urban space.",Cláudio Diego Teixeira de Souza; José Ferreira de Rezende; Carlos Alberto Vieira Campos,https://doi.org/10.1016/j.adhoc.2024.103589,null,J,no_arxiv,0
2024,J. Network Computer App.,"A flexible algorithm to offload DAG applications for edge computing.",Gabriel F. C. de Queiroz; José Ferreira de Rezende; Valmir C. Barbosa,https://doi.org/10.1016/j.jnca.2023.103791,null,J,http://arxiv.org/abs/2306.09458v1,0
2022,Computer Comm.,"Energy-efficient routing in LEO satellite networks for extending satellites lifetime.",Renata do Nascimento Mota Macambira; Celso Barbosa Carvalho; José Ferreira de Rezende,https://doi.org/10.1016/j.comcom.2022.09.009,null,J,no_arxiv,0
2022,IEEE Trans. Net. Service  Mgmt.,"Optimal Embedding of Heterogeneous RAN Slices for Secure and Technology-Agnostic RANaaS.",Joao F. Santos; Davi da Silva Brilhante; José Ferreira de Rezende; Nicola Marchetti; Marco Ruffini; Luiz A. DaSilva,https://doi.org/10.1109/TNSM.2022.3187353,null,J,no_arxiv,0
2021,Ad Hoc Networks,"Semi-Markov model for delivery delay prediction in multi-copy opportunistic networks with heterogeneous pairwise encounter rates.",Gabriela Moutinho de Souza Dias; José Ferreira de Rezende; Ronaldo Moreira Salles,https://doi.org/10.1016/j.adhoc.2021.102655,null,J,no_arxiv,0
