2022,Knowledge-Based Syst.,"On the design of a similarity function for sparse binary data with application on protein function annotation.",Marcelo B. A. Veras; Bishnu Sarker; Sabeur Aridhi; João P. P. Gomes; José A. F. de Macêdo; Engelbert Mephu Nguifo; Marie-Dominique Devignes; Malika Smaïl-Tabbone,https://doi.org/10.1016/j.knosys.2021.107863,null,J,no_arxiv,0
2020,Expert Systems Appl.,"Leveraging feature selection to detect potential tax fraudsters.",Tales Matos; José A. F. de Macêdo; Francesco Lettich; José Maria Monteiro; Chiara Renso; Raffaele Perego 0001; Franco Maria Nardini,https://doi.org/10.1016/j.eswa.2019.113128,null,J,no_arxiv,0
2020,Expert Systems Appl.,"A novel approach to define the local region of dynamic selection techniques in imbalanced credit scoring problems.",Leopoldo Melo Junior; Franco Maria Nardini; Chiara Renso; Roberto Trani; José Antônio Fernandes de Macêdo,https://doi.org/10.1016/j.eswa.2020.113351,null,J,no_arxiv,0
2024,Inf. Sciences,"Trajectory modeling via random utility inverse reinforcement learning.",Anselmo Ramalho Pitombeira Neto; Helano P. Santos; Ticiana L. Coelho da Silva; José Antônio Fernandes de Macêdo,https://doi.org/10.1016/j.ins.2024.120128,null,J,http://arxiv.org/abs/2105.12092v2,0
2021,GeoInformatica,"Evaluating the effect of compressing algorithms for trajectory similarity and classification problems.",Antonios Makris; Camila Leite da Silva; Vania Bogorny; Luis Otávio Alvares; José Antônio Fernandes de Macêdo; Konstantinos Tserpes,https://doi.org/10.1007/s10707-021-00434-1,null,J,no_arxiv,0
2021,Inf. Systems,"Speed prediction in large and dynamic traffic sensor networks.",Regis Pires Magalhães; Francesco Lettich; José Antônio Fernandes de Macêdo; Franco Maria Nardini; Raffaele Perego 0001; Chiara Renso; Roberto Trani,https://doi.org/10.1016/j.is.2019.101444,null,J,no_arxiv,0
2020,CAiSE,"Aspect Term Extraction Using Deep Learning Model with Minimal Feature Engineering.",Felipe Zschornack Rodrigues Saraiva; Ticiana Linhares Coelho da Silva; José Antônio Fernandes de Macêdo,https://doi.org/10.1007/978-3-030-49435-3_12,null,C,no_arxiv,0
