2024,Int. J. HC Studies,"Engagement by Design Cards: A tool to involve designers and non-experts in the design of crowdsourcing initiatives.",Leonardo Pio Vasconcelos; Jean Zahn; Daniela Trevisan 0001; José Viterbo,https://doi.org/10.1016/j.ijhcs.2023.103166,null,J,no_arxiv,0
2019,Inf. Sciences,"Mining direct acyclic graphs to find frequent substructures - An experimental analysis on educational data.",Jefferson de J. Costa; Flávia Bernardini; Danilo Artigas; José Viterbo,https://doi.org/10.1016/j.ins.2019.01.032,null,J,no_arxiv,0
2022,Inf. Systems,"Towards defining data interpretability in open data portals: Challenges and research opportunities.",Raissa Barcellos; Flávia Cristina Bernardini; José Viterbo,https://doi.org/10.1016/j.is.2021.101961,null,J,no_arxiv,0
2022,Trans. GIS,"A framework for spatial regionalization composed of novel clustering-based algorithms under spatial contiguity constraints.",Leandro Miranda; José Viterbo; Flávia Bernardini,https://doi.org/10.1111/tgis.12903,null,J,no_arxiv,0
2024,IMAVIS,"Adversarial attacks and defenses in person search: A systematic mapping study and taxonomy.",Eduardo de O. Andrade; Joris Guérin; José Viterbo; Igor Garcia Ballhausen Sampaio,https://doi.org/10.1016/j.imavis.2024.105096,null,J,no_arxiv,0
