2025,Future Generation CS,"A Framework for testing Federated Learning algorithms using an edge-like environment.",Felipe Machado Schwanck; Marcos Tomazzoli Leipnitz; Joel Luís Carbonera; Juliano Araujo Wickboldt,https://doi.org/10.1016/j.future.2024.107626,null,J,no_arxiv,0
2024,ACM Comput. Surveys,"Surveying Emerging Network Approaches for Military Command and Control Systems.",João Eduardo Costa Gomes; Ricardo Rodrigues Ehlert; Rodrigo Murillo Boesche; Vinicius Santosde Lima; Jorgito Matiuzzi Stocchero; Dante A. C. Barone; Juliano Araujo Wickboldt; Edison Pignaton de Freitas; Julio C. S. dos Anjos; Ricardo Queiroz de Araujo Fernandes,https://doi.org/10.1145/3626090,null,J,no_arxiv,0
2025,Computer Networks,"KTWIN: A serverless Kubernetes-based Digital Twin platform.",Alexandre Gustavo Wermann; Juliano Araujo Wickboldt,https://doi.org/10.1016/j.comnet.2025.111095,null,J,no_arxiv,0
2022,Computer Comm.,"Context-aware environment monitoring to support LPWAN-based battlefield applications.",Guilherme Rotth Zibetti; Juliano Araujo Wickboldt; Edison Pignaton de Freitas,https://doi.org/10.1016/j.comcom.2022.02.020,null,J,no_arxiv,0
2020,Computer Networks,"FT-Aurora: A highly available IaaS cloud manager based on replication.",Gustavo B. Heimovski; Rogério C. Turchetti; Juliano Araujo Wickboldt; Lisandro Zambenedetti Granville; Elias P. Duarte Jr.,https://doi.org/10.1016/j.comnet.2019.107041,null,J,no_arxiv,0
2020,Computer Networks,"Virtual Network Functions Migration Cost: from Identification to Prediction.",Rafael de Jesus Martins; Cristiano Bonato Both; Juliano Araujo Wickboldt; Lisandro Zambenedetti Granville,https://doi.org/10.1016/j.comnet.2020.107429,null,J,no_arxiv,0
2020,J. Selected Areas Comm.,"Orchestra: A Customizable Split-Aware NFV Orchestrator for Dynamic Cloud Radio Access Networks.",Ariel Galante Dalla-Costa; Lucas Bondan; Juliano Araujo Wickboldt; Cristiano Bonato Both,https://doi.org/10.1109/JSAC.2020.2986689,null,J,no_arxiv,0
2020,CNSM,"SWEETEN: Automated Network Management Provisioning for 5G Microservices-Based Virtual Network Functions.",Rafael de Jesus Martins; Ariel Galante Dalla-Costa; Juliano Araujo Wickboldt; Lisandro Zambenedetti Granville,https://doi.org/10.23919/CNSM50824.2020.9269063,null,C,no_arxiv,0
