2023,Artificial Intelligence,"GUBS criterion: Arbitrary trade-offs between cost and probability-to-goal in stochastic planning based on Expected Utility Theory.",Gabriel Nunes Crispino; Valdinei Freire; Karina Valdivia Delgado,https://doi.org/10.1016/j.artint.2022.103848,null,J,no_arxiv,0
2021,Int. J. Approx. Reasoning,"Efficient algorithms for Risk-Sensitive Markov Decision Processes with limited budget.",Daniel Augusto de Melo Moreira; Karina Valdivia Delgado; Leliane Nunes de Barros; Denis Deratani Mauá,https://doi.org/10.1016/j.ijar.2021.09.003,null,J,no_arxiv,0
2019,Int. J. Approx. Reasoning,"Robust topological policy iteration for infinite horizon bounded Markov Decision Processes.",Willy Arthur Silva Reis; Leliane Nunes de Barros; Karina Valdivia Delgado,https://doi.org/10.1016/j.ijar.2018.12.004,null,J,no_arxiv,0
2024,ACM TKDD,"Imbalance-Robust Multi-Label Self-Adjusting kNN.",Victor Gomes De Oliveira Martins Nicola; Karina Valdivia Delgado; Marcelo de Souza Lauretto,https://doi.org/10.1145/3663575,top,J,no_arxiv,0
2021,CIKM,"Pirá: A Bilingual Portuguese-English Dataset for Question-Answering about the Ocean.",André F. A. Paschoal; Paulo Pirozelli; Valdinei Freire; Karina Valdivia Delgado; Sarajane M. Peres; Marcos Menon José; Flávio Nakasato Cação; André Seidel Oliveira; Anarosa A. F. Brandão; Anna H. R. Costa; Fábio Gagliardi Cozman,https://doi.org/10.1145/3459637.3482012,null,C,no_arxiv,0
