2019,Expert Systems Appl.,"Optimising virtual networks over time by using Windows Multiplicative DEA model.",Francisco D. Marques Júnior; Ali Emrouznejad; Kelvin Lopes Dias; Paulo Roberto Freire Cunha; Jorge Luiz de Castro e Silva,https://doi.org/10.1016/j.eswa.2019.05.005,null,J,no_arxiv,0
2024,Supercomputing,"Resource allocation for UAV-enabled multi-access edge computing.",Marcos Falcão; Caio Souza; Andson M. Balieiro; Kelvin Lopes Dias,https://doi.org/10.1007/s11227-024-06314-3,null,J,no_arxiv,0
2022,Supercomputing,"An analytical framework for URLLC in hybrid MEC environments.",Marcos Falcao; Caio Souza; Andson M. Balieiro; Kelvin L. Dias,https://doi.org/10.1007/s11227-021-03945-8,null,J,no_arxiv,0
2019,Future Generation CS,"A context-sensitive offloading system using machine-learning classification algorithms for mobile cloud environment.",Warley Junior; Eduardo Oliveira 0003; Albertinin Santos; Kelvin Lopes Dias,https://doi.org/10.1016/j.future.2018.08.026,null,J,no_arxiv,0
2019,ACM Comput. Surveys,"Integrated NFV/SDN Architectures: A Systematic Literature Review.",Michel S. Bonfim; Kelvin L. Dias; Stenio F. L. Fernandes,https://doi.org/10.1145/3172866,null,J,http://arxiv.org/abs/1801.01516v1,0
2020,SPE,"A real-time attack defense framework for 5G network slicing.",Michel S. Bonfim; Marcelo Anderson Santos; Kelvin L. Dias; Stenio Fernandes,https://doi.org/10.1002/spe.2800,null,J,no_arxiv,0
2022,IEEE Trans. Net. Service  Mgmt.,"KDN-Based Fault-Tolerant Scheduling for VNFs in Data Centers.",Rafael Roque de Souza; Marcelo Santos; Michel S. Bonfim; Kelvin Lopes Dias; Stenio F. L. Fernandes,https://doi.org/10.1109/TNSM.2022.3185144,null,J,no_arxiv,0
