2023,Int. J. HCI,"The Developers' Design Thinking Toolbox in Hackathons: A Study on the Recurring Design Methods in Software Development Marathons.",Kiev Gama; George Valença; Pedro Alessio; Rafael Formiga; André Neves; Nycolas Lacerda,https://doi.org/10.1080/10447318.2022.2075601,null,J,http://arxiv.org/abs/2206.04744v1,0
2022,CSCW,"Socio-technical Constraints and Affordances of Virtual Collaboration - A Study of Four Online Hackathons.",Wendy Mendes; Albert Richard; Tähe-Kai Tillo; Gustavo Pinto 0001; Kiev Gama; Alexander Nolte,https://doi.org/10.1145/3555221,null,C,no_arxiv,0
2021,ITiCSE,"Online Hackathons as an Engaging Tool to Promote Group Work in Emergency Remote Learning.",Kiev Gama; Carlos Zimmerle; Pedro Rossi,https://doi.org/10.1145/3430665.3456312,null,C,http://arxiv.org/abs/2105.06388v1,0
2025,IEEE Software,"A C-Level Perspective on the Role of Developers in the Creative Process of Software Startups: Fostering Developer Creativity and Participation in Innovation.",Kiev Gama; Cleidson R. B. de Souza; Alexander Nolte; George Valença,https://doi.org/10.1109/MS.2025.3541435,null,J,no_arxiv,0
2025,ICST,"A Tool-Assisted Training Approach for Empowering Localization and Internationalization Testing Proficiency.",Maria Couto; Breno Miranda; Kiev Gama,https://doi.org/10.1109/ICST62969.2025.10988966,null,C,no_arxiv,0
2023,JSS,"A Grey Literature Review on Data Stream Processing applications testing.",Alexandre Vianna; Fernando Kenji Kamei; Kiev Gama; Carlos Zimmerle; João Alexandre Neto,https://doi.org/10.1016/j.jss.2023.111744,null,J,no_arxiv,0
2022,MSR,"Mining the Usage of Reactive Programming APIs: A Study on GitHub and Stack Overflow.",Carlos Zimmerle; Kiev Gama; Fernando Castor; José Murilo Mota Filho,https://doi.org/10.1145/3524842.3527966,null,C,no_arxiv,0
2021,IEEE Software,"How Trans-Inclusive Are Hackathons?",Rafa Prado; Wendy Mendes; Kiev Santos da Gama; Gustavo Pinto 0001,https://doi.org/10.1109/MS.2020.3044205,null,J,no_arxiv,0
