2022,Expert Systems Appl.,"An empirical evaluation of machine learning techniques to classify code comprehension based on EEG data.",Lucian José Gonçales; Kleinner Farias; Lucas Silveira Kupssinskü; Matheus Segalotto,https://doi.org/10.1016/j.eswa.2022.117354,null,J,no_arxiv,0
2024,Future Generation CS,"On the impact of event-driven architecture on performance: An exploratory study.",Hebert Cabane; Kleinner Farias,https://doi.org/10.1016/j.future.2023.10.021,null,J,no_arxiv,0
2021,Behaviour & IT,"Using biometric data in software engineering: a systematic mapping study.",Juliano Paulo Menzen; Kleinner Farias; Vinicius Bischoff,https://doi.org/10.1080/0144929X.2020.1734086,null,J,no_arxiv,0
2022,Comput. Stand. Interfaces,"On the effects of continuous delivery on code quality: A case study in industry.",Maluane Rubert; Kleinner Farias,https://doi.org/10.1016/j.csi.2021.103588,null,J,no_arxiv,0
2025,IST,"SmellDSL: A domain-specific language to assist developers in specifying code smell patterns.",Robson Keemps Silva; Kleinner Farias; Rafael Kunst; Carlos Eduardo Carbonera; Willian Bolzan,https://doi.org/10.1016/j.infsof.2025.107760,null,J,no_arxiv,0
2021,IST,"Measuring the cognitive load of software developers: An extended Systematic Mapping Study.",Lucian José Gonçales; Kleinner Farias; Bruno C. da Silva 0002,https://doi.org/10.1016/j.infsof.2021.106563,null,J,no_arxiv,0
2020,JSS,"Effects of contextual information on maintenance effort: A controlled experiment.",Leandro Ferreira D'Avila; Kleinner Farias; Jorge Luis Victória Barbosa,https://doi.org/10.1016/j.jss.2019.110443,null,J,no_arxiv,0
