2025,J. Parallel Distrib. Comput.,"Optimal scheduling algorithms for software-defined radio pipelined and replicated task chains on multicore architectures.",Diane Orhan; Laércio Lima Pilla; Denis Barthou; Adrien Cassagne; Olivier Aumage; Romain Tajan; Christophe Jégo; Camille Leroux,https://doi.org/10.1016/j.jpdc.2025.105106,null,J,no_arxiv,0
2023,J. Parallel Distrib. Comput.,"Optimizing performance and energy across problem sizes through a search space exploration and machine learning.",Lana Scravaglieri; Mihail Popov; Laércio Lima Pilla; Amina Guermouche; Olivier Aumage; Emmanuelle Saillard,https://doi.org/10.1016/j.jpdc.2023.104720,null,J,no_arxiv,0
2023,IEEE TPDS,"Scheduling Algorithms for Federated Learning With Minimal Energy Consumption.",Laércio Lima Pilla,https://doi.org/10.1109/TPDS.2023.3240833,top,J,http://arxiv.org/abs/2209.06210v1,0
2022,Euro-Par,"Exploring Scheduling Algorithms for Parallel Task Graphs: A Modern Game Engine Case Study.",Mustapha Regragui; Baptiste Coye; Laércio Lima Pilla; Raymond Namyst; Denis Barthou,https://doi.org/10.1007/978-3-031-12597-3_7,null,C,no_arxiv,0
2021,J. Parallel Distrib. Comput.,"PackStealLB: A scalable distributed load balancer based on work stealing and workload discretization.",Vinicius Freitas; Laércio Lima Pilla; Alexandre de Limas Santana; Márcio Castro 0001; Johanne Cohen,https://doi.org/10.1016/j.jpdc.2020.12.005,null,J,no_arxiv,0
2021,IPDPS,"Optimal Task Assignment for Heterogeneous Federated Learning Devices.",Laércio Lima Pilla,https://doi.org/10.1109/IPDPS49936.2021.00074,null,C,no_arxiv,0
2020,PDP,"Adaptive Load Balancing based on Machine Learning for Iterative Parallel Applications.",C. R. Anna Victoria Oikawa; Vinicius Freitas; Márcio Castro 0001; Laércio Lima Pilla,https://doi.org/10.1109/PDP50117.2020.00021,null,C,no_arxiv,0
2021,SPE,"ARTful: A model for user-defined schedulers targeting multiple high-performance computing runtime systems.",Alexandre de Limas Santana; Vinicius Freitas; Márcio Castro 0001; Laércio Lima Pilla; Jean-François Méhaut,https://doi.org/10.1002/spe.2977,null,J,no_arxiv,0
2022,IEEE TCAD,"Algorithm Selection Framework for Legalization Using Deep Convolutional Neural Networks and Transfer Learning.",Renan Netto; Sheiny Fabre; Tiago Augusto Fontana; Vinicius S. Livramento; Laércio Lima Pilla; Laleh Behjat; José Luís Güntzel,https://doi.org/10.1109/TCAD.2021.3079126,null,J,no_arxiv,0
