2024,Neurocomputing,"On Representation Learning-based Methods for Effective, Efficient, and Scalable Code Retrieval.",Celso França; Rennan C. Lima; Cláudio M. V. de Andrade; Washington Cunha; Pedro O. S. Vaz de Melo; Berthier A. Ribeiro-Neto; Leonardo Rocha 0001; Rodrygo L. T. Santos; Adriana S. Pagano; Marcos André Gonçalves,https://doi.org/10.1016/j.neucom.2024.128172,null,J,no_arxiv,0
2022,Expert Systems Appl.,"Multi-Armed Bandits in Recommendation Systems: A survey of the state-of-the-art and future directions.",Nícollas Silva; Heitor Werneck; Thiago Silva; Adriano C. M. Pereira; Leonardo Rocha 0001,https://doi.org/10.1016/j.eswa.2022.116669,null,J,no_arxiv,0
2022,Knowledge-Based Syst.,"Balancing the trade-off between accuracy and diversity in recommender systems with personalized explanations based on Linked Open Data.",André L. Zanon; Leonardo Chaves Dutra da Rocha; Marcelo Garcia Manzato,https://doi.org/10.1016/j.knosys.2022.109333,null,J,no_arxiv,0
2021,Expert Systems Appl.,"The matching scarcity problem: When recommenders do not connect the edges in recruitment services.",Alan Cardoso; Fernando Mourão; Leonardo Rocha 0001,https://doi.org/10.1016/j.eswa.2021.114764,null,J,no_arxiv,0
2021,Expert Systems Appl.,"Effective and diverse POI recommendations through complementary diversification models.",Heitor Werneck; Rodrigo Santos; Nícollas Silva; Adriano C. M. Pereira; Fernando Mourão; Leonardo Rocha 0001,https://doi.org/10.1016/j.eswa.2021.114775,null,J,no_arxiv,0
2023,ACM Comput. Surveys,"A Comparative Survey of Instance Selection Methods applied to Non-Neural and Transformer-Based Text Classification.",Washington Cunha; Felipe Viegas; Celso França; Thierson Rosa; Leonardo Rocha 0001; Marcos André Gonçalves,https://doi.org/10.1145/3582000,null,J,no_arxiv,0
2025,ACM TOIS,"A Noise-Oriented and Redundancy-Aware Instance Selection Framework.",Washington Cunha; Alejandro Moreo Fernández; Andrea Esuli; Fabrizio Sebastiani 0001; Leonardo Rocha 0001; Marcos André Gonçalves,https://doi.org/10.1145/3705000,top,J,no_arxiv,0
2022,Inf. Systems,"A reproducible POI recommendation framework: Works mapping and benchmark evaluation.",Heitor Werneck; Nícollas Silva; Adriano C. M. Pereira; Matheus Carvalho Viana; Alejandro Bellogín; Jorge Martínez Gil; Fernando Mourão; Leonardo Rocha 0001,https://doi.org/10.1016/j.is.2022.102019,null,J,no_arxiv,0
2021,Inf. Systems,"Points of Interest recommendations: Methods, evaluation, and future directions.",Heitor Werneck; Nícollas Silva; Matheus Carvalho Viana; Adriano C. M. Pereira; Fernando Mourão; Leonardo Rocha 0001,https://doi.org/10.1016/j.is.2021.101789,null,J,no_arxiv,0
2020,Inf. Systems,"Exploiting semantic relationships for unsupervised expansion of sentiment lexicons.",Felipe Viegas; Mário S. Alvim; Sérgio D. Canuto; Thierson Rosa; Marcos André Gonçalves; Leonardo Rocha 0001,https://doi.org/10.1016/j.is.2020.101606,null,J,no_arxiv,0
2025,WebSci,"Characterizing YouTube's Role in Online Gambling Promotion: A Case Study of Fortune Tiger in Brazil.",Jessica Costa; Geovana Oliveira; Guilherme Fonseca; Davi Reis; Giancarlo Oliveira Teixeira; Washington Cunha; Leonardo Rocha 0001; Carlos H. G. Ferreira 0001,https://doi.org/10.1145/3717867.3717905,null,C,no_arxiv,0
2023,Inf. Process. Mgmt.,"On the class separability of contextual embeddings representations - or The classifier does not matter when the (text) representation is so good!.",Cláudio Moisés Valiense de Andrade; Fabiano Belém; Washington Cunha; Celso França; Felipe Viegas; Leonardo Rocha 0001; Marcos André Gonçalves,https://doi.org/10.1016/j.ipm.2023.103336,null,J,no_arxiv,0
2023,SIGIR,"An Effective, Efficient, and Scalable Confidence-based Instance Selection Framework for Transformer-Based Text Classification.",Washington Cunha; Celso França; Guilherme Fonseca; Leonardo Rocha 0001; Marcos André Gonçalves,https://doi.org/10.1145/3539618.3591638,top,C,no_arxiv,0
2023,SIGIR,"Exploring Scenarios of Uncertainty about the Users' Preferences in Interactive Recommendation Systems.",Nícollas Silva; Thiago Silva; Henrique Hott; Yan Ribeiro; Adriano C. M. Pereira; Leonardo Rocha 0001,https://doi.org/10.1145/3539618.3591684,top,C,no_arxiv,0
2022,SIGIR,"iRec: An Interactive Recommendation Framework.",Thiago Silva; Nícollas Silva; Heitor Werneck; Carlos Mito; Adriano C. M. Pereira; Leonardo Rocha 0001,https://doi.org/10.1145/3477495.3531754,top,C,no_arxiv,0
2021,Inf. Process. Mgmt.,"On the cost-effectiveness of neural and non-neural approaches and representations for text classification: A comprehensive comparative study.",Washington Cunha; Vítor Mangaravite; Christian Gomes; Sérgio D. Canuto; Elaine Resende; Cecilia Nascimento; Felipe Viegas; Celso França; Wellington Santos Martins; Jussara M. Almeida; Thierson Rosa; Leonardo Rocha 0001; Marcos André Gonçalves,https://doi.org/10.1016/j.ipm.2020.102481,null,J,no_arxiv,0
2020,Inf. Process. Mgmt.,"Extended pre-processing pipeline for text classification: On the role of meta-feature representations, sparsification and selective sampling.",Washington Cunha; Sérgio D. Canuto; Felipe Viegas; Thiago Salles; Christian Gomes; Vítor Mangaravite; Elaine Resende; Thierson Rosa; Marcos André Gonçalves; Leonardo Rocha 0001,https://doi.org/10.1016/j.ipm.2020.102263,null,J,no_arxiv,0
2020,CIKM,"Keep it Simple, Lazy - MetaLazy: A New MetaStrategy for Lazy Text Classification.",Luiz Felipe Mendes; Marcos André Gonçalves; Washington Cunha; Leonardo Rocha 0001; Thierson Couto Rosa; Wellington Martins,https://doi.org/10.1145/3340531.3412180,null,C,no_arxiv,0
