2025,Neural Computing Applications,"Empowering few-shot learning: a multimodal optimization framework.",Liriam Enamoto; Geraldo Pereira Rocha Filho; Weigang Li 0001,https://doi.org/10.1007/s00521-024-10780-4,null,J,no_arxiv,0
2024,Expert Systems Appl.,": A novel language agnostic summarization model for text documents.",Ahmed Abdelfattah Saleh; Li Weigang 0001,https://doi.org/10.1016/j.eswa.2023.121433,null,J,no_arxiv,0
2023,Expert Systems Appl.,"Deep self-organizing cube: A novel multi-dimensional classifier for multiple output learning.",Ahmed Abdelfattah Saleh; Li Weigang 0001,https://doi.org/10.1016/j.eswa.2023.120627,null,J,no_arxiv,0
2020,Future Generation CS,"A fog-enabled smart home solution for decision-making using smart objects.",Geraldo P. Rocha Filho; Rodolfo I. Meneguette; Guilherme Maia; Gustavo Pessin; Vinícius P. Gonçalves 0001; Li Weigang 0001; Jó Ueyama; Leandro A. Villas,https://doi.org/10.1016/j.future.2019.09.045,null,J,no_arxiv,0
2021,Multimedia Tools Appl.,"Generic framework for multilingual short text categorization using convolutional neural network.",Liriam Enamoto; Li Weigang 0001; Geraldo P. Rocha Filho,https://doi.org/10.1007/s11042-020-10314-9,null,J,no_arxiv,0
2020,Ad Hoc Networks,"Enhancing intelligence in traffic management systems to aid in vehicle traffic congestion problems in smart cities.",Geraldo P. Rocha Filho; Rodolfo I. Meneguette; José Rodrigues Torres Neto; Alan Valejo; Li Weigang 0001; Jó Ueyama; Gustavo Pessin; Leandro A. Villas,https://doi.org/10.1016/j.adhoc.2020.102265,null,J,no_arxiv,0
