2022,Engineering Appl. of AI,"Energy forecasting model based on CNN-LSTM-AE for many time series with unequal lengths.",Rodney Rick; Lilian Berton,https://doi.org/10.1016/j.engappai.2022.104998,null,J,no_arxiv,0
2022,IEEE Trans. Neural Netw. Learn. Syst.,"Link Prediction Based on Stochastic Information Diffusion.",Didier A. Vega-Oliveros; Liang Zhao 0001; Anderson Rocha 0001; Lilian Berton,https://doi.org/10.1109/TNNLS.2021.3053263,top,J,no_arxiv,0
2021,Applied Soft Comput.,"Topic detection and sentiment analysis in Twitter content related to COVID-19 from Brazil and the USA.",Klaifer Garcia; Lilian Berton,https://doi.org/10.1016/j.asoc.2020.107057,null,J,no_arxiv,0
2021,Inf. Sciences,"Deep analysis of word sense disambiguation via semi-supervised learning and neural word representations.",José Márcio Duarte; Samuel Bruno da Silva Sousa; Evangelos E. Milios; Lilian Berton,https://doi.org/10.1016/j.ins.2021.04.006,null,J,no_arxiv,0
2020,PRL,"Identifying noisy labels with a transductive semi-supervised leave-one-out filter.",Bruno Klaus de Aquino Afonso; Lilian Berton,https://doi.org/10.1016/j.patrec.2020.09.024,null,J,no_arxiv,0
