2024,EMSE,"Towards automatic labeling of exception handling bugs: A case study of 10 years bug-fixing in Apache Hadoop.",Antônio da Silva; Renan Gomes Vieira; Diego P. P. Mesquita; João Paulo Pordeus Gomes; Lincoln S. Rocha,https://doi.org/10.1007/s10664-024-10494-0,null,J,no_arxiv,0
2023,ICSA,"A Pub/Sub-Based Mechanism for Inter-Component Exception Notification in Android Applications.",Fabiano Freitas; Lincoln S. Rocha; Paulo Henrique M. Maia,https://doi.org/10.1109/ICSA56044.2023.00018,null,C,no_arxiv,0
2022,EMSE,"The role of bug report evolution in reliable fixing estimation.",Renan Gomes Vieira; César Lincoln C. Mattos; Lincoln S. Rocha; João Paulo Pordeus Gomes; Matheus Paixão,https://doi.org/10.1007/s10664-022-10213-7,null,J,no_arxiv,0
2022,ESEM,"Bayesian Analysis of Bug-Fixing Time using Report Data.",Renan Gomes Vieira; Diego Mesquita; César Lincoln C. Mattos; Ricardo Britto 0001; Lincoln S. Rocha; João Gomes 0002,https://doi.org/10.1145/3544902.3546256,null,C,no_arxiv,0
2022,ICSME,"Dazed and Confused: Studying the Prevalence of Atoms of Confusion in Long-Lived Java Libraries.",Wendell Mendes; Oton Pinheiro; Emanuele Santos; Lincoln S. Rocha; Windson Viana,https://doi.org/10.1109/ICSME55016.2022.00018,null,C,no_arxiv,0
2021,EMSE,"Assessing exception handling testing practices in open-source libraries.",Luan P. Lima; Lincoln S. Rocha; Carla I. M. Bezerra; Matheus Paixão,https://doi.org/10.1007/s10664-021-09983-3,null,J,no_arxiv,0
