2021,Euro-Par,"A Fault Tolerant and Deadline Constrained Sequence Alignment Application on Cloud-Based Spot GPU Instances.",Rafaela C. Brum; Walisson P. Sousa; Alba C. M. A. Melo; Cristiana Bentes; Maria Clicia Stelling de Castro; Lúcia Maria de A. Drummond,https://doi.org/10.1007/978-3-030-85665-6_20,null,C,no_arxiv,0
2020,Future Generation CS,"Using machine learning techniques to analyze the performance of concurrent kernel execution on GPUs.",Pablo Carvalho; Esteban Clua; Aline Paes; Cristiana Bentes; Bruno Lopes 0001; Lúcia Maria de A. Drummond,https://doi.org/10.1016/j.future.2020.07.038,null,J,no_arxiv,0
2025,Concurr. & Computation,"Optimized Execution of a Numerical Weather Forecast Model in a Cloud Cluster.",Mateus S. de Melo; Roberto Pinto Souto; Lúcia M. A. Drummond,https://doi.org/10.1002/cpe.8374,null,J,no_arxiv,0
2024,Concurr. & Computation,"Design and analyses of web scraping on burstable virtual machines.",Lúcia Maria de Assumpção Drummond; Luciano Andrade; Pedro de Brito Muniz; Matheus Marotti Pereira; Thiago do Prado Silva; Luan Teylo,https://doi.org/10.1002/cpe.7999,null,J,no_arxiv,0
2023,Concurr. & Computation,"Optimizing computational costs of Spark for SARS-CoV-2 sequences comparisons on a commercial cloud.",Alan L. Nunes; Alba C. M. A. Melo; Claude Tadonki; Cristina Boeres; Daniel de Oliveira 0001; Lúcia Maria de Assumpção Drummond,https://doi.org/10.1002/cpe.7678,null,J,no_arxiv,0
2023,IEEE Trans. Cloud Comp.,"Scheduling Bag-of-Tasks in Clouds Using Spot and Burstable Virtual Machines.",Luan Teylo; Luciana Arantes; Pierre Sens 0001; Lúcia Maria de A. Drummond,https://doi.org/10.1109/TCC.2021.3125426,top,J,no_arxiv,0
2023,CloudCom,"MScheduler: Leveraging Spot Instances for High-Performance Reservoir Simulation in the Cloud.",Felipe Albuquerque Portella; Paulo J. B. Estrela; Renzo Q. Malini; Luan Teylo; Josep Lluís Berral; Lúcia M. A. Drummond,https://doi.org/10.1109/CloudCom59040.2023.00028,null,C,no_arxiv,0
2021,CCGrid,"Comparing SARS-CoV-2 Sequences using a Commercial Cloud with a Spot Instance Based Dynamic Scheduler.",Luan Teylo; Alan L. Nunes; Alba C. M. A. Melo; Cristina Boeres; Lúcia Maria de A. Drummond; Natália Florencio Martins,https://doi.org/10.1109/CCGrid51090.2021.00034,null,C,no_arxiv,0
