2024,Engineering Appl. of AI,"A multivariate method for detecting and characterizing the changes in responses of sensors when extreme outliers arise.",Marcos Wander Rodrigues; Luis Enrique Zárate,https://doi.org/10.1016/j.engappai.2024.108424,null,J,no_arxiv,0
2023,Expert Systems Appl.,"CSSE - An agnostic method of counterfactual, selected, and social explanations for classification models.",Marcelo de Sousa Balbino; Luis Enrique Zárate Gálvez; Cristiane Neri Nobre,https://doi.org/10.1016/j.eswa.2023.120373,null,J,no_arxiv,0
2019,Expert Systems Appl.,"Classifying longevity profiles through longitudinal data mining.",Caio Eduardo Ribeiro; Luis Enrique Zárate,https://doi.org/10.1016/j.eswa.2018.09.035,null,J,no_arxiv,0
2019,J. Computational Biology,"A Fast Parallel K-Modes Algorithm for Clustering Nucleotide Sequences to Predict Translation Initiation Sites.",Guilherme Torres Castro; Luis Enrique Zárate; Cristiane Neri Nobre; Henrique C. Freitas,https://doi.org/10.1089/cmb.2018.0245,null,J,no_arxiv,0
2019,Behaviour & IT,"Identification and characterisation of Facebook user profiles considering interaction aspects.",Pedro Henrique Batista Ruas da Silveira; Alan D. Machado; Michelle C. Silva; Magali R. G. Meireles; Ana Maria Pereira Cardoso; Luis E. Zárate; Cristiane Neri Nobre,https://doi.org/10.1080/0144929X.2019.1566498,null,J,no_arxiv,0
2021,Inf. Sciences,"Triadic concept approximation.",Kaio H. A. Ananias; Rokia Missaoui; Pedro H. B. Ruas; Luis E. Zárate; Mark A. J. Song,https://doi.org/10.1016/j.ins.2021.04.064,null,J,no_arxiv,0
2022,PR,"Impact of metrics on biclustering solution and quality: A review.",Marta D. M. Noronha; Rui Henriques; Sara C. Madeira; Luis E. Zárate,https://doi.org/10.1016/j.patcog.2022.108612,null,J,no_arxiv,0
