2023,J. Computational Biology,"A Barrier for Further Approximating Sorting by Transpositions.",Luiz Augusto G. Silva; Luis Antonio Brasil Kowada; Maria Emília M. T. Walter,https://doi.org/10.1089/cmb.2023.0138,null,J,http://arxiv.org/abs/2304.13996v4,0
2023,Discrete Mathematics,"On total coloring the direct product of cycles and bipartite direct product of graphs.",Diane Castonguay; Celina M. H. de Figueiredo; Luis Antonio Brasil Kowada; Caroline Reis Patrão; Diana Sasaki,https://doi.org/10.1016/j.disc.2023.113340,null,J,no_arxiv,0
2021,Theor. Comput. Sci.,"A computational complexity comparative study of graph tessellation problems.",Alexandre Santiago de Abreu; Luís Felipe I. Cunha; Celina M. H. de Figueiredo; Luis Antonio Brasil Kowada; Franklin L. Marquezino; Renato Portugal; Daniel Posner,https://doi.org/10.1016/j.tcs.2020.11.045,null,J,no_arxiv,0
2020,Discrete Applied Math.,"On the computational complexity of closest genome problems.",Luís Felipe I. Cunha; Pedro Feijão; Vinícius Fernandes dos Santos; Luis Antonio Brasil Kowada; Celina M. H. de Figueiredo,https://doi.org/10.1016/j.dam.2019.04.002,null,J,no_arxiv,0
2020,Theor. Comput. Sci.,"The graph tessellation cover number: Chromatic bounds, efficient algorithms and hardness.",Alexandre Santiago de Abreu; Luís Felipe I. Cunha; Celina M. H. de Figueiredo; Luis Antonio Brasil Kowada; Franklin L. Marquezino; Daniel Posner; Renato Portugal,https://doi.org/10.1016/j.tcs.2019.09.013,null,J,no_arxiv,0
