2023,Expert Systems Appl.,"Automatic speech recognition of Portuguese phonemes using neural networks ensemble.",Nadia Nedjah; Alejandra Bonilla; Luiza de Macedo Mourelle,https://doi.org/10.1016/j.eswa.2023.120378,null,J,no_arxiv,0
2021,Applied Soft Comput.,"Communication optimization for efficient dynamic task allocation in swarm robotics.",Nadia Nedjah; Luigi Maciel Ribeiro; Luiza de Macedo Mourelle,https://doi.org/10.1016/j.asoc.2021.107297,null,J,no_arxiv,0
2020,Expert Systems Appl.,"Simultaneous localization and mapping using swarm intelligence based methods.",Nadia Nedjah; Luiza de Macedo Mourelle; Pedro Jorge Albuquerque de Oliveira,https://doi.org/10.1016/j.eswa.2020.113547,null,J,no_arxiv,0
2020,Soft Computing,"A novel metaheuristic inspired by Hitchcock birds' behavior for efficient optimization of large search spaces of high dimensionality.",Reinaldo Gomes Morais; Nadia Nedjah; Luiza de Macedo Mourelle,https://doi.org/10.1007/s00500-019-04102-3,null,J,no_arxiv,0
2024,Supercomputing,"Dedicated hardware design for efficient quantum computations using classical logic gates.",Nadia Nedjah; Sérgio de Souza Raposo; Luiza de Macedo Mourelle,https://doi.org/10.1007/s11227-023-05687-1,null,J,no_arxiv,0
2019,Inf. Sciences,"Efficient fingerprint matching on smart cards for high security and privacy in smart systems.",Nadia Nedjah; Rafael Soares Wyant; Luiza de Macedo Mourelle; Brij B. Gupta,https://doi.org/10.1016/j.ins.2017.12.038,null,J,no_arxiv,0
2020,Multimedia Tools Appl.,"Detection and classification of pulmonary nodules using deep learning and swarm intelligence.",Cesar Affonso de Pinho Pinheiro; Nadia Nedjah; Luiza de Macedo Mourelle,https://doi.org/10.1007/s11042-019-7473-z,null,J,no_arxiv,0
