2023,Future Generation CS,"An SMDP approach for Reinforcement Learning in HPC cluster schedulers.",Renato Luiz de Freitas Cunha; Luiz Chaimowicz,https://doi.org/10.1016/j.future.2022.09.025,null,J,no_arxiv,0
2020,MASCOTS,"Towards a common environment for learning scheduling algorithms.",Renato Luiz de Freitas Cunha; Luiz Chaimowicz,https://doi.org/10.1109/MASCOTS50786.2020.9285940,null,C,no_arxiv,0
2024,IROS,"Communication-Constrained Multi-Robot Exploration with Intermittent Rendezvous.",Alysson Ribeiro Da Silva; Luiz Chaimowicz; Thales C. Silva; M. Ani Hsieh,https://doi.org/10.1109/IROS58592.2024.10802343,null,C,no_arxiv,0
2023,Autonomous Robots,"HeRo 2.0: a low-cost robot for swarm robotics research.",Paulo A. F. Rezeck; Héctor Azpúrua; Maurício F. S. Corrêa; Luiz Chaimowicz,https://doi.org/10.1007/s10514-023-10100-0,null,J,no_arxiv,0
2022,IEEE RA-L,"Chemistry-Inspired Pattern Formation With Robotic Swarms.",Paulo A. F. Rezeck; Luiz Chaimowicz,https://doi.org/10.1109/LRA.2022.3190638,null,J,no_arxiv,0
2021,J. Intelligent & Robotic Syst.,"Cooperative Localization and Mapping with Robotic Swarms.",Anderson Grandi Pires; Paulo A. F. Rezeck; Rodrigo Chaves; Douglas G. Macharet; Luiz Chaimowicz,https://doi.org/10.1007/s10846-021-01397-z,null,J,no_arxiv,0
2021,ICRA,"Flocking-Segregative Swarming Behaviors using Gibbs Random Fields.",Paulo A. F. Rezeck; Renato M. Assunção; Luiz Chaimowicz,https://doi.org/10.1109/ICRA48506.2021.9561412,null,C,no_arxiv,0
2021,IROS,"Cooperative Object Transportation using Gibbs Random Fields.",Paulo A. F. Rezeck; Renato M. Assunção; Luiz Chaimowicz,https://doi.org/10.1109/IROS51168.2021.9635928,null,C,http://arxiv.org/abs/2109.13734v1,0
