2025,CHI,"A Critical Analysis of Machine Learning Eco-feedback Tools through the Lens of Sustainable HCI.",Sinem Görücü; Luiz Augusto de Macêdo Morais; Georgia Panagiotidou,https://doi.org/10.1145/3706598.3713198,top,C,no_arxiv,0
2024,CHI,"From Exploration to End of Life: Unpacking Sustainability in Physicalization Practices.",Luiz Morais; Georgia Panagiotidou; Sarah Hayes; Tatiana Losev; Rebecca Noonan; Uta Hinrichs,https://doi.org/10.1145/3613904.3642248,top,C,http://arxiv.org/abs/2402.09860v1,0
2023,CHI,"Designing Resource Allocation Tools to Promote Fair Allocation: Do Visualization and Information Framing Matter?",Arnav Verma; Luiz Augusto de Macêdo Morais; Pierre Dragicevic; Fanny Chevalier,https://doi.org/10.1145/3544548.3580739,top,C,no_arxiv,0
2021,CHI,"Can Anthropographics Promote Prosociality?A Review and Large-Sample Study.",Luiz Augusto de Macêdo Morais; Yvonne Jansen; Nazareno Andrade; Pierre Dragicevic,https://doi.org/10.1145/3411764.3445637,top,C,no_arxiv,0
2024,IEEE TVCG,"Challenges and Opportunities in Data Visualization Education: A Call to Action.",Benjamin Bach; Mandy Keck; Fateme Rajabiyazdi; Tatiana Losev; Isabel Meirelles; Jason Dykes; Robert S. Laramee; Mashael AlKadi; Christina Stoiber; Samuel Huron; Charles Perin; Luiz Morais; Wolfgang Aigner; Doris Kosminsky; Magdalena Boucher; Søren Knudsen; Areti Manataki; Jan Aerts; Uta Hinrichs; Jonathan C. Roberts; Sheelagh Carpendale,https://doi.org/10.1109/TVCG.2023.3327378,top,J,http://arxiv.org/abs/2308.07703v1,0
2022,Computer Graphics Forum,"Exploring How Visualization Design and Situatedness Evoke Compassion in the Wild.",Luiz Morais; Nazareno Andrade; D. Sousa,https://doi.org/10.1111/cgf.14553,null,J,no_arxiv,0
2022,IEEE TVCG,"Showing Data About People: A Design Space of Anthropographics.",Luiz Augusto de Macêdo Morais; Yvonne Jansen; Nazareno Andrade; Pierre Dragicevic,https://doi.org/10.1109/TVCG.2020.3023013,top,J,no_arxiv,0
