2025,IEEE Trans. Net. Service  Mgmt.,"ML-Based Handover Prediction Over a Real O-RAN Deployment Using RAN Intelligent Controller.",Merim Dzaferagic; Bruno Missi Xavier; Diarmuid Collins; Vince D'Onofrio; Magnos Martinello; Marco Ruffini,https://doi.org/10.1109/TNSM.2024.3468910,null,J,no_arxiv,0
2024,Computer Networks,"Performance measurement dataset for open RAN with user mobility and security threats.",Bruno Missi Xavier; Merim Dzaferagic; Magnos Martinello; Marco Ruffini,https://doi.org/10.1016/j.comnet.2024.110710,null,J,no_arxiv,0
2024,IEEE Trans. Net. Service  Mgmt.,"PoT-PolKA: Let the Edge Control the Proof-of-Transit in Path-Aware Networks.",Everson Scherrer Borges; Magnos Martinello; Vitor Berger Bonella; Abraão Jesus Dos Santos; Roberta L. Gomes; Cristina K. Dominicini; Rafael Silva Guimarães; Gabriel Tetzner Menegueti; Marinho P. Barcellos; Marco Ruffini,https://doi.org/10.1109/TNSM.2024.3389457,null,J,no_arxiv,0
2022,IEEE Trans. Net. Service  Mgmt.,"Chaining-Box: A Transparent Service Function Chaining Architecture Leveraging BPF.",Matheus S. Castanho; Cristina K. Dominicini; Magnos Martinello; Marcos A. M. Vieira,https://doi.org/10.1109/TNSM.2021.3122135,null,J,no_arxiv,0
2022,IEEE Trans. Net. Service  Mgmt.,"M-PolKA: Multipath Polynomial Key-Based Source Routing for Reliable Communications.",Rafael S. Guimarães; Cristina K. Dominicini; Victor M. Garcia Martinez; Bruno Missi Xavier; Diego R. Mafioletti; Ana C. Locateli; Rodolfo da Silva Villaça; Magnos Martinello; Moisés R. N. Ribeiro,https://doi.org/10.1109/TNSM.2022.3160875,null,J,no_arxiv,0
2022,IEEE Trans. Net. Service  Mgmt.,"MAP4: A Pragmatic Framework for In-Network Machine Learning Traffic Classification.",Bruno Missi Xavier; Rafael Silva Guimarães; Giovanni Comarela; Magnos Martinello,https://doi.org/10.1109/TNSM.2022.3212913,null,J,no_arxiv,0
2021,IEEE Trans. Net. Service  Mgmt.,"REPEL: A Strategic Approach for Defending 5G Control Plane From DDoS Signalling Attacks.",Renato Souza Silva; Carlos Colman Meixner; Rafael S. Guimarães; Thierno Diallo; Borja O. Garcia; Luís F. M. de Moraes; Magnos Martinello,https://doi.org/10.1109/TNSM.2020.3035342,null,J,no_arxiv,0
2021,INFOCOM,"Programmable Switches for in-Networking Classification.",Bruno Missi Xavier; Rafael Silva Guimarães; Giovanni Comarela; Magnos Martinello,https://doi.org/10.1109/INFOCOM42981.2021.9488840,null,C,no_arxiv,0
2020,Computer Networks,"KeySFC: Traffic steering using strict source routing for dynamic and efficient network orchestration.",Cristina K. Dominicini; Gilmar L. Vassoler; Rodolfo V. Valentim; Rodolfo da Silva Villaça; Moisés R. N. Ribeiro; Magnos Martinello; Eduardo Zambon,https://doi.org/10.1016/j.comnet.2019.106975,null,J,no_arxiv,0
2020,Computer Comm.,"ProgLab: Programmable labels for QoS provisioning on software defined networks.",Wallas Froes; Lucas Santos; Leobino N. Sampaio; Magnos Martinello; Alextian B. Liberato; Rodolfo da Silva Villaça,https://doi.org/10.1016/j.comcom.2020.07.026,null,J,no_arxiv,0
