2024,Future Generation CS,"MAS-Cloud+: A novel multi-agent architecture with reasoning models for resource management in multiple providers.",Aldo H. D. Mendes; Michel J. F. Rosa; Marcelo Antonio Marotta; Aletéia P. F. Araújo; Alba C. M. A. Melo; Célia Ghedini Ralha,https://doi.org/10.1016/j.future.2023.12.022,null,J,no_arxiv,0
2024,UCC,"A Cost-Efficient Resource Allocation for Fog Computing with Users and Providers Perspective.",João Bachiega Jr.; Breno G. S. Costa; Michel J. F. Rosa; Leonardo R. Carvalho; Marcelo Antonio Marotta; Aleteia Araujo; Rajkumar Buyya,https://doi.org/10.1109/UCC63386.2024.00011,null,C,no_arxiv,0
2025,Computer Networks,"Minimizing unavailability in Elastic Optical Networks: Pre-provisioning and provisioning protection strategy using DLP and DPP.",Paulo José S. Júnior; Lucas Rodrigues Costa; André C. Drummond; Marcelo Antonio Marotta,https://doi.org/10.1016/j.comnet.2024.110928,null,J,no_arxiv,0
2024,NOMS,"SWPTMAC: Sleep Wake-up Power Transfer MAC Protocol.",Luan Borges Dos Santos; Geraldo Pereira Rocha Filho; Lucas Bondan; Marcos Fagundes Caetano; Aletéia P. F. Araújo; Marcelo Antonio Marotta,https://doi.org/10.1109/NOMS59830.2024.10575420,null,C,no_arxiv,0
2022,IEEE Trans. Net. Service  Mgmt.,"Optimized Solutions for Deploying a Militarized 4G/LTE Network With Maximum Coverage and Minimum Interference.",Emerson de O. Antunes; Marcos F. Caetano; Marcelo Antonio Marotta; Aletéia P. F. Araújo; Lucas Bondan; Rodolfo I. Meneguette; Geraldo P. Rocha Filho,https://doi.org/10.1109/TNSM.2022.3160376,null,J,no_arxiv,0
2021,IEEE Trans. Net. Service  Mgmt.,"A New Method for Flow-Based Network Intrusion Detection Using the Inverse Potts Model.",Camila F. T. Pontes; Manuela M. C. de Souza; João J. C. Gondim; Matt Bishop; Marcelo Antonio Marotta,https://doi.org/10.1109/TNSM.2021.3075503,null,J,no_arxiv,0
2021,IEEE Trans. Net. Service  Mgmt.,"Abnormal Behavior Detection Based on Traffic Pattern Categorization in Mobile Networks.",Jonathan M. DeAlmeida; Camila F. T. Pontes; Luiz A. DaSilva; Cristiano Bonato Both; João J. C. Gondim; Célia Ghedini Ralha; Marcelo Antonio Marotta,https://doi.org/10.1109/TNSM.2021.3125019,null,J,no_arxiv,0
2021,IM,"On the Transition of Legacy Networks to SDN - An Analysis on the Impact of Deployment Time, Number, and Location of Controllers.",Diogo Ferreira Thé Pontes; Marcos Fagundes Caetano; Geraldo Pereira Rocha Filho; Lisandro Zambenedetti Granville; Marcelo Antonio Marotta,https://ieeexplore.ieee.org/document/9464046,null,C,no_arxiv,0
