2022,Supercomputing,"Recommendations for a smart toy parental control tool.",Otávio de Paula Albuquerque; Marcelo Fantinato; Patrick C. K. Hung; Sarajane Marques Peres; Farkhund Iqbal; Umair Rehman; Muhammad Umair Shah,https://doi.org/10.1007/s11227-022-04319-4,null,J,no_arxiv,0
2022,Comput. Stand. Interfaces,"A visual approach for identification and annotation of business process elements in process descriptions.",Leonardo Silva Rosa; Thanner Soares Silva; Marcelo Fantinato; Lucinéia Heloisa Thom,https://doi.org/10.1016/j.csi.2021.103601,null,J,no_arxiv,0
2021,BigData,"Visualization for enabling human-in-the-loop in trace clustering-based process mining tasks.",Thais Rodrigues Neubauer; Glaucia Pamponet Sobrinho; Marcelo Fantinato; Sarajane Marques Peres,https://doi.org/10.1109/BigData52589.2021.9671985,null,C,no_arxiv,0
2024,Data & Knowl. Eng.,"Integrated detection and localization of concept drifts in process mining with batch and stream trace clustering support.",Rafael Gaspar de Sousa; Antonio Carlos Meira Neto; Marcelo Fantinato; Sarajane Marques Peres; Hajo Alexander Reijers,https://doi.org/10.1016/j.datak.2023.102253,null,J,no_arxiv,0
2023,Inf. Systems,"BPMN-Sim: A multilevel structural similarity technique for BPMN process models.",Marcia Tavares Garcia; Marina Macedo Nunes; Marcelo Fantinato; Sarajane Marques Peres; Lucinéia Heloisa Thom,https://doi.org/10.1016/j.is.2023.102211,null,J,no_arxiv,0
2023,Inf. Systems,"X-Processes: Process model discovery with the best balance among fitness, precision, simplicity, and generalization through a genetic algorithm.",Marcelo Fantinato; Sarajane Marques Peres; Hajo A. Reijers,https://doi.org/10.1016/j.is.2023.102247,null,J,no_arxiv,0
2021,EDOC,"X-Processes: Discovering More Accurate Business Process Models with a Genetic Algorithms Method.",Marcelo Fantinato; Sarajane Marques Peres; Hajo A. Reijers,https://doi.org/10.1109/EDOC52215.2021.00022,null,C,no_arxiv,0
2023,SoSyM,"Guidelines to derive an evalue business model from a BPMN process model: an experiment on real-world scenarios.",Isaac da Silva Torres; Marcelo Fantinato; Gabriela Musse Branco; Jaap Gordijn,https://doi.org/10.1007/s10270-022-01074-1,null,J,no_arxiv,0
