2023,Expert Systems Appl.,"Analysis of neural networks trained with evolutionary algorithms for the classification of breast cancer histological images.",João Pedro Miranda Miguel; Leandro Alves Neves; Alessandro Santana Martins; Marcelo Zanchetta do Nascimento; Thaína Aparecida Azevedo Tosta,https://doi.org/10.1016/j.eswa.2023.120609,null,J,no_arxiv,0
2022,Expert Systems Appl.,"Computational analysis of histological images from hematoxylin and eosin-stained oral epithelial dysplasia tissue sections.",Adriano Barbosa-Silva; Alessandro Santana Martins; Thaína Aparecida Azevedo Tosta; Leandro Alves Neves; João Paulo Silva Servato; Marcelo Sivieri de Araújo; Paulo Rogério de Faria; Marcelo Zanchetta do Nascimento,https://doi.org/10.1016/j.eswa.2021.116456,null,J,no_arxiv,0
2022,Expert Systems Appl.,"Classification of non-Hodgkin lymphomas based on sample entropy signatures.",Guilherme Botazzo Rozendo; Marcelo Zanchetta do Nascimento; Guilherme Freire Roberto; Paulo Rogério de Faria; Adriano Barbosa-Silva; Thaína Aparecida Azevedo Tosta; Leandro Alves Neves,https://doi.org/10.1016/j.eswa.2022.117238,null,J,no_arxiv,0
2021,Expert Systems Appl.,"Fractal Neural Network: A new ensemble of fractal geometry and convolutional neural networks for the classification of histology images.",Guilherme Freire Roberto; Alessandra Lumini; Leandro Alves Neves; Marcelo Zanchetta do Nascimento,https://doi.org/10.1016/j.eswa.2020.114103,null,J,no_arxiv,0
2019,Expert Systems Appl.,"Classification of colorectal cancer based on the association of multidimensional and multiresolution features.",Matheus Gonçalves Ribeiro; Leandro Alves Neves; Marcelo Zanchetta do Nascimento; Guilherme Freire Roberto; Alessandro Santana Martins; Thaína Aparecida Azevedo Tosta,https://doi.org/10.1016/j.eswa.2018.11.034,null,J,no_arxiv,0
2020,IEEE BIBM,"Selection of CNN, Haralick and Fractal Features Based on Evolutionary Algorithms for Classification of Histological Images.",David Candelero; Guilherme Freire Roberto; Marcelo Zanchetta do Nascimento; Guilherme Botazzo Rozendo; Leandro Alves Neves,https://doi.org/10.1109/BIBM49941.2020.9313328,null,C,no_arxiv,0
2020,IEEE BIBM,"Segmentation of Oral Epithelial Dysplasias Employing Mask R-CNN and Color Normalization.",Adriano Barbosa-Silva; Dalí F. D. dos Santos; Thaína A. A. Tosta; Alessandro Santana Martins; Leandro Alves Neves; Bruno A. N. Travençolo; Paulo Rogério de Faria; Marcelo Zanchetta do Nascimento,https://doi.org/10.1109/BIBM49941.2020.9313101,null,C,no_arxiv,0
2020,IEEE BIBM,"Multidimensional and multiscale Higuchi dimension for the analysis of colorectal histological images.",Jaqueline Junko Tenguam; Guilherme Botazzo Rozendo; Guilherme Freire Roberto; Marcelo Zanchetta do Nascimento; Alessandro Santana Martins; Leandro Alves Neves,https://doi.org/10.1109/BIBM49941.2020.9313575,null,C,no_arxiv,0
2024,Multimedia Tools Appl.,"Hybrid models for classifying histological images: An association of deep features by transfer learning with ensemble classifier.",Cléber I. De Oliveira; Marcelo Zanchetta do Nascimento; Guilherme Freire Roberto; Thaína A. A. Tosta; Alessandro Santana Martins; Leandro Alves Neves,https://doi.org/10.1007/s11042-023-16351-4,null,J,no_arxiv,0
2022,Multimedia Tools Appl.,"Face emotions: improving emotional skills in individuals with autism.",Adilmar Coelho Dantas; Marcelo Zanchetta do Nascimento,https://doi.org/10.1007/s11042-022-12810-6,null,J,no_arxiv,0
2019,Computers & Graphics,"Classification of breast and colorectal tumors based on percolation of color normalized images.",Guilherme Freire Roberto; Marcelo Zanchetta do Nascimento; Alessandro Santana Martins; Thaína A. A. Tosta; Paulo Rogério de Faria; Leandro Alves Neves,https://doi.org/10.1016/j.cag.2019.08.008,null,J,no_arxiv,0
