2024,Applied Soft Comput.,"A Grammar-based multi-objective neuroevolutionary algorithm to generate fully convolutional networks with novel topologies.",Thiago Zafalon Miranda; Diorge Brognara Sardinha; Ferrante Neri; Márcio P. Basgalupp; Ricardo Cerri,https://doi.org/10.1016/j.asoc.2023.110967,null,J,no_arxiv,0
2024,Applied Soft Comput.,"Automated CNN optimization using multi-objective grammatical evolution.",Cleber A. C. F. da Silva; Daniel Carneiro Rosa; Péricles B. C. de Miranda; Tapas Si; Ricardo Cerri; Márcio P. Basgalupp,https://doi.org/10.1016/j.asoc.2023.111124,null,J,no_arxiv,0
2020,GECCO,"A study on graph representations for genetic programming.",Léo Françoso Dal Piccol Sotto; Paul Kaufmann; Timothy Atkinson 0001; Roman Kalkreuth; Márcio Porto Basgalupp,https://doi.org/10.1145/3377930.3390234,null,C,no_arxiv,0
2019,Applied Soft Comput.,"Inducing Hierarchical Multi-label Classification rules with Genetic Algorithms.",Ricardo Cerri; Márcio P. Basgalupp; Rodrigo C. Barros; André C. P. L. F. de Carvalho,https://doi.org/10.1016/j.asoc.2019.01.017,null,J,no_arxiv,0
2021,Inf. Sciences,"Beyond global and local multi-target learning.",Márcio P. Basgalupp; Ricardo Cerri; Leander Schietgat; Isaac Triguero; Celine Vens,https://doi.org/10.1016/j.ins.2021.08.022,null,J,no_arxiv,0
