2023,J. Parallel Distrib. Comput.,"Improving concurrency and memory usage in distributed operating systems for lightweight manycores via cooperative time-sharing lightweight tasks.",João Vicente Souto; Márcio Castro 0001,https://doi.org/10.1016/j.jpdc.2022.12.006,null,J,no_arxiv,0
2021,J. Parallel Distrib. Comput.,"PackStealLB: A scalable distributed load balancer based on work stealing and workload discretization.",Vinicius Freitas; Laércio Lima Pilla; Alexandre de Limas Santana; Márcio Castro 0001; Johanne Cohen,https://doi.org/10.1016/j.jpdc.2020.12.005,null,J,no_arxiv,0
2021,J. Parallel Distrib. Comput.,"Inter-kernel communication facility of a distributed operating system for NoC-based lightweight manycores.",Pedro Henrique Penna; João Vicente Souto; João Fellipe Uller; Márcio Castro 0001; Henrique C. Freitas; Jean-François Méhaut,https://doi.org/10.1016/j.jpdc.2021.04.002,null,J,no_arxiv,0
2020,PDP,"Adaptive Load Balancing based on Machine Learning for Iterative Parallel Applications.",C. R. Anna Victoria Oikawa; Vinicius Freitas; Márcio Castro 0001; Laércio Lima Pilla,https://doi.org/10.1109/PDP50117.2020.00021,null,C,no_arxiv,0
2025,Concurr. & Computation,"Dynamic Load Balancing in Kubernetes Environments With Kubernetes Scheduling Extension (KSE).",Pedro Moritz de Carvalho Neto; Márcio Castro 0001; Frank Siqueira,https://doi.org/10.1002/cpe.8344,null,J,no_arxiv,0
2024,Concurr. & Computation,"Enabling the execution of HPC applications on public clouds with  toolkit.",Vanderlei Munhoz; Márcio Castro 0001,https://doi.org/10.1002/cpe.7976,null,J,no_arxiv,0
2023,Concurr. & Computation,"LWMPI: An MPI library for NoC-based lightweight manycore processors with on-chip memory constraints.",João Fellipe Uller; João Vicente Souto; Pedro Henrique Penna; Márcio Castro 0001; Henrique Cota de Freitas; Jean-François Méhaut,https://doi.org/10.1002/cpe.6693,null,J,no_arxiv,0
2021,Real-Time Syst.,"Dynamic power management under the RUN scheduling algorithm: a slack filling approach.",Lais Borin; George Lima 0001; Márcio Castro 0001; Patricia Della Méa Plentz,https://doi.org/10.1007/s11241-021-09367-2,null,J,no_arxiv,0
2021,SPE,"ARTful: A model for user-defined schedulers targeting multiple high-performance computing runtime systems.",Alexandre de Limas Santana; Vinicius Freitas; Márcio Castro 0001; Laércio Lima Pilla; Jean-François Méhaut,https://doi.org/10.1002/spe.2977,null,J,no_arxiv,0
