2024,IEEE BIBM,"Bridging Accuracy and Efficiency: The Role of PINNs in Immune Response Simulations.",Thiago E. Fernandes; Rodrigo Weber dos Santos; Marcelo Lobosco,https://doi.org/10.1109/BIBM62325.2024.10822444,null,C,no_arxiv,0
2024,IEEE BIBM,"A mathematical model of the innate immunological response to Brucella infection.",João Víctor Costa De Oliveira; Carlos Cristiano Hasenclever Borges; Leonardo Augusto De Almeida; Marcelo Lobosco,https://doi.org/10.1109/BIBM62325.2024.10822621,null,C,no_arxiv,0
2021,IEEE BIBM,"Modelling the Human Immune System Response to the ChAdOx1 nCoV-19 Vaccine.",Maicom Peters Xavier; Lara Turetta Pompei; Ana Carolina G. de O. Vieira; Matheus Avila Moreira de Paula; Carla Rezende Barbosa Bonin; Ruy Freitas Reis; Alexandre Bittencourt Pigozzo; Bárbara de Melo Quintela; Rodrigo Weber dos Santos; Marcelo Lobosco,https://doi.org/10.1109/BIBM52615.2021.9669278,null,C,no_arxiv,0
2020,BMC Bioinformatics,"Validation of a yellow fever vaccine model using data from primary vaccination in children and adults, re-vaccination and dose-response in adults and studies with immunocompromised individuals.",Carla Rezende Barbosa Bonin; Guilherme Côrtes Fernandes; Reinaldo de Menezes Martins; Luiz Antonio Bastos Camacho; Andréa Teixeira-Carvalho; Lícia Maria Henrique da Mota; Sheila Maria Barbosa de Lima; Ana Carolina Campi-Azevedo; Olindo Assis Martins-Filho; Rodrigo Weber dos Santos; Marcelo Lobosco,https://doi.org/10.1186/s12859-020-03845-3,null,J,no_arxiv,0
2020,IEEE BIBM,"Uncertain Quantification of Immunological Memory to Yellow Fever Virus.",Larissa de L. e Silva; Maicom Peters Xavier; Rodrigo Weber dos Santos; Marcelo Lobosco; Ruy Freitas Reis,https://doi.org/10.1109/BIBM49941.2020.9313282,null,C,no_arxiv,0
2020,IEEE BIBM,"A simplified model of the Human Immune System response to the COVID-19.",Maicom Peters Xavier; Ruy Freitas Reis; Rodrigo Weber dos Santos; Marcelo Lobosco,https://doi.org/10.1109/BIBM49941.2020.9313418,null,C,no_arxiv,0
