2024,Computers & OR,"Obtaining the Grundy chromatic number: How bad can my greedy heuristic coloring be?",Mateus C. Silva; Rafael A. Melo; Mauricio G. C. Resende; Marcio Costa Santos; Rodrigo F. Toso,https://doi.org/10.1016/j.cor.2024.106703,null,J,no_arxiv,0
2022,Computers & OR,"New formulations and branch-and-cut procedures for the longest induced path problem.",Ruslán G. Marzo; Rafael A. Melo; Celso C. Ribeiro; Marcio Costa Santos,https://doi.org/10.1016/j.cor.2021.105627,null,J,no_arxiv,0
2021,Computers & OR,"Extended formulation and valid inequalities for the multi-item inventory lot-sizing problem with supplier selection.",Leopoldo Eduardo Cárdenas-Barrón; Rafael A. Melo; Marcio Costa Santos,https://doi.org/10.1016/j.cor.2021.105234,null,J,no_arxiv,0
2021,EJOR,"A matheuristic approach for the b-coloring problem using integer programming and a multi-start multi-greedy randomized metaheuristic.",Rafael A. Melo; Michell F. Queiroz; Marcio Costa Santos,https://doi.org/10.1016/j.ejor.2021.02.049,null,J,no_arxiv,0
2020,Annals OR,"Robust inventory theory with perishable products.",Marcio Costa Santos; Agostinho Agra; Michael Poss,https://doi.org/10.1007/s10479-019-03264-5,null,J,no_arxiv,0
