2021,Neurocomputing,"Exploring multiobjective training in multiclass classification.",Marcos M. Raimundo; Thalita F. Drumond; Alan Caio R. Marques; Christiano Lyra; Anderson Rocha 0001; Fernando J. Von Zuben,https://doi.org/10.1016/j.neucom.2020.12.087,null,J,no_arxiv,0
2024,Data Min. Knowl. Discov.,"Mining Pareto-optimal counterfactual antecedents with a branch-and-bound model-agnostic algorithm.",Marcos M. Raimundo; Luis Gustavo Nonato; Jorge Poco,https://doi.org/10.1007/s10618-022-00906-4,null,J,no_arxiv,0
2023,Data Min. Knowl. Discov.,"Enforcing fairness using ensemble of diverse Pareto-optimal models.",Vitória Guardieiro; Marcos M. Raimundo; Jorge Poco,https://doi.org/10.1007/s10618-023-00922-y,null,J,no_arxiv,0
2022,IEEE TVCG,"CriPAV: Street-Level Crime Patterns Analysis and Visualization.",Germain Garcia Zanabria; Marcos M. Raimundo; Jorge Poco; Marcelo Batista Nery; Cláudio T. Silva; Sergio Adorno; Luis Gustavo Nonato,https://doi.org/10.1109/TVCG.2021.3111146,top,J,no_arxiv,0
2020,EJOR,"An extension of the non-inferior set estimation algorithm for many objectives.",Marcos M. Raimundo; Paulo A. V. Ferreira; Fernando J. Von Zuben,https://doi.org/10.1016/j.ejor.2019.11.017,null,J,no_arxiv,0
