2022,Knowledge-Based Syst.,"Safety-Stock: Predicting the demand for supplies in Brazilian hospitals during the COVID-19 pandemic.",Oilson Alberto Gonzatto Junior; Diego Carvalho do Nascimento; Cibele Maria Russo; Marcos Jardel Henriques; Caio Paziani Tomazella; Maristela Oliveira Santos; Denis Neves; Diego Assad; Rafaela Guerra; Evelyn Keise Bertazo; José Alberto Cuminato; Francisco Louzada 0001,https://doi.org/10.1016/j.knosys.2022.108753,null,J,no_arxiv,0
2024,J Comb Opt,"Models for two-dimensional bin packing problems with customer order spread.",Mateus Martin; Horacio Hideki Yanasse; Maristela Oliveira Santos; Reinaldo Morabito,https://doi.org/10.1007/s10878-024-01201-2,null,J,no_arxiv,0
2022,ITOR,"A mixed integer programming model and solution method for the operation of an integrated water supply system.",Maristela Oliveira Santos; Edilaine Martins Soler; Marcos Furlan; José C. M. Vieira,https://doi.org/10.1111/itor.12813,null,J,no_arxiv,0
2021,JORS,"MIP approaches for a lot sizing and scheduling problem on multiple production lines with scarce resources, temporary workstations, and perishable products.",Willy Alves de Oliveira Soler; Maristela Oliveira Santos; Kerem Akartunali,https://doi.org/10.1080/01605682.2019.1640588,null,J,no_arxiv,0
2020,EJOR,"Pattern-based models and a cooperative parallel metaheuristic for high school timetabling problems.",Landir Saviniec; Maristela Oliveira Santos; Alysson M. Costa; Lana Mara Rodrigues dos Santos,https://doi.org/10.1016/j.ejor.2019.08.001,null,J,no_arxiv,0
2020,JORS,"Models for the two-dimensional level strip packing problem - a review and a computational evaluation.",Vanessa M. R. Bezerra; Aline Aparecida de Souza Leão; José Fernando Oliveira; Maristela Oliveira Santos,https://doi.org/10.1080/01605682.2019.1578914,null,J,no_arxiv,0
