2022,Inf. Sciences,"How to build high quality L2R training data: Unsupervised compression-based selective sampling for learning to rank.",Rodrigo M. Silva; Guilherme C. M. Gomes; Mário S. Alvim; Marcos André Gonçalves,https://doi.org/10.1016/j.ins.2022.04.012,null,J,no_arxiv,0
2020,Inf. Systems,"Exploiting semantic relationships for unsupervised expansion of sentiment lexicons.",Felipe Viegas; Mário S. Alvim; Sérgio D. Canuto; Thierson Rosa; Marcos André Gonçalves; Leonardo Rocha 0001,https://doi.org/10.1016/j.is.2020.101606,null,J,no_arxiv,0
2023,LMCS,"A Formal Model for Polarization under Confirmation Bias in Social Networks.",Mário S. Alvim; Bernardo Amorim; Sophia Knight; Santiago Quintero; Frank Valencia,https://doi.org/10.46298/lmcs-19(1:18)2023,null,J,http://arxiv.org/abs/2112.09542v5,0
2019,Theor. Comput. Sci.,"An axiomatization of information flow measures.",Mário S. Alvim; Konstantinos Chatzikokolakis 0001; Annabelle McIver; Carroll Morgan; Catuscia Palamidessi; Geoffrey Smith 0001,https://doi.org/10.1016/j.tcs.2018.10.016,null,J,no_arxiv,0
2024,CCS,"The Privacy-Utility Trade-off in the Topics API.",Mário S. Alvim; Natasha Fernandes; Annabelle McIver; Gabriel H. Nunes,https://doi.org/10.1145/3658644.3670368,top,C,no_arxiv,0
2023,CCS,"A Novel Analysis of Utility in Privacy Pipelines, Using Kronecker Products and Quantitative Information Flow.",Mário S. Alvim; Natasha Fernandes; Annabelle McIver; Carroll Morgan; Gabriel Henrique Nunes,https://doi.org/10.1145/3576915.3623081,top,C,http://arxiv.org/abs/2308.11110v2,0
2023,CSF,"Analyzing the Shuffle Model Through the Lens of Quantitative Information Flow.",Mireya Jurado; Ramon G. Gonze; Mário S. Alvim; Catuscia Palamidessi,https://doi.org/10.1109/CSF57540.2023.00033,null,C,http://arxiv.org/abs/2305.13075v1,0
2022,ACM Trans. Privacy & Security,"Information Leakage Games: Exploring Information as a Utility Function.",Mário S. Alvim; Konstantinos Chatzikokolakis 0001; Yusuke Kawamoto 0001; Catuscia Palamidessi,https://doi.org/10.1145/3517330,top,J,http://arxiv.org/abs/2012.12060v3,0
2020,CONCUR,"On Privacy and Accuracy in Data Releases (Invited Paper).",Mário S. Alvim; Natasha Fernandes; Annabelle McIver; Gabriel Henrique Nunes,https://doi.org/10.4230/LIPIcs.CONCUR.2020.1,null,C,no_arxiv,0
