2024,IEEE Trans. Net. Service  Mgmt.,"PoT-PolKA: Let the Edge Control the Proof-of-Transit in Path-Aware Networks.",Everson Scherrer Borges; Magnos Martinello; Vitor Berger Bonella; Abraão Jesus Dos Santos; Roberta L. Gomes; Cristina K. Dominicini; Rafael Silva Guimarães; Gabriel Tetzner Menegueti; Marinho P. Barcellos; Marco Ruffini,https://doi.org/10.1109/TNSM.2024.3389457,null,J,no_arxiv,0
2024,IEEE/ACM Trans. Networking,"Analyzing Remote Peering Deployment and Its Implications for Internet Routing.",Fabrício M. Mazzola; Augusto Setti; Pedro de B. Marcos; Marinho P. Barcellos,https://doi.org/10.1109/TNET.2024.3375898,top,J,no_arxiv,0
2024,IMC,"The Age of DDoScovery: An Empirical Comparison of Industry and Academic DDoS Assessments.",Raphael Hiesgen; Marcin Nawrocki; Marinho P. Barcellos; Daniel Kopp; Oliver Hohlfeld; Echo Chan; Roland Dobbins; Christian Doerr; Christian Rossow; Daniel R. Thomas; Mattijs Jonker; Ricky K. P. Mok; Xiapu Luo; John Kristoff; Thomas C. Schmidt; Matthias Wählisch; kc claffy,https://doi.org/10.1145/3646547.3688451,top,C,http://arxiv.org/abs/2410.11708v2,0
2022,CoNEXT,"Light, camera, actions: characterizing the usage of IXPs' action BGP communities.",Fabrício M. Mazzola; Pedro de B. Marcos; Marinho P. Barcellos,https://doi.org/10.1145/3555050.3569143,null,C,no_arxiv,0
2022,PAM,"On the Latency Impact of Remote Peering.",Fabrício M. Mazzola; Pedro de B. Marcos; Ignacio Castro; Matthew Luckie; Marinho P. Barcellos,https://doi.org/10.1007/978-3-030-98785-5_16,null,C,no_arxiv,0
2021,IEEE/ACM Trans. Networking,"Dynamic Property Enforcement in Programmable Data Planes.",Miguel C. Neves; Bradley Huffaker; Kirill Levchenko; Marinho P. Barcellos,https://doi.org/10.1109/TNET.2021.3068339,top,J,no_arxiv,0
2020,Computer Networks,"Spoofed traffic inference at IXPs: Challenges, methods and analysis.",Lucas F. Müller; Matthew Luckie; Bradley Huffaker; kc claffy; Marinho P. Barcellos,https://doi.org/10.1016/j.comnet.2020.107452,null,J,no_arxiv,0
