2022,Future Generation CS,"An edge-fog architecture for distributed 3D reconstruction.",Vinicius F. Vidal; Leonardo de Mello Honório; Milena F. Pinto; Mario A. R. Dantas; Maria Júlia Aguiar; Miriam A. M. Capretz,https://doi.org/10.1016/j.future.2022.04.015,null,J,no_arxiv,0
2019,Future Generation CS,"A conceptual model for quality of experience management to provide context-aware eHealth services.",Madalena Pereira da Silva; Alexandre Leopoldo Gonçalves; Mário Antônio Ribeiro Dantas,https://doi.org/10.1016/j.future.2019.07.033,null,J,no_arxiv,0
2024,ACM Comput. Surveys,"Intelligent Edge-powered Data Reduction: A Systematic Literature Review.",Laércio Pioli; Douglas D. J. de Macedo; Daniel G. Costa; Mario A. R. Dantas,https://doi.org/10.1145/3656338,null,J,no_arxiv,0
2022,J. Grid Comput.,"A Blockchain-Based Architecture for Trust in Collaborative Scientific Experimentation.",Raiane Coelho; Regina Braga 0001; José Maria N. David; Victor Ströele; Fernanda Campos; Mario A. R. Dantas,https://doi.org/10.1007/s10723-022-09626-x,null,J,no_arxiv,0
2020,UCC,"An Approach Adopting Ethereum as a Wallet Domain Name System within the Economy of Things Context.",Bruno Machado Agostinho; Fellipe Bratti Pasini; Fernanda Oliveira Gomes; Alex Sandro Roschildt Pinto; Mário Antônio Ribeiro Dantas,https://doi.org/10.1109/UCC48980.2020.00036,null,C,no_arxiv,0
2019,J. Network Computer App.,"An approach for SDN traffic monitoring based on big data techniques.",Wander Queiroz; Miriam A. M. Capretz; Mario A. R. Dantas,https://doi.org/10.1016/j.jnca.2019.01.016,null,J,no_arxiv,0
2021,Robotica,"ARCog: An Aerial Robotics Cognitive Architecture.",Milena F. Pinto; Leonardo de Mello Honório; André L. M. Marcato; Mario A. R. Dantas; Aurelio G. Melo; Miriam A. M. Capretz; Cristina Urdiales,https://doi.org/10.1017/S0263574720000521,null,J,no_arxiv,0
