2022,Engineering Appl. of AI,"A framework for designing power-efficient inference accelerators in tree-based learning applications.",Brunno Abreu; Mateus Grellert; Sergio Bampi,https://doi.org/10.1016/j.engappai.2021.104638,null,J,no_arxiv,0
2022,IEEE TCAS,"C2PAx: Complexity-Aware Constant Parameter Approximation for Energy-Efficient Tree-Based Machine Learning Accelerators.",Brunno Alves Abreu; Guilherme Paim; Mateus Grellert; Sergio Bampi,https://doi.org/10.1109/TCSI.2022.3169028,top,J,no_arxiv,0
2021,DATE,"Logic Synthesis Meets Machine Learning: Trading Exactness for Generalization.",Shubham Rai; Walter Lau Neto; Yukio Miyasaka; Xinpei Zhang; Mingfei Yu; Qingyang Yi; Masahiro Fujita; Guilherme B. Manske; Matheus F. Pontes; Leomar S. da Rosa; Marilton S. de Aguiar; Paulo F. Butzen; Po-Chun Chien; Yu-Shan Huang; Hoa-Ren Wang; Jie-Hong R. Jiang; Jiaqi Gu 0002; Zheng Zhao 0003; Zixuan Jiang; David Z. Pan; Brunno A. Abreu; Isac de Souza Campos; Augusto Andre Souza Berndt; Cristina Meinhardt; Jônata Tyska Carvalho; Mateus Grellert; Sergio Bampi; Aditya Lohana; Akash Kumar 0001; Wei Zeng 0015; Azadeh Davoodi; Rasit Onur Topaloglu; Yuan Zhou; Jordan Dotzel; Yichi Zhang 0006; Hanyu Wang 0005; Zhiru Zhang; Valerio Tenace; Pierre-Emmanuel Gaillardon; Alan Mishchenko; Satrajit Chatterjee,https://doi.org/10.23919/DATE51398.2021.9473972,null,C,http://arxiv.org/abs/2012.02530v2,0
2019,IEEE TCAS,"Quality and Energy-Aware HEVC Transrating Based on Machine Learning.",Thiago Luiz Alves Bubolz; Ruhan A. Conceição; Mateus Grellert; Luciano Agostini; Bruno Zatt; Guilherme Corrêa 0001,https://doi.org/10.1109/TCSI.2019.2903978,top,J,no_arxiv,0
2019,IEEE TCSVT,"Fast Coding Unit Partition Decision for HEVC Using Support Vector Machines.",Mateus Grellert; Bruno Zatt; Sergio Bampi; Luís Alberto da Silva Cruz,https://doi.org/10.1109/TCSVT.2018.2849941,null,J,no_arxiv,0
