2023,IEEE TPAMI,"Text-Driven Video Acceleration: A Weakly-Supervised Reinforcement Learning Method.",Washington L. S. Ramos; Michel Melo Silva; Edson R. Araujo; Victor Moura; Keller Oliveira; Leandro Soriano Marcolino; Erickson R. Nascimento,https://doi.org/10.1109/TPAMI.2022.3157198,top,J,no_arxiv,0
2023,PRL,"A multimodal hyperlapse method based on video and songs' emotion alignment.",Diognei de Matos; Washington L. S. Ramos; Michel Melo Silva; Luiz Romanhol; Erickson R. Nascimento,https://doi.org/10.1016/j.patrec.2022.08.014,null,J,no_arxiv,0
2021,IEEE TPAMI,"A Sparse Sampling-Based Framework for Semantic Fast-Forward of First-Person Videos.",Michel Melo Silva; Washington L. S. Ramos; Mario F. M. Campos; Erickson R. Nascimento,https://doi.org/10.1109/TPAMI.2020.2983929,top,J,no_arxiv,0
2020,CVPR,"Straight to the Point: Fast-Forwarding Videos via Reinforcement Learning Using Textual Data.",Washington L. S. Ramos; Michel Melo Silva; Edson R. Araujo; Leandro Soriano Marcolino; Erickson Rangel do Nascimento,https://openaccess.thecvf.com/content_CVPR_2020/html/Ramos_Straight_to_the_Point_Fast-Forwarding_Videos_via_Reinforcement_Learning_Using_CVPR_2020_paper.html,top,C,no_arxiv,0
2020,WACV,"Personalizing Fast-Forward Videos Based on Visual and Textual Features from Social Network.",Washington L. S. Ramos; Michel Melo Silva; Edson R. Araujo; Alan C. Neves; Erickson R. Nascimento,https://doi.org/10.1109/WACV45572.2020.9093330,null,C,no_arxiv,0
