2023,Annals OR,"Coercivity and generalized proximal algorithms: application - traveling around the world.",Erik Alex Papa Quiroz; Antoine Soubeyran; Paulo Roberto Oliveira,https://doi.org/10.1007/s10479-022-04725-0,null,J,no_arxiv,0
2020,Annals OR,"A generalized proximal linearized algorithm for DC functions with application to the optimal size of the firm problem.",João Xavier da Cruz Neto; Paolo Roberto Oliveira; Antoine Soubeyran; João Carlos de Oliveira Souza,https://doi.org/10.1007/s10479-018-3104-8,null,J,no_arxiv,0
2020,Comp Opt Appl,"A modified proximal point method for DC functions on Hadamard manifolds.",Yldenilson Torres Almeida; João Xavier da Cruz Neto; Paulo Roberto Oliveira; João Carlos de Oliveira Souza,https://doi.org/10.1007/s10589-020-00173-3,null,J,no_arxiv,0
2019,J Opt Th Appl,"Computing Riemannian Center of Mass on Hadamard Manifolds.",Glaydston de Carvalho Bento; Sandro Dimy Barbosa Bitar; João Xavier da Cruz Neto; Paulo Roberto Oliveira; João Carlos de Oliveira Souza,https://doi.org/10.1007/s10957-019-01580-1,null,J,no_arxiv,0
2019,J Opt Th Appl,"A Linear Scalarization Proximal Point Method for Quasiconvex Multiobjective Minimization.",Erik Alex Papa Quiroz; Hellena Christina Fernandes Apolinário; Kely Diana V. Villacorta; Paulo Roberto Oliveira,https://doi.org/10.1007/s10957-019-01582-z,null,J,http://arxiv.org/abs/1510.00461v1,0
