2021,Briefings in Bioinfo.,"TERL: classification of transposable elements by convolutional neural networks.",Murilo Horacio Pereira da Cruz; Douglas Silva Domingues; Priscila Tiemi Maeda Saito; Alexandre Rossi Paschoal; Pedro Henrique Bugatti,https://doi.org/10.1093/bib/bbaa185,null,J,no_arxiv,0
2024,Multimedia Tools Appl.,"Soybean seed vigor classification through an effective image learning-based approach.",Marcelo Souza; William C. Horikoshi; Priscila T. M. Saito; Pedro Henrique Bugatti,https://doi.org/10.1007/s11042-023-15804-0,null,J,no_arxiv,0
2024,Multimedia Tools Appl.,"Automatic generation of difficulty maps for datasets using neural network.",Silvio Ricardo Rodrigues Sanches; Elton Custódio Junior; Cléber Gimenez Corrêa; Claiton de Oliveira; Valdinei Freire; Priscila Tiemi Maeda Saito; Pedro Henrique Bugatti,https://doi.org/10.1007/s11042-024-18271-3,null,J,no_arxiv,0
2022,Multimedia Tools Appl.,"Method for selecting representative videos for change detection datasets.",Claudinei M. Silva; Katharina A. I. Rosa; Pedro Henrique Bugatti; Priscila T. M. Saito; Cléber Gimenez Corrêa; Roberto Sadao Yokoyama; Silvio Ricardo Rodrigues Sanches,https://doi.org/10.1007/s11042-021-11640-2,null,J,no_arxiv,0
2022,Multimedia Tools Appl.,"Pedestrian traffic lights and crosswalk identification.",Ronaldo S. Moura; Silvio Ricardo Rodrigues Sanches; Pedro Henrique Bugatti; Priscila T. M. Saito,https://doi.org/10.1007/s11042-022-12222-6,null,J,no_arxiv,0
