2024,Neurocomputing,"On Representation Learning-based Methods for Effective, Efficient, and Scalable Code Retrieval.",Celso França; Rennan C. Lima; Cláudio M. V. de Andrade; Washington Cunha; Pedro O. S. Vaz de Melo; Berthier A. Ribeiro-Neto; Leonardo Rocha 0001; Rodrygo L. T. Santos; Adriana S. Pagano; Marcos André Gonçalves,https://doi.org/10.1016/j.neucom.2024.128172,null,J,no_arxiv,0
2021,NAACL-HLT,"Why Do Document-Level Polarity Classifiers Fail?",Karen S. Martins; Pedro O. S. Vaz de Melo; Rodrygo L. T. Santos,https://doi.org/10.18653/v1/2021.naacl-main.143,null,C,no_arxiv,0
2022,ACM TKDD,"Assessing Large-Scale Power Relations among Locations from Mobility Data.",Lucas Santos de Oliveira; Pedro Olmo Stancioli Vaz de Melo; Aline Carneiro Viana,https://doi.org/10.1145/3470770,top,J,no_arxiv,0
2020,ECML/PKDD,"Networked Point Process Models Under the Lens of Scrutiny.",Guilherme R. Borges; Flavio V. D. de Figueiredo; Renato M. Assunção; Pedro O. S. Vaz de Melo,https://doi.org/10.1007/978-3-030-67658-2_12,null,C,no_arxiv,0
2020,ACM TOMM,"Random Playlists Smoothly Commuting Between Styles.",Marcos A. de Almeida; Carolina Coimbra Vieira; Pedro Olmo Stancioli Vaz de Melo; Renato Martins Assunção,https://doi.org/10.1145/3361742,top,J,no_arxiv,0
2024,WWW,"Unraveling the Dynamics of Stable and Curious Audiences in Web Systems.",Rodrigo Alves; Antoine Ledent; Renato Assunção; Pedro O. S. Vaz de Melo; Marius Kloft,https://doi.org/10.1145/3589334.3645473,top,C,no_arxiv,0
2020,WWW,"Facebook Ads Monitor: An Independent Auditing System for Political Ads on Facebook.",Márcio Silva; Lucas Santos de Oliveira; Athanasios Andreou; Pedro Olmo Stancioli Vaz de Melo; Oana Goga; Fabrício Benevenuto,https://doi.org/10.1145/3366423.3380109,top,C,http://arxiv.org/abs/2001.10581v2,0
2022,Ad Hoc Networks,"SocialRoute: A low-cost opportunistic routing strategy based on social contacts.",Augusto C. S. A. Domingues; Henrique de Souza Santana; Fabrício A. Silva; Pedro O. S. Vaz de Melo; Antonio A. F. Loureiro,https://doi.org/10.1016/j.adhoc.2022.102949,null,J,no_arxiv,0
