2024,Computers & OR,"A flexible variable neighbourhood search algorithm for different variants of the Electric Vehicle Routing Problem.",André L. S. Souza; Marcella Papini; Puca Huachi Vaz Penna; Marcone J. F. Souza,https://doi.org/10.1016/j.cor.2024.106713,null,J,no_arxiv,0
2022,JORS,"Scheduling the Brazilian OR conference.",Rubens Correia; Anand Subramanian 0001; Teobaldo Bulhões; Puca Huachi Vaz Penna,https://doi.org/10.1080/01605682.2021.1915194,null,J,no_arxiv,0
2022,Opt Letters,"Bi-objective optimization model for the heterogeneous dynamic dial-a-ride problem with no rejects.",André L. S. Souza; Marcella Bernardo; Puca Huachi Vaz Penna; Jürgen Pannek; Marcone J. F. Souza,https://doi.org/10.1007/s11590-020-01698-6,null,J,no_arxiv,0
2020,Computers & OR,"MineReduce: An approach based on data mining for problem size reduction.",Marcelo Rodrigues de Holanda Maia; Alexandre Plastino 0001; Puca Huachi Vaz Penna,https://doi.org/10.1016/j.cor.2020.104995,null,J,http://arxiv.org/abs/2005.07415v2,0
2020,ITOR,"A variable neighborhood search for flying sidekick traveling salesman problem.",Júlia Cária de Freitas; Puca Huachi Vaz Penna,https://doi.org/10.1111/itor.12671,null,J,http://arxiv.org/abs/1804.03954v2,0
