2023,Engineering Appl. of AI,"One-class learning for fake news detection through multimodal variational autoencoders.",Marcos Paulo Silva Gôlo; Mariana Caravanti de Souza; Rafael Geraldeli Rossi; Solange Oliveira Rezende; Bruno Magalhães Nogueira 0001; Ricardo Marcondes Marcacini,https://doi.org/10.1016/j.engappai.2023.106088,null,J,no_arxiv,0
2022,Machine Learning,"A network-based positive and unlabeled learning approach for fake news detection.",Mariana Caravanti de Souza; Bruno Magalhães Nogueira 0001; Rafael Geraldeli Rossi; Ricardo Marcondes Marcacini; Brucce Neves dos Santos; Solange Oliveira Rezende,https://doi.org/10.1007/s10994-021-06111-6,null,J,no_arxiv,0
2021,Inf. Sciences,"A graph-based approach for positive and unlabeled learning.",Julio César Carnevali; Rafael Geraldeli Rossi; Evangelos E. Milios; Alneu de Andrade Lopes,https://doi.org/10.1016/j.ins.2021.08.099,null,J,no_arxiv,0
2022,IST,"Detecting relevant app reviews for software evolution and maintenance through multimodal one-class learning.",Marcos P. S. Gôlo; Adailton Ferreira Araujo; Rafael Geraldeli Rossi; Ricardo M. Marcacini,https://doi.org/10.1016/j.infsof.2022.106998,null,J,no_arxiv,0
2020,PRL,"A two-stage regularization framework for heterogeneous event networks.",Brucce Neves dos Santos; Rafael Geraldeli Rossi; Solange Oliveira Rezende; Ricardo Marcondes Marcacini,https://doi.org/10.1016/j.patrec.2020.08.019,null,J,no_arxiv,0
