2022,Neurocomputing,"ELFpm: A machine learning framework for industrial machines prediction of remaining useful life.",Jovani Dalzochio; Rafael Kunst; Jorge Luis Victória Barbosa; Henrique Damasceno Vianna; Gabriel de Oliveira Ramos; Edison Pignaton; Alécio P. D. Binotto; Jose Favilla,https://doi.org/10.1016/j.neucom.2022.09.083,null,J,no_arxiv,0
2019,Engineering Appl. of AI,"Improving devices communication in Industry 4.0 wireless networks.",Rafael Kunst; Leandro Avila; Alécio P. D. Binotto; Edison Pignaton; Sergio Bampi; Juergen Rochol,https://doi.org/10.1016/j.engappai.2019.04.014,null,J,no_arxiv,0
2023,ACM Comput. Surveys,"Predictive Maintenance in the Military Domain: A Systematic Review of the Literature.",Jovani Dalzochio; Rafael Kunst; Jorge Luis Victória Barbosa; Pedro Clarindo da Silva Neto; Edison Pignaton; Carla Schwengber ten Caten; Alex de Lima Teodoro da Penha,https://doi.org/10.1145/3586100,null,J,no_arxiv,0
2021,Computer Networks,"Q-FANET: Improved Q-learning based routing protocol for FANETs.",Luis Antonio Leite Francisco da Costa; Rafael Kunst; Edison Pignaton de Freitas,https://doi.org/10.1016/j.comnet.2021.108379,null,J,no_arxiv,0
2019,Ad Hoc Networks,"An IoT-based smart cities infrastructure architecture applied to a waste management scenario.",Patric Marques; Diogo Manfroi; Eduardo Deitos; Jonatan Cegoni; Rodrigo Castilhos; Juergen Rochol; Edison Pignaton; Rafael Kunst,https://doi.org/10.1016/j.adhoc.2018.12.009,null,J,no_arxiv,0
2023,J. Field Robotics,"A systematic literature review of flying ad hoc networks: State-of-the-art, challenges, and perspectives.",Faezeh Pasandideh; João P. J. da Costa; Rafael Kunst; Wibowo Hardjawana; Edison Pignaton de Freitas,https://doi.org/10.1002/rob.22157,null,J,no_arxiv,0
