2022,Neurocomputing,"ELFpm: A machine learning framework for industrial machines prediction of remaining useful life.",Jovani Dalzochio; Rafael Kunst; Jorge Luis Victória Barbosa; Henrique Damasceno Vianna; Gabriel de Oliveira Ramos; Edison Pignaton; Alécio P. D. Binotto; Jose Favilla,https://doi.org/10.1016/j.neucom.2022.09.083,null,J,no_arxiv,0
2023,ACM Comput. Surveys,"Predictive Maintenance in the Military Domain: A Systematic Review of the Literature.",Jovani Dalzochio; Rafael Kunst; Jorge Luis Victória Barbosa; Pedro Clarindo da Silva Neto; Edison Pignaton; Carla Schwengber ten Caten; Alex de Lima Teodoro da Penha,https://doi.org/10.1145/3586100,null,J,no_arxiv,0
2021,Computer Networks,"Q-FANET: Improved Q-learning based routing protocol for FANETs.",Luis Antonio Leite Francisco da Costa; Rafael Kunst; Edison Pignaton de Freitas,https://doi.org/10.1016/j.comnet.2021.108379,null,J,no_arxiv,0
2023,J. Field Robotics,"A systematic literature review of flying ad hoc networks: State-of-the-art, challenges, and perspectives.",Faezeh Pasandideh; João P. J. da Costa; Rafael Kunst; Wibowo Hardjawana; Edison Pignaton de Freitas,https://doi.org/10.1002/rob.22157,null,J,no_arxiv,0
2025,IST,"SmellDSL: A domain-specific language to assist developers in specifying code smell patterns.",Robson Keemps Silva; Kleinner Farias; Rafael Kunst; Carlos Eduardo Carbonera; Willian Bolzan,https://doi.org/10.1016/j.infsof.2025.107760,null,J,no_arxiv,0
