2024,Computers & OR,"Mathematical models and exact algorithms for the Colored Bin Packing Problem.",Yulle G. F. Borges; Rafael C. S. Schouery; Flávio Keidi Miyazawa,https://doi.org/10.1016/j.cor.2023.106527,null,J,http://arxiv.org/abs/2305.15291v1,0
2024,J Comb Opt,"Algorithms for the bin packing problem with scenarios.",Yulle G. F. Borges; Vinícius Loti de Lima; Flávio Keidi Miyazawa; Lehilton L. C. Pedrosa; Thiago Alves de Queiroz; Rafael C. S. Schouery,https://doi.org/10.1007/s10878-024-01221-y,null,J,http://arxiv.org/abs/2305.15351v1,0
2023,Computers & OR,"Budget-balanced and strategy-proof auctions for ridesharing.",Leonardo Y. Schwarzstein; Rafael C. S. Schouery,https://doi.org/10.1016/j.cor.2022.106094,null,J,no_arxiv,0
2023,J Comb Opt,"Tight bounds for the price of anarchy and stability in sequential transportation games.",Francisco J. M. da Silva; Flávio Keidi Miyazawa; Ieremies V. F. Romero; Rafael C. S. Schouery,https://doi.org/10.1007/s10878-023-01073-y,null,J,http://arxiv.org/abs/2007.08726v1,0
2020,ITOR,"Smart energy pricing for demand-side management in renewable energy smart grids.",Yulle G. F. Borges; Rafael C. S. Schouery; Flávio Keidi Miyazawa; Fabrizio Granelli; Nelson L. S. da Fonseca; Lucas P. Melo,https://doi.org/10.1111/itor.12747,null,J,no_arxiv,0
2023,Discrete Applied Math.,"Graphs without gap-vertex-labellings: Families and bounds.",Celso A. Weffort-Santos; Rafael C. S. Schouery,https://doi.org/10.1016/j.dam.2023.06.036,null,J,no_arxiv,0
2023,Discrete Applied Math.,"On gap-labellings of some families of graphs.",C. A. Weffort-Santos; C. N. Campos; Rafael C. S. Schouery,https://doi.org/10.1016/j.dam.2023.07.020,null,J,no_arxiv,0
2021,Algorithmica,"Computing the Largest Bond and the Maximum Connected Cut of a Graph.",Gabriel L. Duarte; Hiroshi Eto; Tesshu Hanaka; Yasuaki Kobayashi; Yusuke Kobayashi 0001; Daniel Lokshtanov; Lehilton L. C. Pedrosa; Rafael C. S. Schouery; Uéverton S. Souza,https://doi.org/10.1007/s00453-020-00789-1,null,J,http://arxiv.org/abs/2007.04513v1,0
