2023,J. Parallel Distrib. Comput.,"Evaluating execution time predictions on GPU kernels using an analytical model and machine learning techniques.",Marcos Amaris; Raphael Y. de Camargo; Daniel Cordeiro; Alfredo Goldman; Denis Trystram,https://doi.org/10.1016/j.jpdc.2022.09.002,null,J,no_arxiv,0
2022,J. Parallel Distrib. Comput.,"Improving the performance of batch schedulers using online job runtime classification.",Salah Zrigui; Raphael Y. de Camargo; Arnaud Legrand; Denis Trystram,https://doi.org/10.1016/j.jpdc.2022.01.003,null,J,no_arxiv,0
2019,Concurrency and Computation,"A hybrid CPU-GPU-MIC algorithm for minimal hitting set enumeration.",Danilo Carastan-Santos; David Correa Martins Jr.; Siang W. Song; Luiz C. S. Rozante; Raphael Y. de Camargo,https://doi.org/10.1002/cpe.5087,null,J,no_arxiv,0
2019,Euro-Par,"PLB-HAC: Dynamic Load-Balancing for Heterogeneous Accelerator Clusters.",Luis Sant'Ana; Daniel Cordeiro; Raphael Y. de Camargo,https://doi.org/10.1007/978-3-030-29400-7_15,null,C,no_arxiv,0
2022,CCGrid,"Predicting Dengue Outbreaks with Explainable Machine Learning.",Robson Aleixo; Fabio Kon; Rudi Rocha; Marcela Santos Camargo; Raphael Y. de Camargo,https://doi.org/10.1109/CCGrid54584.2022.00114,null,C,no_arxiv,0
2019,CCGrid,"One Can Only Gain by Replacing EASY Backfilling: A Simple Scheduling Policies Case Study.",Danilo Carastan-Santos; Raphael Y. de Camargo; Denis Trystram; Salah Zrigui,https://doi.org/10.1109/CCGRID.2019.00010,null,C,no_arxiv,0
2019,CCGrid,"Real-Time Scheduling Policy Selection from Queue and Machine States.",Luis Sant'Ana; Danilo Carastan-Santos; Daniel Cordeiro; Raphael Y. de Camargo,https://doi.org/10.1109/CCGRID.2019.00052,null,C,no_arxiv,0
