2022,AAAI,"Top-Down Deep Clustering with Multi-Generator GANs.",Daniel P. M. de Mello; Renato M. Assunção; Fabricio Murai,https://doi.org/10.1609/aaai.v36i7.20745,top,C,no_arxiv,0
2023,SDM,"Fisher Scoring Method for Neural Networks Optimization.",Jackson de Faria; Renato Assunção; Fabricio Murai,https://doi.org/10.1137/1.9781611977653.ch84,null,C,no_arxiv,0
2020,ECML/PKDD,"Networked Point Process Models Under the Lens of Scrutiny.",Guilherme R. Borges; Flavio V. D. de Figueiredo; Renato M. Assunção; Pedro O. S. Vaz de Melo,https://doi.org/10.1007/978-3-030-67658-2_12,null,C,no_arxiv,0
2019,JMLR,"Bayesian Space-Time Partitioning by Sampling and Pruning Spanning Trees.",Leonardo Vilela Teixeira; Renato M. Assunção; Rosangela Helena Loschi,https://jmlr.org/papers/v20/16-615.html,top,J,no_arxiv,0
2019,ACM TKDD,"In Search of a Stochastic Model for the E-News Reader.",Bráulio Miranda Veloso; Renato M. Assunção; Anderson A. Ferreira; Nivio Ziviani,https://doi.org/10.1145/3362695,top,J,no_arxiv,0
2020,ACM TOMM,"Random Playlists Smoothly Commuting Between Styles.",Marcos A. de Almeida; Carolina Coimbra Vieira; Pedro Olmo Stancioli Vaz de Melo; Renato Martins Assunção,https://doi.org/10.1145/3361742,top,J,no_arxiv,0
2024,WWW,"Unraveling the Dynamics of Stable and Curious Audiences in Web Systems.",Rodrigo Alves; Antoine Ledent; Renato Assunção; Pedro O. S. Vaz de Melo; Marius Kloft,https://doi.org/10.1145/3589334.3645473,top,C,no_arxiv,0
2021,Autonomous Robots,"Estimating boundary dynamics using robotic sensor networks with pointwise measurements.",David Saldaña; Renato M. Assunção; M. Ani Hsieh; Mario F. M. Campos; Vijay Kumar 0001,https://doi.org/10.1007/s10514-020-09954-5,null,J,no_arxiv,0
2021,ICRA,"Flocking-Segregative Swarming Behaviors using Gibbs Random Fields.",Paulo A. F. Rezeck; Renato M. Assunção; Luiz Chaimowicz,https://doi.org/10.1109/ICRA48506.2021.9561412,null,C,no_arxiv,0
2021,IROS,"Cooperative Object Transportation using Gibbs Random Fields.",Paulo A. F. Rezeck; Renato M. Assunção; Luiz Chaimowicz,https://doi.org/10.1109/IROS51168.2021.9635928,null,C,http://arxiv.org/abs/2109.13734v1,0
