2023,ER,"The Ontology for Conceptual Characterization of Ontologies.",Beatriz Franco Martins; Renata S. S. Guizzardi; José Fabián Reyes Román; Moshe Hadad; Oscar Pastor 0001,https://doi.org/10.1007/978-3-031-47262-6_6,null,C,no_arxiv,0
2021,Data & Knowl. Eng.,"An ontological analysis of software system anomalies and their associated risks.",Bruno Borlini Duarte; Ricardo de Almeida Falbo; Giancarlo Guizzardi; Renata S. S. Guizzardi; Vítor E. Silva Souza,https://doi.org/10.1016/j.datak.2021.101892,null,J,no_arxiv,0
2021,ER,"Trustworthiness Requirements: The Pix Case Study.",Glenda C. M. Amaral; Renata S. S. Guizzardi; Giancarlo Guizzardi; John Mylopoulos,https://doi.org/10.1007/978-3-030-89022-3_21,null,C,no_arxiv,0
2020,ER,"Ontology-Based Modeling and Analysis of Trustworthiness Requirements: Preliminary Results.",Glenda C. M. Amaral; Renata S. S. Guizzardi; Giancarlo Guizzardi; John Mylopoulos,https://doi.org/10.1007/978-3-030-62522-1_25,null,C,no_arxiv,0
2023,SoSyM,"An ontology-based approach to engineering ethicality requirements.",Renata S. S. Guizzardi; Glenda C. M. Amaral; Giancarlo Guizzardi; John Mylopoulos,https://doi.org/10.1007/s10270-023-01115-3,null,J,no_arxiv,0
