2023,IEEE TCAS,"A Proof-of-Concept of a Multiple-Cell Upsets Detection Method for SRAMs in Space Applications.",Leonardo Heitich Brendler; Hervé Lapuyade; Yann Deval; Frédéric Darracq; Frédéric Fauquet; Ricardo Reis 0001; François Rivet,https://doi.org/10.1109/TCSI.2023.3310876,top,J,no_arxiv,0
2021,IEEE TCAS,"Applying Lightweight Soft Error Mitigation Techniques to Embedded Mixed Precision Deep Neural Networks.",Geancarlo Abich; Jonas Gava; Rafael Garibotti; Ricardo Reis 0001; Luciano Ost,https://doi.org/10.1109/TCSI.2021.3097981,top,J,no_arxiv,0
2020,IEEE TCAS,"Multi-Level Design Influences on Robustness Evaluation of 7nm FinFET Technology.",Leonardo Heitich Brendler; Alexandra L. Zimpeck; Cristina Meinhardt; Ricardo Augusto da Luz Reis,https://doi.org/10.1109/TCSI.2019.2927374,top,J,no_arxiv,0
2020,ICCAD,"Contributions to OpenROAD from Abroad: Experiences and Learnings : Invited Paper.",Mateus Fogaça; Eder Monteiro; Marcelo Danigno; Isadora Oliveira; Paulo F. Butzen; Ricardo Reis 0001,https://doi.org/10.1145/3400302.3415737,top,C,no_arxiv,0
2019,IEEE TCAS,"Using Machine Learning Techniques to Evaluate Multicore Soft Error Reliability.",Felipe Rocha da Rosa 0001; Rafael Garibotti; Luciano Ost; Ricardo Reis 0001,https://doi.org/10.1109/TCSI.2019.2906155,top,J,no_arxiv,0
2019,IEEE TCAS,"A New Nonlinear Global Placement for FPGAs: The Chaotic Place.",Elias de Almeida Ramos; Guilherme Bontorin; Ricardo Reis 0001,https://doi.org/10.1109/TCSI.2019.2903215,top,J,no_arxiv,0
2019,IEEE TCAS,"Transistor Count Reduction by Gate Merging.",Calebe Micael de Oliveira Conceição; Ricardo Augusto da Luz Reis,https://doi.org/10.1109/TCSI.2019.2907722,top,J,no_arxiv,0
2019,ASP-DAC,"Finding placement-relevant clusters with fast modularity-based clustering.",Mateus Fogaça; Andrew B. Kahng; Ricardo Reis 0001; Lutong Wang,https://doi.org/10.1145/3287624.3287676,null,C,no_arxiv,0
