2022,Data & Knowl. Eng.,"A core ontology on the Human-Computer Interaction phenomenon.",Simone Dornelas Costa; Monalessa Perini Barcellos; Ricardo de Almeida Falbo; Tayana Conte; Káthia M. de Oliveira,https://doi.org/10.1016/j.datak.2021.101977,null,J,no_arxiv,0
2021,Data & Knowl. Eng.,"An ontological analysis of software system anomalies and their associated risks.",Bruno Borlini Duarte; Ricardo de Almeida Falbo; Giancarlo Guizzardi; Renata S. S. Guizzardi; Vítor E. Silva Souza,https://doi.org/10.1016/j.datak.2021.101892,null,J,no_arxiv,0
2020,ER,"Towards an Ontology Network on Human-Computer Interaction.",Simone Dornelas Costa; Monalessa Perini Barcellos; Ricardo de Almeida Falbo; Murillo Vasconcelos Henriques Bittencourt Castro,https://doi.org/10.1007/978-3-030-62522-1_24,null,C,no_arxiv,0
2019,ER,"OOC-O: A Reference Ontology on Object-Oriented Code.",Camila Zacché de Aguiar; Ricardo de Almeida Falbo; Vítor E. Silva Souza,https://doi.org/10.1007/978-3-030-33223-5_3,null,C,no_arxiv,0
2019,ER,"Events as Entities in Ontology-Driven Conceptual Modeling.",João Paulo A. Almeida; Ricardo de Almeida Falbo; Giancarlo Guizzardi,https://doi.org/10.1007/978-3-030-33223-5_39,null,C,no_arxiv,0
2021,IST,"From a Scrum Reference Ontology to the Integration of Applications for Data-Driven Software Development.",Paulo Sérgio dos Santos Júnior; Monalessa Perini Barcellos; Ricardo de Almeida Falbo; João Paulo A. Almeida,https://doi.org/10.1016/j.infsof.2021.106570,null,J,no_arxiv,0
