2023,AAAI,"AmnioML: Amniotic Fluid Segmentation and Volume Prediction with Uncertainty Quantification.",Daniel Csillag; Lucas Monteiro Paes; Thiago Ramos; João Vitor Romano; Rodrigo Schuller; Roberto de Beauclair Seixas; Roberto I. Oliveira 0001; Paulo Orenstein,https://doi.org/10.1609/aaai.v37i13.26837,top,C,no_arxiv,0
2022,AISTATS,"ExactBoost: Directly Boosting the Margin in Combinatorial and Non-decomposable Metrics.",Daniel Csillag; Carolina Piazza; Thiago Ramos; João Vitor Romano; Roberto I. Oliveira 0001; Paulo Orenstein,https://proceedings.mlr.press/v151/csillag22a.html,null,C,no_arxiv,0
2024,JMLR,"Split Conformal Prediction and Non-Exchangeable Data.",Roberto I. Oliveira 0001; Paulo Orenstein; Thiago Ramos; João Vitor Romano,https://jmlr.org/papers/v25/23-1553.html,top,J,no_arxiv,0
2023,Math Program,"Sample average approximation with heavier tails I: non-asymptotic bounds with weak assumptions and stochastic constraints.",Roberto I. Oliveira 0001; Philip Thompson,https://doi.org/10.1007/s10107-022-01810-x,null,J,no_arxiv,0
2023,Math Program,"Sample average approximation with heavier tails II: localization in stochastic convex optimization and persistence results for the Lasso.",Roberto I. Oliveira 0001; Philip Thompson,https://doi.org/10.1007/s10107-023-01940-w,null,J,http://arxiv.org/abs/1711.04734v4,0
