2023,Interact. Comput.,"Computational Thinking and Mental Models: Promoting Digital Culture in the Youth and Adult Education.",Júlia S. B. Ortiz; Carolina Moreira; Krissia Menezes; Bernardo Ferrari; Deógenes P. da Silva Junior; Roberto Pereira,https://doi.org/10.1093/iwc/iwac028,null,J,no_arxiv,0
2023,Interact. Comput.,"Dead Users' Profiles on Facebook: Limited Interaction Beyond Human Existence.",Daniele Trevisan; Cristiano Maciel; Vinícius Carvalho Pereira; Roberto Pereira,https://doi.org/10.1093/iwc/iwad003,null,J,no_arxiv,0
2020,IUI,"Personalized gestural interaction applied in a gesture interactive game-based approach for people with disabilities.",Rúbia Eliza de Oliveira Schultz Ascari; Luciano Silva; Roberto Pereira,https://doi.org/10.1145/3377325.3377495,null,C,no_arxiv,0
2022,IST,"Influences of UX factors in the Agile UX context of software startups.",Joelma Choma; Eduardo M. Guerra 0001; Alexandre Alvaro; Roberto Pereira; Luciana A. M. Zaina,https://doi.org/10.1016/j.infsof.2022.107041,null,J,no_arxiv,0
2019,JSS,"Pro-IDTV: A sociotechnical process model for designing IDTV applications.",Samuel B. Buchdid; Roberto Pereira; M. Cecília C. Baranauskas,https://doi.org/10.1016/j.jss.2019.04.078,null,J,no_arxiv,0
