2022,Knowledge-Based Syst.,"How to take advantage of behavioral features for the early detection of grooming in online conversations.",Daniela F. Milon-Flores; Robson L. F. Cordeiro,https://doi.org/10.1016/j.knosys.2021.108017,null,J,no_arxiv,0
2021,Knowledge-Based Syst.,"Effective and unburdensome forecast of highway traffic flow with adaptive computing.",Matheus Aparecido do Carmo Alves; Robson L. F. Cordeiro,https://doi.org/10.1016/j.knosys.2020.106603,null,J,no_arxiv,0
2020,Knowledge-Based Syst.,"Unsupervised dimensionality reduction for very large datasets: Are we going to the right direction?",Jadson José Monteiro Oliveira; Robson Leonardo Ferreira Cordeiro,https://doi.org/10.1016/j.knosys.2020.105777,null,J,no_arxiv,0
2024,ICDE,"Mccatch: Scalable Microcluster Detection in Dimensional and Nondimensional Datasets.",Braulio Valentin Sanchez Vinces; Robson L. F. Cordeiro; Christos Faloutsos,https://doi.org/10.1109/ICDE60146.2024.00116,top,C,http://arxiv.org/abs/2403.08027v1,0
2019,Inf. Systems,"The similarity-aware relational division database operator with case studies in agriculture and genetics.",André S. Gonzaga; Robson L. F. Cordeiro,https://doi.org/10.1016/j.is.2019.01.002,null,J,no_arxiv,0
2020,CIKM,"Fast and Scalable Outlier Detection with Sorted Hypercubes.",Eugênio F. Cabral; Robson L. F. Cordeiro,https://doi.org/10.1145/3340531.3412033,null,C,no_arxiv,0
