2023,Concurrency and Computation,"DONUTS: An efficient method for checkpointing in non-volatile memories.",Kleber Kruger; Ricardo Pannain; Rodolfo Azevedo,https://doi.org/10.1002/cpe.7574,null,J,no_arxiv,0
2022,J. Parallel Distrib. Comput.,"Optically connected memory for disaggregated data centers.",Jorge González; Mauricio G. Palma; Maarten Hattink; Ruth Rubio-Noriega; Lois Orosa 0001; Onur Mutlu; Keren Bergman; Rodolfo Azevedo,https://doi.org/10.1016/j.jpdc.2022.01.013,null,J,http://arxiv.org/abs/2008.10802v1,0
2020,Future Generation CS,"ADeLe: A description language for approximate hardware.",Isaías B. Felzmann; Matheus Martins Susin; Liana Dessandre Duenha; Rodolfo Azevedo; Lucas Francisco Wanner,https://doi.org/10.1016/j.future.2019.07.073,null,J,no_arxiv,0
2020,Future Generation CS,"AxRAM: A lightweight implicit interface for approximate data access.",João Fabrício Filho; Isaías B. Felzmann; Rodolfo Azevedo; Lucas Francisco Wanner,https://doi.org/10.1016/j.future.2020.07.029,null,J,no_arxiv,0
2019,ACM TACO,"AVPP: Address-first Value-next Predictor with Value Prefetching for Improving the Efficiency of Load Value Prediction.",Lois Orosa 0001; Rodolfo Azevedo; Onur Mutlu,https://doi.org/10.1145/3239567,top,J,no_arxiv,0
2019,ITiCSE,"Identifying and Validating Java Misconceptions Toward a CS1 Concept Inventory.",Ricardo Caceffo; Pablo Frank-Bolton; Renan Souza; Rodolfo Azevedo,https://doi.org/10.1145/3304221.3319771,null,C,no_arxiv,0
