2022,IEEE Trans. Net. Service  Mgmt.,"M-PolKA: Multipath Polynomial Key-Based Source Routing for Reliable Communications.",Rafael S. Guimarães; Cristina K. Dominicini; Victor M. Garcia Martinez; Bruno Missi Xavier; Diego R. Mafioletti; Ana C. Locateli; Rodolfo da Silva Villaça; Magnos Martinello; Moisés R. N. Ribeiro,https://doi.org/10.1109/TNSM.2022.3160875,null,J,no_arxiv,0
2021,IM,"Online Learning under Resource Constraints.",Rodolfo da Silva Villaça; Rolf Stadler,https://ieeexplore.ieee.org/document/9464066,null,C,no_arxiv,0
2020,Computer Networks,"KeySFC: Traffic steering using strict source routing for dynamic and efficient network orchestration.",Cristina K. Dominicini; Gilmar L. Vassoler; Rodolfo V. Valentim; Rodolfo da Silva Villaça; Moisés R. N. Ribeiro; Magnos Martinello; Eduardo Zambon,https://doi.org/10.1016/j.comnet.2019.106975,null,J,no_arxiv,0
2020,Computer Comm.,"ProgLab: Programmable labels for QoS provisioning on software defined networks.",Wallas Froes; Lucas Santos; Leobino N. Sampaio; Magnos Martinello; Alextian B. Liberato; Rodolfo da Silva Villaça,https://doi.org/10.1016/j.comcom.2020.07.026,null,J,no_arxiv,0
2019,IEEE Comm. Magazine,"FUTEBOL Control Framework: Enabling Experimentation in Convergent Optical, Wireless, and Cloud Infrastructures.",Cristiano Both; Rafael S. Guimaraes; Frank Slyne; Juliano Araujo Wickboldt; Magnos Martinello; Cristina K. Dominicini; Rafael de Jesus Martins; Yi Zhang; Diego G. Cardoso; Rodolfo da Silva Villaça; Isabella Ceravolo; Reza Nejabati; Johann Márquez-Barja; Marco Ruffini; Luiz A. DaSilva,https://doi.org/10.1109/MCOM.001.1900270,null,J,no_arxiv,0
