2022,Expert Systems Appl.,"POSIMNET-R: An immunologic resilient approach to position routers in Industrial Wireless Sensor Networks.",Carlos Augusto Ribeiro Soares; Rodrigo De Souza Couto; Alexandre Sztajnberg; Jorge Luís Machado do Amaral,https://doi.org/10.1016/j.eswa.2021.116045,null,J,no_arxiv,0
2025,ACM Comput. Surveys,"Early-Exit Deep Neural Network - A Comprehensive Survey.",Haseena Rahmath P; Vishal Srivastava; Kuldeep Chaurasia; Roberto Gonçalves Pacheco; Rodrigo S. Couto 0001,https://doi.org/10.1145/3698767,null,J,no_arxiv,0
2025,Ad Hoc Networks,"Battery life optimization in LoRa networks using spreading factor reallocation.",Ian H. de Andrade; Luís Henrique M. K. Costa; Rodrigo De Souza Couto,https://doi.org/10.1016/j.adhoc.2025.103911,null,J,no_arxiv,0
2025,IEEE Trans. Net. Service  Mgmt.,"UCBEE: A Multi Armed Bandit Approach for Early-Exit in Neural Networks.",Roberto Gonçalves Pacheco; Divya J. Bajpai; Mark Shifrin; Rodrigo S. Couto 0001; Daniel Sadoc Menasché; Manjesh K. Hanawal; Miguel Elias M. Campista,https://doi.org/10.1109/TNSM.2024.3479076,null,J,no_arxiv,0
2023,J. Network Computer App.,"On the impact of deep neural network calibration on adaptive edge offloading for image classification.",Roberto Gonçalves Pacheco; Rodrigo S. Couto 0001; Osvaldo Simeone,https://doi.org/10.1016/j.jnca.2023.103679,null,J,no_arxiv,0
2020,Computer Comm.,"A delay-aware coverage metric for bus-based sensor networks.",Pedro Cruz 0001; Rodrigo S. Couto 0001; Luís Henrique M. K. Costa; Anne Fladenmuller; Marcelo Dias de Amorim,https://doi.org/10.1016/j.comcom.2020.03.043,null,J,no_arxiv,0
