2023,ACM TOCE,"Potential Factors for Retention and Intent to Drop-out in Brazilian Computing Programs.",Rodrigo Duran 0001; Silvia Amélia Bim; Itana M. S. Gimenes; Leila Ribeiro 0001; Ronaldo Celso Messias Correia,https://doi.org/10.1145/3607537,top,J,no_arxiv,0
2022,ACM TOCE,"Through (Tracking) Their Eyes: Abstraction and Complexity in Program Comprehension.",Philipp Kather; Rodrigo Duran 0001; Jan Vahrenhold,https://doi.org/10.1145/3480171,top,J,no_arxiv,0
2022,ACM TOCE,"Cognitive Load Theory in Computing Education Research: A Review.",Rodrigo Duran 0001; Albina Zavgorodniaia; Juha Sorva,https://doi.org/10.1145/3483843,top,J,no_arxiv,0
2021,ACM TOCE,"Rules of Program Behavior.",Rodrigo Duran 0001; Juha Sorva; Otto Seppälä,https://doi.org/10.1145/3469128,top,J,no_arxiv,0
2020,SIGCSE,"Gender Differences in Introductory Programming: Comparing MOOCs and Local Courses.",Rodrigo Duran 0001; Lassi Haaranen; Arto Hellas,https://doi.org/10.1145/3328778.3366852,null,C,no_arxiv,0
2023,EMSE,"Developers talking about code quality.",Jürgen Börstler; Kwabena Ebo Bennin; Sara Hooshangi; Johan Jeuring; Hieke Keuning; Carsten Kleiner; Bonnie K. MacKellar; Rodrigo Duran 0001; Harald Störrle; Daniel Toll; Jelle van Assema,https://doi.org/10.1007/s10664-023-10381-0,null,J,no_arxiv,0
