2021,ECOOP,"Dealing with Variability in API Misuse Specification.",Rodrigo Bonifácio; Stefan Krüger; Krishna Narasimhan; Eric Bodden; Mira Mezini,https://doi.org/10.4230/LIPIcs.ECOOP.2021.19,null,C,http://arxiv.org/abs/2105.04950v2,0
2024,JSEP,"Embracing modern C++ features: An empirical assessment on the KDE community.",Walter Lucas 0001; Fausto Carvalho; Rafael Campos Nunes; Rodrigo Bonifácio; João Saraiva; Paola R. G. Accioly,https://doi.org/10.1002/smr.2605,null,J,no_arxiv,0
2024,JSEP,"Using Design Thinking to break social barriers: An experience report with former inmates.",Edna Dias Canedo; Emille Catarine Rodrigues Cançado; Alana Paula Barbosa Mota; Ian Nery Bandeira; Pedro Henrique Teixeira Costa; Fernanda Lima; Luis Henrique Vieira Amaral; Rodrigo Bonifácio,https://doi.org/10.1002/smr.2648,null,J,no_arxiv,0
2023,JSS,"An Investigation of confusing code patterns in JavaScript.",Adriano Torres; Caio Oliveira; Márcio Vinicius Okimoto; Diego Marcilio; Pedro Queiroga; Fernando Castor; Rodrigo Bonifácio; Edna Dias Canedo; Márcio Ribeiro 0001; Eduardo Monteiro,https://doi.org/10.1016/j.jss.2023.111731,null,J,no_arxiv,0
2023,REJ,"Privacy requirements elicitation: a systematic literature review and perception analysis of IT practitioners.",Edna Dias Canedo; Ian Nery Bandeira; Angélica Toffano Seidel Calazans; Pedro Henrique Teixeira Costa; Emille Catarine Rodrigues Cançado; Rodrigo Bonifácio,https://doi.org/10.1007/s00766-022-00382-8,null,J,no_arxiv,0
2023,TSE,"Runtime Verification of Crypto APIs: An Empirical Study.",Adriano Torres; Pedro Henrique Teixeira Costa; Luis Henrique Vieira Amaral; Jonata Pastro; Rodrigo Bonifácio; Marcelo d'Amorim; Owolabi Legunsen; Eric Bodden; Edna Dias Canedo,https://doi.org/10.1109/TSE.2023.3301660,top,J,no_arxiv,0
2023,ESEM,"Manual Tests Do Smell! Cataloging and Identifying Natural Language Test Smells.",Elvys Soares; Manoel Aranda III; Naelson Oliveira; Márcio Ribeiro 0001; Rohit Gheyi; Emerson Souza; Ivan Machado 0001; André L. M. Santos; Baldoino Fonseca; Rodrigo Bonifácio,https://doi.org/10.1109/ESEM56168.2023.10304800,null,C,http://arxiv.org/abs/2308.01386v1,0
2022,JSS,"Exploring the use of static and dynamic analysis to improve the performance of the mining sandbox approach for android malware identification.",Francisco Handrick da Costa; Ismael Medeiros; Thales Menezes; João Victor da Silva; Ingrid Lorraine da Silva; Rodrigo Bonifácio; Krishna Narasimhan; Márcio Ribeiro 0001,https://doi.org/10.1016/j.jss.2021.111092,null,J,http://arxiv.org/abs/2109.06613v1,0
2020,JSS,"SpongeBugs: Automatically generating fix suggestions in response to static code analysis warnings.",Diego Marcilio; Carlo A. Furia; Rodrigo Bonifácio; Gustavo Pinto 0001,https://doi.org/10.1016/j.jss.2020.110671,null,J,no_arxiv,0
2020,ESEM,"Work Practices and Perceptions from Women Core Developers in OSS Communities.",Edna Dias Canedo; Rodrigo Bonifácio; Márcio Vinicius Okimoto; Alexander Serebrenik; Gustavo Pinto 0001; Eduardo Monteiro,https://doi.org/10.1145/3382494.3410682,null,C,http://arxiv.org/abs/2007.13891v1,0
2020,ICSME,"How (Not) to Find Bugs: The Interplay Between Merge Conflicts, Co-Changes, and Bugs.",Luis Henrique Vieira Amaral; Marcos César de Oliveira 0001; Welder Pinheiro Luz; José Fortes; Rodrigo Bonifácio; Daniel Alencar; Eduardo Monteiro; Gustavo Pinto 0001; David Lo 0001,https://doi.org/10.1109/ICSME46990.2020.00049,null,C,no_arxiv,0
2020,ICSME,"Improving Bug Localization by Mining Crash Reports: An Industrial Study.",Marcos Medeiros; Uirá Kulesza; Rodrigo Bonifácio; Eiji Adachi Barbosa; Roberta Coelho,https://doi.org/10.1109/ICSME46990.2020.00086,null,C,no_arxiv,0
2020,SANER,"C-3PR: A Bot for Fixing Static Analysis Violations via Pull Requests.",Antonio Carvalho; Welder Pinheiro Luz; Diego Marcilio; Rodrigo Bonifácio; Gustavo Pinto 0001; Edna Dias Canedo,https://doi.org/10.1109/SANER48275.2020.9054842,null,C,no_arxiv,0
2019,JSS,"Adopting DevOps in the real world: A theory, a model, and a case study.",Welder Pinheiro Luz; Gustavo Pinto 0001; Rodrigo Bonifácio,https://doi.org/10.1016/j.jss.2019.07.083,null,J,no_arxiv,0
2019,JSS,"Finding needles in a haystack: Leveraging co-change dependencies to recommend refactorings.",Marcos César de Oliveira 0001; Davi Freitas; Rodrigo Bonifácio; Gustavo Pinto 0001; David Lo 0001,https://doi.org/10.1016/j.jss.2019.110420,null,J,no_arxiv,0
2019,ICPC,"Are static analysis violations really fixed?: a closer look at realistic usage of SonarQube.",Diego Marcilio; Rodrigo Bonifácio; Eduardo Monteiro; Edna Dias Canedo; Welder Pinheiro Luz; Gustavo Pinto 0001,https://doi.org/10.1109/ICPC.2019.00040,null,C,no_arxiv,0
