2023,Applied Soft Comput.,"eXplainable Ensemble Strategy using distinct and restrict learning biases: A case study on the Brazilian Forest.",Tatiane Nogueira Rios; Ricardo Araújo Rios; Rodrigo Fernandes de Mello,https://doi.org/10.1016/j.asoc.2022.109976,null,J,no_arxiv,0
2021,Applied Soft Comput.,"Using fuzzy clustering to address imprecision and uncertainty present in deterministic components of time series.",Marcos Vinícius dos Santos Ferreira; Ricardo Araújo Rios; Rodrigo Fernandes de Mello; Tatiane Nogueira Rios,https://doi.org/10.1016/j.asoc.2021.108011,null,J,no_arxiv,0
2021,Expert Systems Appl.,"Coarse-refinement dilemma: On generalization bounds for data clustering.",Yule Vaz; Rodrigo Fernandes de Mello; Carlos Henrique Grossi Ferreira,https://doi.org/10.1016/j.eswa.2021.115399,null,J,no_arxiv,0
2021,Soft Computing,"Cross-modality co-attention networks for visual question answering.",Dezhi Han; Shuli Zhou; Kuan-Ching Li; Rodrigo Fernandes de Mello,https://doi.org/10.1007/s00500-020-05539-7,null,J,no_arxiv,0
2019,Expert Systems Appl.,"On learning guarantees to unsupervised concept drift detection on data streams.",Rodrigo Fernandes de Mello; Yule Vaz; Carlos Henrique Grossi Ferreira; Albert Bifet,https://doi.org/10.1016/j.eswa.2018.08.054,null,J,no_arxiv,0
2019,Expert Systems Appl.,"Measuring the Shattering coefficient of Decision Tree models.",Rodrigo Fernandes de Mello; Chaitanya Manapragada; Albert Bifet,https://doi.org/10.1016/j.eswa.2019.07.012,null,J,no_arxiv,0
2023,ACM Comput. Surveys,"A Survey on Semi-supervised Learning for Delayed Partially Labelled Data Streams.",Heitor Murilo Gomes; Maciej Grzenda; Rodrigo Fernandes de Mello; Jesse Read; Minh-Huong Le Nguyen; Albert Bifet,https://doi.org/10.1145/3523055,null,J,no_arxiv,0
2022,Inf. Sciences,"Autonomous CNN (AutoCNN): A data-driven approach to network architecture determination.",Abhay M. S. Aradhya; Andri Ashfahani; Fienny Angelina; Mahardhika Pratama; Rodrigo Fernandes de Mello; Suresh Sundaram 0002,https://doi.org/10.1016/j.ins.2022.05.100,null,J,no_arxiv,0
2019,BigData,"Feature Scoring using Tree-Based Ensembles for Evolving Data Streams.",Heitor Murilo Gomes; Rodrigo Fernandes de Mello; Bernhard Pfahringer; Albert Bifet,https://doi.org/10.1109/BigData47090.2019.9006366,null,C,no_arxiv,0
