2023,Neural Computing Applications,"An error correction system for sea surface temperature prediction.",Ricardo de A. Araújo; Paulo S. G. de Mattos Neto; Nadia Nedjah; Sérgio Castelo Branco Soares,https://doi.org/10.1007/s00521-023-08311-8,null,J,no_arxiv,0
2021,IST,"Grey Literature in Software Engineering: A critical review.",Fernando Kamei; Igor Wiese; Crescencio Lima; Ivanilton Polato; Vilmar Nepomuceno; Waldemar Ferreira; Márcio Ribeiro 0001; Carolline Pena; Bruno Cartaxo; Gustavo Pinto 0001; Sérgio Soares,https://doi.org/10.1016/j.infsof.2021.106609,null,J,http://arxiv.org/abs/2104.13435v2,0
2021,ESEM,"What Evidence We Would Miss If We Do Not Use Grey Literature?",Fernando Kamei; Gustavo Pinto 0001; Igor Wiese; Márcio Ribeiro 0001; Sérgio Soares,https://doi.org/10.1145/3475716.3475777,null,C,http://arxiv.org/abs/2107.05792v4,0
2019,IST,"PrioriTTVs: A process aimed at supporting researchers to prioritize threats to validity and their mitigation actions when planning controlled experiments in SE.",Eudis Teixeira; Liliane Fonseca; Bruno Cartaxo; Sérgio Soares,https://doi.org/10.1016/j.infsof.2019.07.008,null,J,no_arxiv,0
2019,ESEM,"Software Engineering Research Community Viewpoints on Rapid Reviews.",Bruno Cartaxo; Gustavo Pinto 0001; Baldoino Fonseca; Márcio Ribeiro 0001; Pedro Pinheiro; Maria Teresa Baldassarre; Sérgio Soares,https://doi.org/10.1109/ESEM.2019.8870144,null,C,http://arxiv.org/abs/1906.11351v1,0
2019,ASE,"Semistructured Merge in JavaScript Systems.",Alberto Trindade Tavares; Paulo Borba; Guilherme Cavalcanti; Sérgio Soares,https://doi.org/10.1109/ASE.2019.00098,top,C,no_arxiv,0
