2024,ACM Comput. Surveys,"A Comprehensive Review and New Taxonomy on Superpixel Segmentation.",Isabela Borlido Barcelos; Felipe de Castro Belém; Leonardo de Melo Joao; Zenilton Kleber G. do Patrocínio Jr.; Alexandre Xavier Falcão; Silvio Jamil Ferzoli Guimarães,https://doi.org/10.1145/3652509,null,J,no_arxiv,0
2021,Multimedia Tools Appl.,"Hierarchical multi-label propagation using speaking face graphs for multimodal person discovery.",Gabriel Barbosa da Fonseca; Gabriel Sargent; Ronan Sicre; Zenilton K. G. do Patrocínio; Guillaume Gravier; Silvio Jamil Ferzoli Guimarães,https://doi.org/10.1007/s11042-020-09692-x,null,J,no_arxiv,0
2023,PRL,"Graph-based image gradients aggregated with random forests.",Raquel Almeida 0001; Ewa Kijak; Simon Malinowski; Zenilton Kleber G. do Patrocínio Jr.; Arnaldo de Albuquerque Araújo; Silvio Jamil Ferzoli Guimarães,https://doi.org/10.1016/j.patrec.2022.08.015,null,J,no_arxiv,0
2020,PR,"Image segmentation using dense and sparse hierarchies of superpixels.",Felipe Lemes Galvão; Silvio Jamil Ferzoli Guimarães; Alexandre Xavier Falcão,https://doi.org/10.1016/j.patcog.2020.107532,null,J,no_arxiv,0
2020,PRL,"Hierarchical segmentation from a non-increasing edge observation attribute.",Edward J. Y. Cayllahua Cahuina; Jean Cousty; Silvio Jamil Ferzoli Guimarães; Yukiko Kenmochi; Guillermo Cámara Chávez; Arnaldo de Albuquerque Araújo,https://doi.org/10.1016/j.patrec.2019.12.014,null,J,no_arxiv,0
2020,PRL,"Efficient hierarchical graph partitioning for image segmentation by optimum oriented cuts.",Hans Harley Ccacyahuillca Bejar; Silvio Jamil Ferzoli Guimarães; Paulo A. V. Miranda,https://doi.org/10.1016/j.patrec.2020.01.008,null,J,no_arxiv,0
2020,PRL,"Learning to realign hierarchy for image segmentation.",Milena M. Adão; Silvio Jamil Ferzoli Guimarães; Zenilton Kleber Gonçalves do Patrocínio Jr.,https://doi.org/10.1016/j.patrec.2020.03.010,null,J,no_arxiv,0
2019,PRL,"Removing non-significant regions in hierarchical clustering and segmentation.",Benjamin Perret; Jean Cousty; Silvio Jamil Ferzoli Guimarães; Yukiko Kenmochi; Laurent Najman,https://doi.org/10.1016/j.patrec.2019.10.008,null,J,no_arxiv,0
