2023,Interact. Comput.,"HCI Research Experiences During the Pandemic: Lessons Learned for the Road Ahead.",Claiton Marques Correa; Gabriel Diniz Junqueira Barbosa; Simone Diniz Junqueira Barbosa; Milene Selbach Silveira,https://doi.org/10.1093/iwc/iwac036,null,J,no_arxiv,0
2023,INTERACT,"Exploring the Experiences of People Who Inherited Digital Assets from Deceased Users: A Search for Better Computing Solutions.",Maria Fernanda Lira; Cristiano Maciel; Daniele Trevisan; Vinícius Carvalho Pereira; Simone D. J. Barbosa; Flavia Beppu,https://doi.org/10.1007/978-3-031-42286-7_28,null,C,no_arxiv,0
2021,VL/HCC,"Exploring the impact of classification probabilities on users' trust in ambiguous instances.",Dalai dos Santos Ribeiro; Gabriel Diniz Junqueira Barbosa; Marisa Do Carmo Silva; Hélio Lopes 0001; Simone Diniz Junqueira Barbosa,https://doi.org/10.1109/VL/HCC51201.2021.9576291,null,J,no_arxiv,0
2022,Inf. Systems,"Extracting value from Brazilian Court decisions.",William Paulo Ducca Fernandes; Isabella Zalcberg Frajhof; Guilherme da Franca Couto Fernandes de Almeida; Ariane Moraes Bueno Rodrigues; Simone Diniz Junqueira Barbosa; Carlos Nelson Konder; Rafael Nasser; Gustavo Robichez de Carvalho; Hélio Côrtes Vieira Lopes,https://doi.org/10.1016/j.is.2021.101965,null,J,no_arxiv,0
2020,Inf. Systems,"Eras: Improving the quality control in the annotation process for Natural Language Processing tasks.",Jonatas S. Grosman; Pedro Henrique Thompson Furtado; Ariane M. B. Rodrigues; Guilherme G. Schardong; Simone D. J. Barbosa; Hélio Côrtes Vieira Lopes,https://doi.org/10.1016/j.is.2020.101553,null,J,no_arxiv,0
2021,Computers & Graphics,"What questions reveal about novices' attempts to make sense of data visualizations: Patterns and misconceptions.",Ariane Moraes Bueno Rodrigues; Gabriel Diniz Junqueira Barbosa; Hélio Côrtes Vieira Lopes; Simone Diniz Junqueira Barbosa,https://doi.org/10.1016/j.cag.2020.09.015,null,J,no_arxiv,0
2019,Computers & Graphics,"Visual exploration of an ensemble of classifiers.",Paula Ceccon Ribeiro; Guilherme G. Schardong; Simone D. J. Barbosa; Clarisse Sieckenius de Souza; Hélio Lopes 0001,https://doi.org/10.1016/j.cag.2019.08.012,null,J,no_arxiv,0
2023,IST,"Lessons learned to improve the UX practices in agile projects involving data science and process automation.",Bruna Ferreira; Silvio Marques; Marcos Kalinowski; Hélio Lopes 0001; Simone D. J. Barbosa,https://doi.org/10.1016/j.infsof.2022.107106,null,J,http://arxiv.org/abs/2211.13827v1,0
2023,IST,"A systematic mapping study and practitioner insights on the use of software engineering practices to develop MVPs.",Silvio Alonso; Marcos Kalinowski; Bruna Ferreira; Simone D. J. Barbosa; Hélio Lopes 0001,https://doi.org/10.1016/j.infsof.2022.107144,null,J,no_arxiv,0
