2021,Concurrency and Computation,"Structural testing for communication events into loops of message-passing parallel programs.",Sílvia M. D. Diaz; Paulo S. L. Souza; Simone R. S. Souza,https://doi.org/10.1002/cpe.6082,null,J,no_arxiv,0
2024,Concurr. & Computation,"Structural testing for CUDA programming model.",Helder J. F. Luz; Paulo S. L. Souza; Simone R. S. Souza,https://doi.org/10.1002/cpe.8105,null,J,no_arxiv,0
2023,Concurr. & Computation,"Bio-inspired optimization to support the test data generation of concurrent software.",Ricardo Ferreira Vilela; João Choma Neto; Victor Hugo Santiago Costa Pinto; Paulo Sergio Lopes de Souza; Simone do Rócio Senger de Souza,https://doi.org/10.1002/cpe.7489,null,J,no_arxiv,0
2019,CCGrid,"A Preliminary Fault Taxonomy for Multi-tenant SaaS Systems.",Victor Hugo Santiago C. Pinto; Simone R. S. Souza; Paulo S. L. Souza,https://doi.org/10.1109/CCGRID.2019.00032,null,C,no_arxiv,0
2022,SQJ,"Integration testing for robotic systems.",Maria A. S. Brito; Simone R. S. Souza; Paulo S. L. Souza,https://doi.org/10.1007/s11219-020-09535-w,null,J,no_arxiv,0
2019,IST,"Empirical research on concurrent software testing: A systematic mapping study.",Silvana M. Melo; Jeffrey C. Carver; Paulo S. L. Souza; Simone R. S. Souza,https://doi.org/10.1016/j.infsof.2018.08.017,null,J,no_arxiv,0
