2025,Discrete Applied Math.,"New results on edge-coloring and total-coloring of split graphs.",Fernanda Couto; Diego Amaro Ferraz; Sulamita Klein,https://doi.org/10.1016/j.dam.2024.09.008,null,J,no_arxiv,0
2025,Discrete Applied Math.,"On the absolute and relative oriented clique problems' time complexity.",Erika M. M. Coelho; Hebert Coelho; Luérbio Faria; Mateus de Paula Ferreira; Sulamita Klein,https://doi.org/10.1016/j.dam.2025.02.039,null,J,no_arxiv,0
2023,Discrete Mathematics,"Partitions and well-coveredness: The graph sandwich problem.",Sancrey Rodrigues Alves; Fernanda Couto; Luérbio Faria; Sylvain Gravier; Sulamita Klein; Uéverton S. Souza,https://doi.org/10.1016/j.disc.2022.113253,null,J,no_arxiv,0
2020,Discrete Applied Math.,"Characterizations, probe and sandwich problems on (k, ℓ)-cographs.",Fernanda Couto; Luérbio Faria; Sylvain Gravier; Sulamita Klein; Vinícius Fernandes dos Santos,https://doi.org/10.1016/j.dam.2020.04.002,null,J,no_arxiv,0
2020,Discrete Applied Math.,"Maximum cuts in edge-colored graphs.",Luérbio Faria; Sulamita Klein; Ignasi Sau; Uéverton S. Souza; Rubens Sucupira,https://doi.org/10.1016/j.dam.2019.02.038,null,J,no_arxiv,0
2020,LATIN,"Graph Sandwich Problem for the Property of Being Well-Covered and Partitionable into k Independent Sets and ℓ Cliques.",Sancrey Rodrigues Alves; Fernanda Couto; Luérbio Faria; Sylvain Gravier; Sulamita Klein; Uéverton S. Souza,https://doi.org/10.1007/978-3-030-61792-9_46,null,C,no_arxiv,0
