2024,Applied Soft Comput.,"Sigmoidal learning rate optimizer for deep neural network training using a two-phase adaptation approach.",David Macêdo; Cleber Zanchettin; Teresa Bernarda Ludermir,https://doi.org/10.1016/j.asoc.2024.112264,null,J,no_arxiv,0
2022,Applied Soft Comput.,"Towards a parameterless out-of-the-box population size control for evolutionary and swarm-based algorithms for single objective bound constrained real-parameter numerical optimization.",Marcelo Gomes Pereira de Lacerda; Hugo de Andrade Amorim Neto; Teresa Bernarda Ludermir; Herbert Kuchen; Fernando Buarque de Lima Neto,https://doi.org/10.1016/j.asoc.2022.108920,null,J,no_arxiv,0
2022,Applied Soft Comput.,"Combining PPO and incremental conductance for MPPT under dynamic shading and temperature.",Sérgio F. Chevtchenko; Eduardo J. Barbosa; Marcelo Cabral Cavalcanti; Gustavo Medeiros de Souza Azevedo; Teresa Bernarda Ludermir,https://doi.org/10.1016/j.asoc.2022.109748,null,J,no_arxiv,0
2022,IEEE Trans. Neural Netw. Learn. Syst.,"Entropic Out-of-Distribution Detection: Seamless Detection of Unknown Examples.",David Macêdo; Tsang Ing Ren; Cleber Zanchettin; Adriano L. I. Oliveira; Teresa Bernarda Ludermir,https://doi.org/10.1109/TNNLS.2021.3112897,top,J,no_arxiv,0
2021,Neural Networks,"Combining STDP and binary networks for reinforcement learning from images and sparse rewards.",Sérgio F. Chevtchenko; Teresa Bernarda Ludermir,https://doi.org/10.1016/j.neunet.2021.09.010,null,J,no_arxiv,0
2020,IEEE Trans. Neural Netw. Learn. Syst.,"Implementing Any Nonlinear Quantum Neuron.",Fernando M. de Paula Neto; Teresa Bernarda Ludermir; Wilson Rosa de Oliveira; Adenilton J. da Silva,https://doi.org/10.1109/TNNLS.2019.2938899,top,J,no_arxiv,0
2019,Expert Systems Appl.,"Enhancing batch normalized convolutional networks using displaced rectifier linear units: A systematic comparative study.",David Macêdo; Cleber Zanchettin; Adriano L. I. Oliveira; Teresa Bernarda Ludermir,https://doi.org/10.1016/j.eswa.2019.01.066,null,J,no_arxiv,0
2019,Neurocomputing,"Quantum probabilistic associative memory architecture.",Fernando M. de Paula Neto; Adenilton J. da Silva; Wilson Rosa de Oliveira; Teresa Bernarda Ludermir,https://doi.org/10.1016/j.neucom.2019.03.078,null,J,no_arxiv,0
2020,Theor. Comput. Sci.,"An evolutionary algorithm for automated machine learning focusing on classifier ensembles: An improved algorithm and extended results.",João Carlos Xavier Junior; Alex Alves Freitas; Teresa Bernarda Ludermir; Antonino Feitosa Neto; Cephas A. S. Barreto,https://doi.org/10.1016/j.tcs.2019.12.002,null,J,no_arxiv,0
2019,JVCI,"Natural image segmentation with non-extensive mixture models.",Dusan Stosic; Darko Stosic; Teresa Bernarda Ludermir; Tsang Ing Ren,https://doi.org/10.1016/j.jvcir.2019.102598,null,J,no_arxiv,0
