2024,Expert Systems Appl.,"Integrating social media data: Venues, groups and activities.",Thiago H. Silva 0001; Mark S. Fox,https://doi.org/10.1016/j.eswa.2023.122902,null,J,no_arxiv,0
2019,ACM Comput. Surveys,"Urban Computing Leveraging Location-Based Social Network Data: A Survey.",Thiago Henrique Silva; Aline Carneiro Viana; Fabrício Benevenuto; Leandro Villas; Juliana F. S. Salles; Antonio A. F. Loureiro; Daniele Quercia,https://doi.org/10.1145/3301284,null,J,no_arxiv,0
2020,ACM TOIS,"OutdoorSent: Sentiment Analysis of Urban Outdoor Images by Using Semantic and Deep Features.",Wyverson Bonasoli de Oliveira; Leyza Baldo Dorini; Rodrigo Minetto; Thiago Henrique Silva,https://doi.org/10.1145/3385186,top,J,http://arxiv.org/abs/1906.02331v4,0
2020,CLOUD,"PONCHE: Personalized and Context-Aware Vehicle Rerouting Service.",Lucas Zanco Ladeira; Allan Mariano de Souza; Thiago Henrique Silva; Richard W. Pazzi; Leandro A. Villas,https://doi.org/10.1109/CLOUD49709.2020.00040,null,C,no_arxiv,0
2020,Computer Comm.,"Uncovering spatiotemporal and semantic aspects of tourists mobility using social sensing.",Ana Paula Gomes Ferreira; Thiago Henrique Silva; Antonio A. F. Loureiro,https://doi.org/10.1016/j.comcom.2020.06.005,null,J,http://arxiv.org/abs/2005.09033v1,0
