2023,ACM Comput. Surveys,"3D Scene Geometry Estimation from 360° Imagery: A Survey.",Thiago L. T. da Silveira; Paulo G. L. Pinto; Jeffri Murrugarra-Llerena; Cláudio R. Jung,https://doi.org/10.1145/3519021,null,J,no_arxiv,0
2024,The Visual Computer,"Triangular matrix-based lossless compression algorithm for 3D mesh connectivity.",Dennis Giovani Balreira; Thiago L. T. da Silveira,https://doi.org/10.1007/s00371-024-03400-8,null,J,no_arxiv,0
2023,Computers & Graphics,"Omnidirectional visual computing: Foundations, challenges, and applications.",Thiago L. T. da Silveira; Cláudio R. Jung,https://doi.org/10.1016/j.cag.2023.05.011,null,J,no_arxiv,0
2019,VR,"Dense 3D Scene Reconstruction from Multiple Spherical Images for 3-DoF+ VR Applications.",Thiago L. T. da Silveira; Cláudio R. Jung,https://doi.org/10.1109/VR.2019.8798281,null,C,no_arxiv,0
2023,JVCI,"Omnidirectional 2.5D representation for COVID-19 diagnosis using chest CTs.",Thiago L. T. da Silveira; Paulo G. L. Pinto; Thiago S. Lermen; Cláudio R. Jung,https://doi.org/10.1016/j.jvcir.2023.103775,null,J,no_arxiv,0
2022,IEEE TCSVT,"A Class of Low-Complexity DCT-Like Transforms for Image and Video Coding.",Thiago L. T. da Silveira; Diego Ramos Canterle; Diego F. G. Coelho; Vítor de A. Coutinho; Fábio M. Bayer; Renato J. Cintra,https://doi.org/10.1109/TCSVT.2021.3134054,null,J,no_arxiv,0
2021,IEEE TIP,"A Hierarchical Superpixel-Based Approach for DIBR View Synthesis.",Adriano Q. de Oliveira; Thiago L. T. da Silveira; Marcelo Walter; Cláudio R. Jung,https://doi.org/10.1109/TIP.2021.3092817,null,J,no_arxiv,0
2019,CVPR,"Perturbation Analysis of the 8-Point Algorithm: A Case Study for Wide FoV Cameras.",Thiago L. T. da Silveira; Cláudio R. Jung,http://openaccess.thecvf.com/content_CVPR_2019/html/da_Silveira_Perturbation_Analysis_of_the_8-Point_Algorithm_A_Case_Study_for_CVPR_2019_paper.html,top,C,no_arxiv,0
