2025,AAAI,"Free Lunch in the Forest: Functionally-Identical Pruning of Boosted Tree Ensembles.",Youssouf Emine; Alexandre Forel; Idriss Malek; Thibaut Vidal,https://doi.org/10.1609/aaai.v39i16.33811,top,C,no_arxiv,0
2023,AAAI,"Optimal Decision Diagrams for Classification.",Alexandre M. Florio; Pedro Martins; Maximilian Schiffer; Thiago Serra; Thibaut Vidal,https://doi.org/10.1609/aaai.v37i6.25920,top,C,http://arxiv.org/abs/2205.14500v1,0
2024,NIPS/NeurIPS,"DistrictNet: Decision-aware learning for geographical districting.",Cheikh Ahmed; Alexandre Forel; Axel Parmentier; Thibaut Vidal,http://papers.nips.cc/paper_files/paper/2024/hash/e878c8f38381d0964677fb9536c494ee-Abstract-Conference.html,top,C,no_arxiv,0
2023,ICML,"Explainable Data-Driven Optimization: From Context to Decision and Back Again.",Alexandre Forel; Axel Parmentier; Thibaut Vidal,https://proceedings.mlr.press/v202/forel23a.html,top,C,no_arxiv,0
2022,Inf. Sciences,"Semi-supervised clustering with inaccurate pairwise annotations.",Daniel Gribel; Michel Gendreau; Thibaut Vidal,https://doi.org/10.1016/j.ins.2022.05.035,null,J,no_arxiv,0
2021,ICML,"Optimal Counterfactual Explanations in Tree Ensembles.",Axel Parmentier; Thibaut Vidal,http://proceedings.mlr.press/v139/parmentier21a.html,top,C,http://arxiv.org/abs/2106.06631v2,0
2020,ICML,"Born-Again Tree Ensembles.",Thibaut Vidal; Maximilian Schiffer,http://proceedings.mlr.press/v119/vidal20a.html,top,C,no_arxiv,0
2025,Computers & OR,"Influence optimization in networks: New formulations and valid inequalities.",Vinicius Ferreira; Artur Alves Pessoa; Thibaut Vidal,https://doi.org/10.1016/j.cor.2024.106857,null,J,http://arxiv.org/abs/2209.13065v1,0
2025,EJOR,"A survey of contextual optimization methods for decision-making under uncertainty.",Utsav Sadana; Abhilash Reddy Chenreddy; Erick Delage; Alexandre Forel; Emma Frejinger; Thibaut Vidal,https://doi.org/10.1016/j.ejor.2024.03.020,null,J,no_arxiv,0
2025,J Global Opt,"Support vector machines with the hard-margin loss: optimal training via combinatorial Benders' cuts.",Ítalo Santana; Breno Serrano; Maximilian Schiffer; Thibaut Vidal,https://doi.org/10.1007/s10898-025-01483-8,null,J,no_arxiv,0
2025,SIAM J Opt,"Adaptive Partitioning for Chance-Constrained Problems with Finite Support.",Marius Roland; Alexandre Forel; Thibaut Vidal,https://doi.org/10.1137/24m1632772,null,J,no_arxiv,0
2024,EJOR,"Bilevel optimization for feature selection in the data-driven newsvendor problem.",Breno Serrano; Stefan Minner; Maximilian Schiffer; Thibaut Vidal,https://doi.org/10.1016/j.ejor.2024.01.025,null,J,no_arxiv,0
2024,Transp. Science,"Solving a Continent-Scale Inventory Routing Problem at Renault.",Louis Bouvier; Guillaume Dalle; Axel Parmentier; Thibaut Vidal,https://doi.org/10.1287/trsc.2022.0342,null,J,no_arxiv,0
2024,Transp. Science,"Special Section on DIMACS Implementation Challenge: Vehicle Routing and The EURO Meets NeurIPS 2022 Vehicle Routing Competition.",Claudia Archetti; Eduardo Uchoa; Thibaut Vidal,https://doi.org/10.1287/trsc.2024.intro.v58.n4,null,J,no_arxiv,0
2023,EJOR,"Recent advances in vehicle routing with stochastic demands: Bayesian learning for correlated demands and elementary branch-price-and-cut.",Alexandre M. Florio; Michel Gendreau; Richard F. Hartl; Stefan Minner; Thibaut Vidal,https://doi.org/10.1016/j.ejor.2022.10.045,null,J,no_arxiv,0
2023,INFORMS J Compt,"Decomposition Strategies for Vehicle Routing Heuristics.",Alberto Santini; Michael Schneider 0004; Thibaut Vidal; Daniele Vigo,https://doi.org/10.1287/ijoc.2023.1288,top,J,no_arxiv,0
2023,Transp. Science,"Exponential-Size Neighborhoods for the Pickup-and-Delivery Traveling Salesman Problem.",Toni Pacheco; Rafael Martinelli; Anand Subramanian 0001; Túlio A. M. Toffolo; Thibaut Vidal,https://doi.org/10.1287/trsc.2022.1176,null,J,no_arxiv,0
2023,Transp. Science,"Electric Vehicle Fleets: Scalable Route and Recharge Scheduling Through Column Generation.",Axel Parmentier; Rafael Martinelli; Thibaut Vidal,https://doi.org/10.1287/trsc.2023.1199,null,J,http://arxiv.org/abs/2104.03823v2,0
2022,Computers & OR,"Hybrid genetic search for the CVRP: Open-source implementation and SWAP* neighborhood.",Thibaut Vidal,https://doi.org/10.1016/j.cor.2021.105643,null,J,no_arxiv,0
2022,Transp. Science,"Vehicle Routing with Stochastic Demands and Partial Reoptimization.",Alexandre M. Florio; Dominique Feillet; Marcus Poggi; Thibaut Vidal,https://doi.org/10.1287/trsc.2022.1129,null,J,http://arxiv.org/abs/2201.08866v1,0
2021,Computers & OR,"A simple and effective hybrid genetic search for the job sequencing and tool switching problem.",Jordana Mecler; Anand Subramanian 0001; Thibaut Vidal,https://doi.org/10.1016/j.cor.2020.105153,null,J,http://arxiv.org/abs/1910.10021v1,0
2021,Transp. Science,"Arc Routing with Time-Dependent Travel Times and Paths.",Thibaut Vidal; Rafael Martinelli; Tuan Anh Pham; Minh Hoàng Hà,https://doi.org/10.1287/trsc.2020.1035,null,J,no_arxiv,0
2020,EJOR,"Industrial and tramp ship routing problems: Closing the gap for real-scale instances.",Gabriel Homsi; Rafael Martinelli; Thibaut Vidal; Kjetil Fagerholt,https://doi.org/10.1016/j.ejor.2019.11.068,null,J,no_arxiv,0
2020,EJOR,"A concise guide to existing and emerging vehicle routing problem variants.",Thibaut Vidal; Gilbert Laporte; Piotr Matl,https://doi.org/10.1016/j.ejor.2019.10.010,null,J,http://arxiv.org/abs/1906.06750v2,0
2020,EJOR,"The vehicle routing problem with arrival time diversification on a multigraph.",Adria Soriano; Thibaut Vidal; Margaretha Gansterer; Karl Doerner,https://doi.org/10.1016/j.ejor.2020.03.061,null,J,no_arxiv,0
2020,EJOR,"On the exact solution of vehicle routing problems with backhauls.",Eduardo Queiroga; Yuri Frota; Ruslan Sadykov; Anand Subramanian 0001; Eduardo Uchoa; Thibaut Vidal,https://doi.org/10.1016/j.ejor.2020.04.047,null,J,no_arxiv,0
2020,INFORMS J Compt,"Mathematical Models and Search Algorithms for the Capacitated -Center Problem.",Raphael Kramer; Manuel Iori; Thibaut Vidal,https://doi.org/10.1287/ijoc.2019.0889,top,J,no_arxiv,0
2024,PR,"Regularization and optimization in model-based clustering.",Raphael Araujo Sampaio; Joaquim Dias Garcia; Marcus Poggi; Thibaut Vidal,https://doi.org/10.1016/j.patcog.2024.110310,null,J,no_arxiv,0
2024,PR,"Community detection in the stochastic block model by mixed integer programming.",Breno Serrano; Thibaut Vidal,https://doi.org/10.1016/j.patcog.2024.110487,null,J,http://arxiv.org/abs/2101.12336v2,0
2021,PR,"PILS: Exploring high-order neighborhoods by pattern mining and injection.",Florian Arnold; Ítalo Santana; Kenneth Sörensen; Thibaut Vidal,https://doi.org/10.1016/j.patcog.2021.107957,null,J,no_arxiv,0
