2024,Expert Systems Appl.,"Accelerating discoveries in medicine using distributed vector representations of words.",Matheus V. V. Berto; Breno L. Freitas; Carolina Scarton; João A. Machado-Neto; Tiago A. Almeida 0001,https://doi.org/10.1016/j.eswa.2024.123566,null,J,no_arxiv,0
2022,Knowledge-Based Syst.,"Multi-level out-of-vocabulary words handling approach.",Johannes V. Lochter; Renato Moraes Silva; Tiago A. Almeida 0001,https://doi.org/10.1016/j.knosys.2022.108911,null,J,no_arxiv,0
2020,Applied Soft Comput.,"ML-MDLText: An efficient and lightweight multilabel text classifier with incremental learning.",Marciele M. Bittencourt; Renato Moraes Silva; Tiago A. Almeida 0001,https://doi.org/10.1016/j.asoc.2020.106699,null,J,no_arxiv,0
2020,Expert Systems Appl.,"Towards automatically filtering fake news in Portuguese.",Renato Moraes Silva; Roney L. S. Santos; Tiago A. Almeida 0001; Thiago A. S. Pardo,https://doi.org/10.1016/j.eswa.2020.113199,null,J,no_arxiv,0
2020,Knowledge-Based Syst.,"Gaussian Mixture Descriptors Learner.",Breno L. Freitas; Renato Moraes Silva; Tiago A. Almeida 0001,https://doi.org/10.1016/j.knosys.2019.105039,null,J,no_arxiv,0
