2022,IEEE Trans. Neural Netw. Learn. Syst.,"Entropic Out-of-Distribution Detection: Seamless Detection of Unknown Examples.",David L. Macêdo; Tsang Ing Ren; Cleber Zanchettin; Adriano L. I. Oliveira; Teresa Bernarda Ludermir,https://doi.org/10.1109/TNNLS.2021.3112897,top,J,no_arxiv,0
2020,Soft Computing,"Perturbation-based classifier.",Edson L. Araújo; George D. C. Cavalcanti; Tsang Ing Ren,https://doi.org/10.1007/s00500-020-04960-2,null,J,no_arxiv,0
2020,ACM TOG,"Single image HDR reconstruction using a CNN with masked features and perceptual loss.",Marcel Santana Santos; Tsang Ing Ren; Nima Khademi Kalantari,https://doi.org/10.1145/3386569.3392403,top,J,http://arxiv.org/abs/2005.07335v1,0
2021,PRL,"Variational DNN embeddings for text-independent speaker verification.",Hector N. B. Pinheiro; Tsang Ing Ren; André Gustavo Adami; George D. C. Cavalcanti,https://doi.org/10.1016/j.patrec.2021.05.003,null,J,no_arxiv,0
2020,IEEE TIP,"Burst Ranking for Blind Multi-Image Deblurring.",Fidel Alejandro Guerrero Peña; Pedro Diamel Marrero Fernández; Tsang Ing Ren; Jorge de Jesus Gomes Leandro; Ricardo Massahiro Nishihara,https://doi.org/10.1109/TIP.2019.2936073,null,J,no_arxiv,0
