2022,IEEE Trans. Neural Netw. Learn. Syst.,"Entropic Out-of-Distribution Detection: Seamless Detection of Unknown Examples.",David Macêdo; Tsang Ing Ren; Cleber Zanchettin; Adriano L. I. Oliveira; Teresa Bernarda Ludermir,https://doi.org/10.1109/TNNLS.2021.3112897,top,J,no_arxiv,0
2020,Soft Computing,"Perturbation-based classifier.",Edson L. Araújo; George D. C. Cavalcanti; Tsang Ing Ren,https://doi.org/10.1007/s00500-020-04960-2,null,J,no_arxiv,0
2019,Applied Soft Comput.,"Combining binary classifiers in different dichotomy spaces for text categorization.",Roberto H. W. Pinheiro; George D. C. Cavalcanti; Ing Ren Tsang,https://doi.org/10.1016/j.asoc.2018.12.023,null,J,no_arxiv,0
2020,ACM TOG,"Single image HDR reconstruction using a CNN with masked features and perceptual loss.",Marcel Santana Santos; Tsang Ing Ren; Nima Khademi Kalantari,https://doi.org/10.1145/3386569.3392403,top,J,http://arxiv.org/abs/2005.07335v1,0
2021,PRL,"Variational DNN embeddings for text-independent speaker verification.",Hector N. B. Pinheiro; Tsang Ing Ren; André Gustavo Adami; George D. C. Cavalcanti,https://doi.org/10.1016/j.patrec.2021.05.003,null,J,no_arxiv,0
2020,IEEE TIP,"Burst Ranking for Blind Multi-Image Deblurring.",Fidel Alejandro Guerrero Peña; Pedro Diamel Marrero Fernández; Tsang Ing Ren; Jorge de Jesus Gomes Leandro; Ricardo Massahiro Nishihara,https://doi.org/10.1109/TIP.2019.2936073,null,J,no_arxiv,0
2019,IMAVIS,"Fast and robust multiple ColorChecker detection using deep convolutional neural networks.",Pedro D. Marrero-Fernández; Fidel A. Guerrero-Peña; Tsang Ing Ren; Jorge J. G. Leandro,https://doi.org/10.1016/j.imavis.2018.11.001,null,J,http://arxiv.org/abs/1810.08639v1,0
2019,JVCI,"Natural image segmentation with non-extensive mixture models.",Dusan Stosic; Darko Stosic; Teresa Bernarda Ludermir; Tsang Ing Ren,https://doi.org/10.1016/j.jvcir.2019.102598,null,J,no_arxiv,0
