2024,Computers & OR,"A fix-and-optimize heuristic for the Unrelated Parallel Machine Scheduling Problem.",George H. G. Fonseca; Guilherme B. Figueiroa; Túlio A. M. Toffolo,https://doi.org/10.1016/j.cor.2023.106504,null,J,no_arxiv,0
2023,Transp. Science,"Exponential-Size Neighborhoods for the Pickup-and-Delivery Traveling Salesman Problem.",Toni Pacheco; Rafael Martinelli; Anand Subramanian 0001; Túlio A. M. Toffolo; Thibaut Vidal,https://doi.org/10.1287/trsc.2022.1176,null,J,no_arxiv,0
2022,Annals OR,"Weapon-target assignment problem: exact and approximate solution algorithms.",Alexandre Colaers Andersen; Konstantin Pavlikov; Túlio A. M. Toffolo,https://doi.org/10.1007/s10479-022-04525-6,null,J,no_arxiv,0
2022,EJOR,"The vessel swap-body routing problem.",Vinícius Gandra Martins Santos; Hatice Çalik; Túlio A. M. Toffolo; Marco Antonio Moreira de Carvalho; Greet Vanden Berghe,https://doi.org/10.1016/j.ejor.2022.02.015,null,J,no_arxiv,0
2022,ITOR,"The double traveling salesman problem with partial last-in-first-out loading constraints.",Jonatas B. C. Chagas; Túlio A. M. Toffolo; Marcone J. F. Souza; Manuel Iori,https://doi.org/10.1111/itor.12876,null,J,no_arxiv,0
