2022,Fuzzy Sets and Systems,"Prelinearity in (quasi-)Nelson logic.",Tommaso Flaminio; Umberto Rivieccio,https://doi.org/10.1016/j.fss.2022.03.021,null,J,no_arxiv,0
2022,Soft Computing,"Quasi-N4-lattices.",Umberto Rivieccio,https://doi.org/10.1007/s00500-021-06719-9,null,J,no_arxiv,0
2022,Soft Computing,"Logics of involutive Stone algebras.",Sérgio Marcelino; Umberto Rivieccio,https://doi.org/10.1007/s00500-022-06736-2,null,J,http://arxiv.org/abs/2102.05455v2,0
2021,Fuzzy Sets and Systems,"Inflationary BL-algebras obtained from 2-dimensional general overlap functions.",Rui Paiva 0001; Regivan H. N. Santiago; Benjamín R. C. Bedregal; Umberto Rivieccio,https://doi.org/10.1016/j.fss.2020.12.018,null,J,no_arxiv,0
2021,Soft Computing,"A duality for two-sorted lattices.",Umberto Rivieccio; Achim Jung,https://doi.org/10.1007/s00500-020-05482-7,null,J,no_arxiv,0
2020,Soft Computing,"Representation of De Morgan and (Semi-)Kleene Lattices.",Umberto Rivieccio,https://doi.org/10.1007/s00500-020-04885-w,null,J,no_arxiv,0
2024,MSCS,"Adding an implication to logics of perfect paradefinite algebras.",Vitor Greati; Sérgio Marcelino; João Marcos 0001; Umberto Rivieccio,https://doi.org/10.1017/s0960129524000227,null,J,http://arxiv.org/abs/2309.06764v2,0
2024,WoLLIC,"(In)consistency Operators on Quasi-Nelson Algebras.",Umberto Rivieccio; Aldo Figallo Orellano,https://doi.org/10.1007/978-3-031-62687-6_12,null,C,no_arxiv,0
2021,MSCS,"Quasi-Nelson algebras and fragments.",Umberto Rivieccio; Ramon Jansana,https://doi.org/10.1017/S0960129521000049,null,J,no_arxiv,0
