2023,Algorithmica,"Parameterized Complexity of Computing Maximum Minimal Blocking and Hitting Sets.",Júlio Araújo 0001; Marin Bougeret; Victor A. Campos; Ignasi Sau,https://doi.org/10.1007/s00453-022-01036-5,null,J,http://arxiv.org/abs/2102.03404v1,0
2023,Algorithmica,"On Finding the Best and Worst Orientations for the Metric Dimension.",Júlio Araújo 0001; Julien Bensmail; Victor A. Campos; Frédéric Havet; Ana Karolinna Maia; Nicolas Nisse; Ana Silva 0001,https://doi.org/10.1007/s00453-023-01132-0,null,J,no_arxiv,0
2023,ESA,"New Menger-Like Dualities in Digraphs and Applications to Half-Integral Linkages.",Victor A. Campos; Jonas Costa; Raul Lopes 0001; Ignasi Sau,https://doi.org/10.4230/LIPIcs.ESA.2023.30,null,C,no_arxiv,0
2023,WG,"Deciding the Erdős-Pósa Property in 3-Connected Digraphs.",Julien Bensmail; Victor A. Campos; Ana Karolinna Maia; Nicolas Nisse; Ana Silva 0001,https://doi.org/10.1007/978-3-031-43380-1_5,null,C,no_arxiv,0
2022,Algorithmica,"Introducing lop-Kernels: A Framework for Kernelization Lower Bounds.",Júlio Araújo 0001; Marin Bougeret; Victor A. Campos; Ignasi Sau,https://doi.org/10.1007/s00453-022-00979-z,null,J,http://arxiv.org/abs/2102.02484v3,0
2022,SIAM J. Discrete Mathematics,"Adapting the Directed Grid Theorem into an FPT Algorithm.",Victor A. Campos; Raul Lopes 0001; Ana Karolinna Maia; Ignasi Sau,https://doi.org/10.1137/21m1452664,null,J,http://arxiv.org/abs/2007.07738v2,0
2020,Algorithmica,"On the Complexity of Finding Internally Vertex-Disjoint Long Directed Paths.",Júlio Araújo 0001; Victor A. Campos; Ana Karolinna Maia; Ignasi Sau; Ana Silva 0001,https://doi.org/10.1007/s00453-019-00659-5,null,J,no_arxiv,0
2020,Algorithmica,"Dual Parameterization of Weighted Coloring.",Júlio Araújo 0001; Victor A. Campos; Carlos Vinícius G. C. Lima; Vinícius Fernandes dos Santos; Ignasi Sau; Ana Silva 0001,https://doi.org/10.1007/s00453-020-00686-7,null,J,http://arxiv.org/abs/1805.06699v1,0
