2021,Fuzzy Sets and Systems,"A survey of categorical properties of L-fuzzy relations.",Maigan S. da S. Alcântara; Thiago Dias Oliveira Silva; Wilson Rosa de Oliveira; Sílvio de Barros Melo,https://doi.org/10.1016/j.fss.2021.03.014,null,J,no_arxiv,0
2021,Neural Networks,"Quantum neuron with real weights.",Cláudio A. Monteiro; Gustavo I. S. Filho; Matheus Hopper J. Costa; Fernando M. de Paula Neto; Wilson Rosa de Oliveira,https://doi.org/10.1016/j.neunet.2021.07.034,null,J,no_arxiv,0
2020,Neurocomputing,"Parametric Probabilistic Quantum Memory.",Rodrigo S. Sousa; Priscila G. M. dos Santos; Tiago Mendonça Lucena de Veras; Wilson Rosa de Oliveira; Adenilton J. da Silva,https://doi.org/10.1016/j.neucom.2020.01.116,null,J,http://arxiv.org/abs/2001.04798v1,0
2020,IEEE Trans. Neural Netw. Learn. Syst.,"Implementing Any Nonlinear Quantum Neuron.",Fernando M. de Paula Neto; Teresa Bernarda Ludermir; Wilson Rosa de Oliveira; Adenilton J. da Silva,https://doi.org/10.1109/TNNLS.2019.2938899,top,J,no_arxiv,0
2019,Neurocomputing,"Quantum probabilistic associative memory architecture.",Fernando M. de Paula Neto; Adenilton J. da Silva; Wilson Rosa de Oliveira; Teresa Bernarda Ludermir,https://doi.org/10.1016/j.neucom.2019.03.078,null,J,no_arxiv,0
