2020,Communications ACM,"A perspective on theoretical computer science in Latin America.",Marcos Kiwi; Yoshiharu Kohayakawa; Sergio Rajsbaum; Francisco Rodríguez-Henríquez; Jayme Luiz Szwarcfiter; Alfredo Viola,https://doi.org/10.1145/3419975,null,J,no_arxiv,0
2023,Discrete Mathematics,"The anti-Ramsey threshold of complete graphs.",Yoshiharu Kohayakawa; Guilherme Oliveira Mota; Olaf Parczyk; Jakob Schnitzer,https://doi.org/10.1016/j.disc.2023.113343,null,J,no_arxiv,0
2023,J. of Graph Theory,"The mod k $k$ chromatic index of graphs is O ( k ) $O(k)$.",Fábio Botler; Lucas Colucci; Yoshiharu Kohayakawa,https://doi.org/10.1002/jgt.22866,null,J,no_arxiv,0
2023,J. of Graph Theory,"The mod k $k$ chromatic index of random graphs.",Fábio Botler; Lucas Colucci; Yoshiharu Kohayakawa,https://doi.org/10.1002/jgt.22946,null,J,no_arxiv,0
2022,Random Struct. Algorithms,"Factors in randomly perturbed hypergraphs.",Yulin Chang; Jie Han 0002; Yoshiharu Kohayakawa; Patrick Morris 0001; Guilherme Oliveira Mota,https://doi.org/10.1002/rsa.21035,null,J,http://arxiv.org/abs/2008.01031v2,0
2021,J. of Graph Theory,"Finding any given 2-factor in sparse pseudorandom graphs efficiently.",Jie Han 0002; Yoshiharu Kohayakawa; Patrick Morris 0001; Yury Person,https://doi.org/10.1002/jgt.22576,null,J,http://arxiv.org/abs/1902.06164v1,0
2021,SIAM J. Discrete Mathematics,"On the Query Complexity of Estimating the Distance to Hereditary Graph Properties.",Carlos Hoppen; Yoshiharu Kohayakawa; Richard Lang; Hanno Lefmann; Henrique Stagni,https://doi.org/10.1137/19M1283951,null,J,http://arxiv.org/abs/1912.01081v2,0
2021,SIAM J. Discrete Mathematics,"Covering 3-Edge-Colored Random Graphs with Monochromatic Trees.",Yoshiharu Kohayakawa; Walner Mendonça; Guilherme Oliveira Mota; Bjarne Schülke,https://doi.org/10.1137/20M137464X,null,J,no_arxiv,0
2021,SIAM J. Discrete Mathematics,"Orientation Ramsey Thresholds for Cycles and Cliques.",Gabriel Ferreira Barros; Bruno Pasqualotto Cavalar; Yoshiharu Kohayakawa; Tássio Naia,https://doi.org/10.1137/20M1386463,null,J,http://arxiv.org/abs/2012.08632v1,0
2020,Random Struct. Algorithms,"Counting restricted orientations of random graphs.",Maurício Collares Neto; Yoshiharu Kohayakawa; Robert Morris 0001; Guilherme Oliveira Mota,https://doi.org/10.1002/rsa.20904,null,J,http://arxiv.org/abs/1811.03080v2,0
