2022,Expert Systems Appl.,"Robust microgrid energy trading and scheduling under budgeted uncertainty.",Mario Levorato 0001; Rosa Figueiredo 0001; Yuri Frota,https://doi.org/10.1016/j.eswa.2022.117471,null,J,no_arxiv,0
2020,Soft Computing,"A new approach for the rainbow spanning forest problem.",Jorge Moreno; Simone Martins; Yuri Frota,https://doi.org/10.1007/s00500-019-04145-6,null,J,no_arxiv,0
2022,J. Grid Comput.,"A Provenance-based Execution Strategy for Variant GPU-accelerated Scientific Workflows in Clouds.",Murilo B. Stockinger; Marcos A. Guerine; Ubiratam de Paula Junior; Filipe Santiago; Yuri Frota; Isabel Rosseti; Alexandre Plastino 0001; Daniel de Oliveira 0001,https://doi.org/10.1007/s10723-022-09625-y,null,J,no_arxiv,0
2024,Annals OR,"Efficient solutions to the m-machine robust flow shop under budgeted uncertainty.",Mario Levorato 0001; David Sotelo; Rosa Figueiredo 0001; Yuri Frota,https://doi.org/10.1007/s10479-023-05661-3,null,J,no_arxiv,0
2023,Computers & OR,"Robust permutation flow shop total weighted completion time problem: Solution and application to the oil and gas industry.",Mario Levorato 0001; David Sotelo; Rosa Figueiredo 0001; Yuri Frota,https://doi.org/10.1016/j.cor.2022.106117,null,J,no_arxiv,0
2022,EJOR,"Exact solutions for the two-machine robust flow shop with budgeted uncertainty.",Mario Levorato 0001; Rosa Figueiredo 0001; Yuri Frota,https://doi.org/10.1016/j.ejor.2021.10.021,null,J,no_arxiv,0
2021,J Global Opt,"Integer programming formulations and efficient local search for relaxed correlation clustering.",Eduardo Queiroga; Anand Subramanian 0001; Rosa Figueiredo 0001; Yuri Frota,https://doi.org/10.1007/s10898-020-00989-7,null,J,no_arxiv,0
2020,EJOR,"On the exact solution of vehicle routing problems with backhauls.",Eduardo Queiroga; Yuri Frota; Ruslan Sadykov; Anand Subramanian 0001; Eduardo Uchoa; Thibaut Vidal,https://doi.org/10.1016/j.ejor.2020.04.047,null,J,no_arxiv,0
2019,Networks,"A note on the rainbow cycle cover problem.",Jorge Moreno; Simone Martins; Yuri Frota,https://doi.org/10.1002/net.21833,null,J,no_arxiv,0
2019,Discrete Applied Math.,"A branch-and-cut algorithm for the maximum k-balanced subgraph of a signed graph.",Rosa Figueiredo 0001; Yuri Frota; Martine Labbé,https://doi.org/10.1016/j.dam.2018.11.022,null,J,no_arxiv,0
